#
# TABLE STRUCTURE FOR: actors
#

DROP TABLE IF EXISTS `actors`;

CREATE TABLE `actors` (
  `id` int(10) unsigned NOT NULL AUTO_INCREMENT COMMENT 'Идентификатор строки',
  `actor_first_name` varchar(100) COLLATE utf8mb4_unicode_ci NOT NULL COMMENT 'Имя актера',
  `actor_last_name` varchar(100) COLLATE utf8mb4_unicode_ci NOT NULL COMMENT 'Фамилия актера',
  `created_at` datetime DEFAULT current_timestamp() COMMENT 'Время создания строки',
  `updated_at` datetime DEFAULT current_timestamp() ON UPDATE current_timestamp() COMMENT 'Время обновления строки',
  PRIMARY KEY (`id`)
) ENGINE=InnoDB AUTO_INCREMENT=101 DEFAULT CHARSET=utf8mb4 COLLATE=utf8mb4_unicode_ci COMMENT='Актеры';

INSERT INTO `actors` (`id`, `actor_first_name`, `actor_last_name`, `created_at`, `updated_at`) VALUES (1, 'Milan', 'McKenzie', '1974-08-11 00:00:00', '1987-09-28 00:00:00');
INSERT INTO `actors` (`id`, `actor_first_name`, `actor_last_name`, `created_at`, `updated_at`) VALUES (2, 'Callie', 'Marvin', '1991-12-30 00:00:00', '2005-07-23 00:00:00');
INSERT INTO `actors` (`id`, `actor_first_name`, `actor_last_name`, `created_at`, `updated_at`) VALUES (3, 'Liana', 'Howe', '2015-11-18 00:00:00', '1989-03-10 00:00:00');
INSERT INTO `actors` (`id`, `actor_first_name`, `actor_last_name`, `created_at`, `updated_at`) VALUES (4, 'Jessy', 'Orn', '2016-11-08 00:00:00', '2004-01-23 00:00:00');
INSERT INTO `actors` (`id`, `actor_first_name`, `actor_last_name`, `created_at`, `updated_at`) VALUES (5, 'Caleigh', 'Dibbert', '2015-12-24 00:00:00', '2001-06-01 00:00:00');
INSERT INTO `actors` (`id`, `actor_first_name`, `actor_last_name`, `created_at`, `updated_at`) VALUES (6, 'Rusty', 'VonRueden', '1971-10-14 00:00:00', '1991-08-09 00:00:00');
INSERT INTO `actors` (`id`, `actor_first_name`, `actor_last_name`, `created_at`, `updated_at`) VALUES (7, 'Sherman', 'Padberg', '2009-01-18 00:00:00', '1992-11-15 00:00:00');
INSERT INTO `actors` (`id`, `actor_first_name`, `actor_last_name`, `created_at`, `updated_at`) VALUES (8, 'Al', 'Beier', '2012-12-15 00:00:00', '1996-10-29 00:00:00');
INSERT INTO `actors` (`id`, `actor_first_name`, `actor_last_name`, `created_at`, `updated_at`) VALUES (9, 'Reina', 'Kreiger', '1975-03-06 00:00:00', '1993-12-09 00:00:00');
INSERT INTO `actors` (`id`, `actor_first_name`, `actor_last_name`, `created_at`, `updated_at`) VALUES (10, 'Dulce', 'Carroll', '1977-05-01 00:00:00', '1999-11-06 00:00:00');
INSERT INTO `actors` (`id`, `actor_first_name`, `actor_last_name`, `created_at`, `updated_at`) VALUES (11, 'Judd', 'Hirthe', '2006-08-13 00:00:00', '1986-04-03 00:00:00');
INSERT INTO `actors` (`id`, `actor_first_name`, `actor_last_name`, `created_at`, `updated_at`) VALUES (12, 'Johnnie', 'DuBuque', '1990-05-18 00:00:00', '2013-12-14 00:00:00');
INSERT INTO `actors` (`id`, `actor_first_name`, `actor_last_name`, `created_at`, `updated_at`) VALUES (13, 'Alisa', 'Wuckert', '2000-07-09 00:00:00', '2010-05-12 00:00:00');
INSERT INTO `actors` (`id`, `actor_first_name`, `actor_last_name`, `created_at`, `updated_at`) VALUES (14, 'Cade', 'Jacobi', '1984-02-23 00:00:00', '1992-05-27 00:00:00');
INSERT INTO `actors` (`id`, `actor_first_name`, `actor_last_name`, `created_at`, `updated_at`) VALUES (15, 'Jalon', 'Fritsch', '1976-06-10 00:00:00', '2015-10-04 00:00:00');
INSERT INTO `actors` (`id`, `actor_first_name`, `actor_last_name`, `created_at`, `updated_at`) VALUES (16, 'Alva', 'Schroeder', '2000-01-16 00:00:00', '1992-02-18 00:00:00');
INSERT INTO `actors` (`id`, `actor_first_name`, `actor_last_name`, `created_at`, `updated_at`) VALUES (17, 'Mustafa', 'Bogisich', '2001-12-15 00:00:00', '1990-03-14 00:00:00');
INSERT INTO `actors` (`id`, `actor_first_name`, `actor_last_name`, `created_at`, `updated_at`) VALUES (18, 'Cameron', 'Gleichner', '2009-03-18 00:00:00', '1972-04-09 00:00:00');
INSERT INTO `actors` (`id`, `actor_first_name`, `actor_last_name`, `created_at`, `updated_at`) VALUES (19, 'Collin', 'Boehm', '1974-08-22 00:00:00', '1980-06-12 00:00:00');
INSERT INTO `actors` (`id`, `actor_first_name`, `actor_last_name`, `created_at`, `updated_at`) VALUES (20, 'Buford', 'Ullrich', '1976-09-01 00:00:00', '1995-12-18 00:00:00');
INSERT INTO `actors` (`id`, `actor_first_name`, `actor_last_name`, `created_at`, `updated_at`) VALUES (21, 'Brianne', 'Stracke', '1991-11-20 00:00:00', '1973-05-17 00:00:00');
INSERT INTO `actors` (`id`, `actor_first_name`, `actor_last_name`, `created_at`, `updated_at`) VALUES (22, 'Krystal', 'Gleichner', '2009-08-28 00:00:00', '1978-06-16 00:00:00');
INSERT INTO `actors` (`id`, `actor_first_name`, `actor_last_name`, `created_at`, `updated_at`) VALUES (23, 'Alyson', 'Blick', '1994-07-09 00:00:00', '2010-08-15 00:00:00');
INSERT INTO `actors` (`id`, `actor_first_name`, `actor_last_name`, `created_at`, `updated_at`) VALUES (24, 'Clare', 'Corkery', '1989-11-28 00:00:00', '1973-07-16 00:00:00');
INSERT INTO `actors` (`id`, `actor_first_name`, `actor_last_name`, `created_at`, `updated_at`) VALUES (25, 'Kennedi', 'Schaden', '1977-03-29 00:00:00', '1998-07-10 00:00:00');
INSERT INTO `actors` (`id`, `actor_first_name`, `actor_last_name`, `created_at`, `updated_at`) VALUES (26, 'Cecelia', 'Kris', '1974-10-08 00:00:00', '2006-12-28 00:00:00');
INSERT INTO `actors` (`id`, `actor_first_name`, `actor_last_name`, `created_at`, `updated_at`) VALUES (27, 'Rogers', 'Franecki', '1973-10-17 00:00:00', '1974-10-29 00:00:00');
INSERT INTO `actors` (`id`, `actor_first_name`, `actor_last_name`, `created_at`, `updated_at`) VALUES (28, 'Kennedi', 'Bartell', '1976-07-14 00:00:00', '2005-08-19 00:00:00');
INSERT INTO `actors` (`id`, `actor_first_name`, `actor_last_name`, `created_at`, `updated_at`) VALUES (29, 'Jorge', 'Mann', '1985-12-28 00:00:00', '2019-07-07 00:00:00');
INSERT INTO `actors` (`id`, `actor_first_name`, `actor_last_name`, `created_at`, `updated_at`) VALUES (30, 'Adalberto', 'Luettgen', '2005-10-03 00:00:00', '1983-02-06 00:00:00');
INSERT INTO `actors` (`id`, `actor_first_name`, `actor_last_name`, `created_at`, `updated_at`) VALUES (31, 'Terrill', 'Mante', '1987-09-27 00:00:00', '2013-12-17 00:00:00');
INSERT INTO `actors` (`id`, `actor_first_name`, `actor_last_name`, `created_at`, `updated_at`) VALUES (32, 'Constantin', 'Kertzmann', '1973-11-30 00:00:00', '1987-02-23 00:00:00');
INSERT INTO `actors` (`id`, `actor_first_name`, `actor_last_name`, `created_at`, `updated_at`) VALUES (33, 'Mallie', 'Mayer', '1979-10-31 00:00:00', '1996-10-30 00:00:00');
INSERT INTO `actors` (`id`, `actor_first_name`, `actor_last_name`, `created_at`, `updated_at`) VALUES (34, 'Micah', 'Renner', '1992-07-26 00:00:00', '1982-08-11 00:00:00');
INSERT INTO `actors` (`id`, `actor_first_name`, `actor_last_name`, `created_at`, `updated_at`) VALUES (35, 'Meghan', 'Lakin', '1988-09-08 00:00:00', '1977-05-15 00:00:00');
INSERT INTO `actors` (`id`, `actor_first_name`, `actor_last_name`, `created_at`, `updated_at`) VALUES (36, 'Josiane', 'Yost', '1988-05-14 00:00:00', '2002-08-10 00:00:00');
INSERT INTO `actors` (`id`, `actor_first_name`, `actor_last_name`, `created_at`, `updated_at`) VALUES (37, 'Amira', 'Goldner', '2019-01-18 00:00:00', '1971-10-04 00:00:00');
INSERT INTO `actors` (`id`, `actor_first_name`, `actor_last_name`, `created_at`, `updated_at`) VALUES (38, 'Edwin', 'Anderson', '2011-11-24 00:00:00', '1991-02-10 00:00:00');
INSERT INTO `actors` (`id`, `actor_first_name`, `actor_last_name`, `created_at`, `updated_at`) VALUES (39, 'Helmer', 'Wintheiser', '1970-12-14 00:00:00', '2012-05-18 00:00:00');
INSERT INTO `actors` (`id`, `actor_first_name`, `actor_last_name`, `created_at`, `updated_at`) VALUES (40, 'Name', 'Boyer', '1976-01-05 00:00:00', '1995-01-20 00:00:00');
INSERT INTO `actors` (`id`, `actor_first_name`, `actor_last_name`, `created_at`, `updated_at`) VALUES (41, 'Bell', 'Satterfield', '1972-02-09 00:00:00', '1996-01-01 00:00:00');
INSERT INTO `actors` (`id`, `actor_first_name`, `actor_last_name`, `created_at`, `updated_at`) VALUES (42, 'Queen', 'Von', '1971-06-02 00:00:00', '2006-08-24 00:00:00');
INSERT INTO `actors` (`id`, `actor_first_name`, `actor_last_name`, `created_at`, `updated_at`) VALUES (43, 'Selina', 'Treutel', '1987-07-23 00:00:00', '2007-04-06 00:00:00');
INSERT INTO `actors` (`id`, `actor_first_name`, `actor_last_name`, `created_at`, `updated_at`) VALUES (44, 'Daphne', 'Cronin', '2011-09-05 00:00:00', '1979-10-20 00:00:00');
INSERT INTO `actors` (`id`, `actor_first_name`, `actor_last_name`, `created_at`, `updated_at`) VALUES (45, 'Teresa', 'Schuster', '1978-06-14 00:00:00', '1971-06-02 00:00:00');
INSERT INTO `actors` (`id`, `actor_first_name`, `actor_last_name`, `created_at`, `updated_at`) VALUES (46, 'Grady', 'Nikolaus', '2008-04-10 00:00:00', '1974-02-11 00:00:00');
INSERT INTO `actors` (`id`, `actor_first_name`, `actor_last_name`, `created_at`, `updated_at`) VALUES (47, 'Jonathon', 'Wilderman', '1998-12-28 00:00:00', '2006-08-02 00:00:00');
INSERT INTO `actors` (`id`, `actor_first_name`, `actor_last_name`, `created_at`, `updated_at`) VALUES (48, 'Eugene', 'Spinka', '1992-02-14 00:00:00', '1992-08-01 00:00:00');
INSERT INTO `actors` (`id`, `actor_first_name`, `actor_last_name`, `created_at`, `updated_at`) VALUES (49, 'Monique', 'Rogahn', '1993-04-03 00:00:00', '2000-04-08 00:00:00');
INSERT INTO `actors` (`id`, `actor_first_name`, `actor_last_name`, `created_at`, `updated_at`) VALUES (50, 'Donna', 'Jacobson', '2000-05-05 00:00:00', '1977-03-20 00:00:00');
INSERT INTO `actors` (`id`, `actor_first_name`, `actor_last_name`, `created_at`, `updated_at`) VALUES (51, 'Leslie', 'Jones', '1987-07-10 00:00:00', '1987-11-08 00:00:00');
INSERT INTO `actors` (`id`, `actor_first_name`, `actor_last_name`, `created_at`, `updated_at`) VALUES (52, 'Jonathon', 'Roob', '2020-11-13 00:00:00', '1991-09-14 00:00:00');
INSERT INTO `actors` (`id`, `actor_first_name`, `actor_last_name`, `created_at`, `updated_at`) VALUES (53, 'Lina', 'Dare', '2010-07-13 00:00:00', '1974-01-01 00:00:00');
INSERT INTO `actors` (`id`, `actor_first_name`, `actor_last_name`, `created_at`, `updated_at`) VALUES (54, 'Angelo', 'Lubowitz', '1993-11-12 00:00:00', '1970-02-16 00:00:00');
INSERT INTO `actors` (`id`, `actor_first_name`, `actor_last_name`, `created_at`, `updated_at`) VALUES (55, 'Roselyn', 'Champlin', '1985-02-09 00:00:00', '1978-05-28 00:00:00');
INSERT INTO `actors` (`id`, `actor_first_name`, `actor_last_name`, `created_at`, `updated_at`) VALUES (56, 'Crystel', 'Nitzsche', '2019-07-19 00:00:00', '2017-02-03 00:00:00');
INSERT INTO `actors` (`id`, `actor_first_name`, `actor_last_name`, `created_at`, `updated_at`) VALUES (57, 'Tyrese', 'Yundt', '2009-06-17 00:00:00', '1972-01-04 00:00:00');
INSERT INTO `actors` (`id`, `actor_first_name`, `actor_last_name`, `created_at`, `updated_at`) VALUES (58, 'Isaac', 'Harber', '2015-11-05 00:00:00', '2019-11-05 00:00:00');
INSERT INTO `actors` (`id`, `actor_first_name`, `actor_last_name`, `created_at`, `updated_at`) VALUES (59, 'Abraham', 'Bosco', '1997-04-23 00:00:00', '2015-01-31 00:00:00');
INSERT INTO `actors` (`id`, `actor_first_name`, `actor_last_name`, `created_at`, `updated_at`) VALUES (60, 'Domenic', 'Pacocha', '2017-10-25 00:00:00', '1980-10-28 00:00:00');
INSERT INTO `actors` (`id`, `actor_first_name`, `actor_last_name`, `created_at`, `updated_at`) VALUES (61, 'Rigoberto', 'Nolan', '2016-10-26 00:00:00', '1980-07-28 00:00:00');
INSERT INTO `actors` (`id`, `actor_first_name`, `actor_last_name`, `created_at`, `updated_at`) VALUES (62, 'Louisa', 'Mante', '2003-04-04 00:00:00', '1978-04-30 00:00:00');
INSERT INTO `actors` (`id`, `actor_first_name`, `actor_last_name`, `created_at`, `updated_at`) VALUES (63, 'Santos', 'Okuneva', '1973-03-17 00:00:00', '2002-12-11 00:00:00');
INSERT INTO `actors` (`id`, `actor_first_name`, `actor_last_name`, `created_at`, `updated_at`) VALUES (64, 'Haskell', 'Reichel', '1970-11-10 00:00:00', '1986-08-19 00:00:00');
INSERT INTO `actors` (`id`, `actor_first_name`, `actor_last_name`, `created_at`, `updated_at`) VALUES (65, 'Norberto', 'Feil', '1985-05-06 00:00:00', '2014-06-10 00:00:00');
INSERT INTO `actors` (`id`, `actor_first_name`, `actor_last_name`, `created_at`, `updated_at`) VALUES (66, 'Hank', 'Littel', '1989-07-04 00:00:00', '1990-05-17 00:00:00');
INSERT INTO `actors` (`id`, `actor_first_name`, `actor_last_name`, `created_at`, `updated_at`) VALUES (67, 'Carroll', 'Bahringer', '2013-08-23 00:00:00', '2008-08-04 00:00:00');
INSERT INTO `actors` (`id`, `actor_first_name`, `actor_last_name`, `created_at`, `updated_at`) VALUES (68, 'Cecile', 'Halvorson', '1974-06-04 00:00:00', '1974-10-24 00:00:00');
INSERT INTO `actors` (`id`, `actor_first_name`, `actor_last_name`, `created_at`, `updated_at`) VALUES (69, 'Otis', 'Lesch', '1974-03-12 00:00:00', '2015-10-19 00:00:00');
INSERT INTO `actors` (`id`, `actor_first_name`, `actor_last_name`, `created_at`, `updated_at`) VALUES (70, 'Amani', 'Lesch', '1997-04-04 00:00:00', '2018-12-23 00:00:00');
INSERT INTO `actors` (`id`, `actor_first_name`, `actor_last_name`, `created_at`, `updated_at`) VALUES (71, 'Ruthe', 'Mitchell', '1988-03-13 00:00:00', '2020-08-01 00:00:00');
INSERT INTO `actors` (`id`, `actor_first_name`, `actor_last_name`, `created_at`, `updated_at`) VALUES (72, 'Leon', 'Ullrich', '1978-04-22 00:00:00', '1988-10-29 00:00:00');
INSERT INTO `actors` (`id`, `actor_first_name`, `actor_last_name`, `created_at`, `updated_at`) VALUES (73, 'Peggie', 'Mante', '2013-05-30 00:00:00', '1981-02-16 00:00:00');
INSERT INTO `actors` (`id`, `actor_first_name`, `actor_last_name`, `created_at`, `updated_at`) VALUES (74, 'Rebeka', 'Morar', '2011-09-29 00:00:00', '2016-05-11 00:00:00');
INSERT INTO `actors` (`id`, `actor_first_name`, `actor_last_name`, `created_at`, `updated_at`) VALUES (75, 'Yvonne', 'DuBuque', '2000-10-08 00:00:00', '1975-04-25 00:00:00');
INSERT INTO `actors` (`id`, `actor_first_name`, `actor_last_name`, `created_at`, `updated_at`) VALUES (76, 'Alta', 'Bayer', '1991-11-04 00:00:00', '2018-06-22 00:00:00');
INSERT INTO `actors` (`id`, `actor_first_name`, `actor_last_name`, `created_at`, `updated_at`) VALUES (77, 'Creola', 'Walter', '2008-08-09 00:00:00', '2002-04-27 00:00:00');
INSERT INTO `actors` (`id`, `actor_first_name`, `actor_last_name`, `created_at`, `updated_at`) VALUES (78, 'Yasmin', 'Kessler', '1997-10-20 00:00:00', '2003-11-05 00:00:00');
INSERT INTO `actors` (`id`, `actor_first_name`, `actor_last_name`, `created_at`, `updated_at`) VALUES (79, 'Estrella', 'Heller', '2016-11-19 00:00:00', '2013-08-25 00:00:00');
INSERT INTO `actors` (`id`, `actor_first_name`, `actor_last_name`, `created_at`, `updated_at`) VALUES (80, 'Yoshiko', 'Corwin', '1981-05-22 00:00:00', '2009-04-04 00:00:00');
INSERT INTO `actors` (`id`, `actor_first_name`, `actor_last_name`, `created_at`, `updated_at`) VALUES (81, 'Lela', 'Cormier', '1974-01-14 00:00:00', '1976-01-06 00:00:00');
INSERT INTO `actors` (`id`, `actor_first_name`, `actor_last_name`, `created_at`, `updated_at`) VALUES (82, 'Conner', 'Schoen', '1988-11-12 00:00:00', '2004-06-02 00:00:00');
INSERT INTO `actors` (`id`, `actor_first_name`, `actor_last_name`, `created_at`, `updated_at`) VALUES (83, 'Taya', 'Breitenberg', '2004-05-11 00:00:00', '2013-01-28 00:00:00');
INSERT INTO `actors` (`id`, `actor_first_name`, `actor_last_name`, `created_at`, `updated_at`) VALUES (84, 'Mellie', 'Fritsch', '2016-02-09 00:00:00', '1979-09-08 00:00:00');
INSERT INTO `actors` (`id`, `actor_first_name`, `actor_last_name`, `created_at`, `updated_at`) VALUES (85, 'Pietro', 'Homenick', '2015-01-04 00:00:00', '1989-05-18 00:00:00');
INSERT INTO `actors` (`id`, `actor_first_name`, `actor_last_name`, `created_at`, `updated_at`) VALUES (86, 'Nya', 'Ledner', '1973-12-22 00:00:00', '1986-10-01 00:00:00');
INSERT INTO `actors` (`id`, `actor_first_name`, `actor_last_name`, `created_at`, `updated_at`) VALUES (87, 'Kiara', 'Stark', '2018-02-23 00:00:00', '1992-07-09 00:00:00');
INSERT INTO `actors` (`id`, `actor_first_name`, `actor_last_name`, `created_at`, `updated_at`) VALUES (88, 'Rene', 'Roberts', '1992-03-11 00:00:00', '2009-07-12 00:00:00');
INSERT INTO `actors` (`id`, `actor_first_name`, `actor_last_name`, `created_at`, `updated_at`) VALUES (89, 'Rowena', 'Dach', '2010-09-21 00:00:00', '2002-03-27 00:00:00');
INSERT INTO `actors` (`id`, `actor_first_name`, `actor_last_name`, `created_at`, `updated_at`) VALUES (90, 'Sheldon', 'Kshlerin', '1994-04-05 00:00:00', '2006-05-27 00:00:00');
INSERT INTO `actors` (`id`, `actor_first_name`, `actor_last_name`, `created_at`, `updated_at`) VALUES (91, 'Nils', 'Daugherty', '2015-09-10 00:00:00', '2001-04-18 00:00:00');
INSERT INTO `actors` (`id`, `actor_first_name`, `actor_last_name`, `created_at`, `updated_at`) VALUES (92, 'Burdette', 'Kuvalis', '2018-07-08 00:00:00', '2007-07-20 00:00:00');
INSERT INTO `actors` (`id`, `actor_first_name`, `actor_last_name`, `created_at`, `updated_at`) VALUES (93, 'Curt', 'Witting', '1978-12-04 00:00:00', '1979-05-13 00:00:00');
INSERT INTO `actors` (`id`, `actor_first_name`, `actor_last_name`, `created_at`, `updated_at`) VALUES (94, 'Sophia', 'Armstrong', '1979-07-16 00:00:00', '1999-09-30 00:00:00');
INSERT INTO `actors` (`id`, `actor_first_name`, `actor_last_name`, `created_at`, `updated_at`) VALUES (95, 'Birdie', 'Luettgen', '2002-01-18 00:00:00', '2014-06-17 00:00:00');
INSERT INTO `actors` (`id`, `actor_first_name`, `actor_last_name`, `created_at`, `updated_at`) VALUES (96, 'Frederique', 'Padberg', '1990-11-19 00:00:00', '2000-02-14 00:00:00');
INSERT INTO `actors` (`id`, `actor_first_name`, `actor_last_name`, `created_at`, `updated_at`) VALUES (97, 'Natalie', 'Baumbach', '1982-05-17 00:00:00', '1974-11-07 00:00:00');
INSERT INTO `actors` (`id`, `actor_first_name`, `actor_last_name`, `created_at`, `updated_at`) VALUES (98, 'Koby', 'Douglas', '1973-11-03 00:00:00', '1980-09-04 00:00:00');
INSERT INTO `actors` (`id`, `actor_first_name`, `actor_last_name`, `created_at`, `updated_at`) VALUES (99, 'Derick', 'Hessel', '1998-04-07 00:00:00', '2014-03-16 00:00:00');
INSERT INTO `actors` (`id`, `actor_first_name`, `actor_last_name`, `created_at`, `updated_at`) VALUES (100, 'Janis', 'Homenick', '1999-08-22 00:00:00', '1970-01-09 00:00:00');


#
# TABLE STRUCTURE FOR: actors_profiles
#

DROP TABLE IF EXISTS `actors_profiles`;

CREATE TABLE `actors_profiles` (
  `actor_id` int(10) unsigned NOT NULL COMMENT 'Ссылка на актера',
  `gender` char(1) COLLATE utf8mb4_unicode_ci NOT NULL COMMENT 'Пол',
  `birthday` date DEFAULT NULL COMMENT 'Дата рождения',
  `city` varchar(130) COLLATE utf8mb4_unicode_ci DEFAULT NULL COMMENT 'Город проживания',
  `country` varchar(130) COLLATE utf8mb4_unicode_ci DEFAULT NULL COMMENT 'Страна проживания',
  `created_at` datetime DEFAULT current_timestamp() COMMENT 'Время создания строки',
  `updated_at` datetime DEFAULT current_timestamp() ON UPDATE current_timestamp() COMMENT 'Время обновления строки',
  PRIMARY KEY (`actor_id`)
) ENGINE=InnoDB DEFAULT CHARSET=utf8mb4 COLLATE=utf8mb4_unicode_ci COMMENT='Профили актеров';

INSERT INTO `actors_profiles` (`actor_id`, `gender`, `birthday`, `city`, `country`, `created_at`, `updated_at`) VALUES (1, 'f', '1979-02-18', 'Prohaskafurt', 'Kenya', '1999-07-14 00:00:00', '1983-04-03 00:00:00');
INSERT INTO `actors_profiles` (`actor_id`, `gender`, `birthday`, `city`, `country`, `created_at`, `updated_at`) VALUES (2, 'f', '2012-11-10', 'East Leoneborough', 'Poland', '1976-03-06 00:00:00', '1980-06-27 00:00:00');
INSERT INTO `actors_profiles` (`actor_id`, `gender`, `birthday`, `city`, `country`, `created_at`, `updated_at`) VALUES (3, 'm', '2001-01-26', 'Bergefort', 'Seychelles', '1998-04-30 00:00:00', '1988-01-31 00:00:00');
INSERT INTO `actors_profiles` (`actor_id`, `gender`, `birthday`, `city`, `country`, `created_at`, `updated_at`) VALUES (4, 'm', '1976-02-29', 'South Myashire', 'Benin', '2013-11-18 00:00:00', '1991-07-12 00:00:00');
INSERT INTO `actors_profiles` (`actor_id`, `gender`, `birthday`, `city`, `country`, `created_at`, `updated_at`) VALUES (5, 'f', '2015-04-17', 'North Willaview', 'Senegal', '2011-05-30 00:00:00', '2001-05-25 00:00:00');
INSERT INTO `actors_profiles` (`actor_id`, `gender`, `birthday`, `city`, `country`, `created_at`, `updated_at`) VALUES (6, 'f', '2006-06-27', 'Port Ewaldborough', 'Ghana', '1977-02-05 00:00:00', '2015-07-07 00:00:00');
INSERT INTO `actors_profiles` (`actor_id`, `gender`, `birthday`, `city`, `country`, `created_at`, `updated_at`) VALUES (7, 'f', '2008-07-18', 'Ismaelchester', 'Christmas Island', '2013-01-13 00:00:00', '2001-08-13 00:00:00');
INSERT INTO `actors_profiles` (`actor_id`, `gender`, `birthday`, `city`, `country`, `created_at`, `updated_at`) VALUES (8, 'f', '1975-10-01', 'Port Gonzalo', 'Palestinian Territory', '2008-04-19 00:00:00', '1970-12-05 00:00:00');
INSERT INTO `actors_profiles` (`actor_id`, `gender`, `birthday`, `city`, `country`, `created_at`, `updated_at`) VALUES (9, 'f', '1980-08-13', 'West Trent', 'Papua New Guinea', '1988-02-05 00:00:00', '2005-09-01 00:00:00');
INSERT INTO `actors_profiles` (`actor_id`, `gender`, `birthday`, `city`, `country`, `created_at`, `updated_at`) VALUES (10, 'f', '1995-01-03', 'Gutmannburgh', 'Norway', '2011-09-25 00:00:00', '1973-01-15 00:00:00');
INSERT INTO `actors_profiles` (`actor_id`, `gender`, `birthday`, `city`, `country`, `created_at`, `updated_at`) VALUES (11, 'm', '2000-02-22', 'Lake Neilchester', 'Cuba', '2001-01-24 00:00:00', '1984-08-28 00:00:00');
INSERT INTO `actors_profiles` (`actor_id`, `gender`, `birthday`, `city`, `country`, `created_at`, `updated_at`) VALUES (12, 'f', '2016-12-07', 'Derrickchester', 'Cook Islands', '1986-01-14 00:00:00', '1995-03-31 00:00:00');
INSERT INTO `actors_profiles` (`actor_id`, `gender`, `birthday`, `city`, `country`, `created_at`, `updated_at`) VALUES (13, 'f', '2016-07-07', 'Turnerland', 'Estonia', '2008-06-24 00:00:00', '2002-05-24 00:00:00');
INSERT INTO `actors_profiles` (`actor_id`, `gender`, `birthday`, `city`, `country`, `created_at`, `updated_at`) VALUES (14, 'm', '2019-05-14', 'Florenciomouth', 'Luxembourg', '1988-05-07 00:00:00', '1993-10-14 00:00:00');
INSERT INTO `actors_profiles` (`actor_id`, `gender`, `birthday`, `city`, `country`, `created_at`, `updated_at`) VALUES (15, 'm', '2013-12-18', 'East Bernieport', 'Montserrat', '2013-12-15 00:00:00', '1993-09-17 00:00:00');
INSERT INTO `actors_profiles` (`actor_id`, `gender`, `birthday`, `city`, `country`, `created_at`, `updated_at`) VALUES (16, 'm', '2016-05-23', 'Lilafort', 'French Southern Territories', '1985-04-28 00:00:00', '1984-03-23 00:00:00');
INSERT INTO `actors_profiles` (`actor_id`, `gender`, `birthday`, `city`, `country`, `created_at`, `updated_at`) VALUES (17, 'm', '1990-12-25', 'Port Sterlingmouth', 'Kazakhstan', '1972-06-15 00:00:00', '1983-09-24 00:00:00');
INSERT INTO `actors_profiles` (`actor_id`, `gender`, `birthday`, `city`, `country`, `created_at`, `updated_at`) VALUES (18, 'f', '2000-03-12', 'Lake Eltahaven', 'Korea', '2001-10-05 00:00:00', '1975-01-13 00:00:00');
INSERT INTO `actors_profiles` (`actor_id`, `gender`, `birthday`, `city`, `country`, `created_at`, `updated_at`) VALUES (19, 'f', '1981-11-12', 'East Abdiel', 'Libyan Arab Jamahiriya', '2015-09-16 00:00:00', '1987-12-21 00:00:00');
INSERT INTO `actors_profiles` (`actor_id`, `gender`, `birthday`, `city`, `country`, `created_at`, `updated_at`) VALUES (20, 'f', '1995-12-19', 'Dibbertberg', 'Cote d\'Ivoire', '1983-12-28 00:00:00', '2012-07-31 00:00:00');
INSERT INTO `actors_profiles` (`actor_id`, `gender`, `birthday`, `city`, `country`, `created_at`, `updated_at`) VALUES (21, 'f', '2006-09-21', 'Port Euniceview', 'Brunei Darussalam', '2016-01-05 00:00:00', '2006-05-26 00:00:00');
INSERT INTO `actors_profiles` (`actor_id`, `gender`, `birthday`, `city`, `country`, `created_at`, `updated_at`) VALUES (22, 'm', '1985-05-30', 'North Gust', 'Palau', '1997-02-16 00:00:00', '2008-09-08 00:00:00');
INSERT INTO `actors_profiles` (`actor_id`, `gender`, `birthday`, `city`, `country`, `created_at`, `updated_at`) VALUES (23, 'm', '1971-07-23', 'East Melyssaland', 'American Samoa', '1978-09-11 00:00:00', '1988-08-24 00:00:00');
INSERT INTO `actors_profiles` (`actor_id`, `gender`, `birthday`, `city`, `country`, `created_at`, `updated_at`) VALUES (24, 'm', '1997-04-29', 'South Cassie', 'Russian Federation', '1986-10-12 00:00:00', '1971-01-20 00:00:00');
INSERT INTO `actors_profiles` (`actor_id`, `gender`, `birthday`, `city`, `country`, `created_at`, `updated_at`) VALUES (25, 'm', '2002-04-01', 'Brownside', 'Greece', '1995-09-17 00:00:00', '1998-10-06 00:00:00');
INSERT INTO `actors_profiles` (`actor_id`, `gender`, `birthday`, `city`, `country`, `created_at`, `updated_at`) VALUES (26, 'f', '1981-01-31', 'West Webster', 'Tunisia', '2019-12-24 00:00:00', '2011-03-20 00:00:00');
INSERT INTO `actors_profiles` (`actor_id`, `gender`, `birthday`, `city`, `country`, `created_at`, `updated_at`) VALUES (27, 'm', '2004-11-12', 'Vincentview', 'Central African Republic', '2015-08-11 00:00:00', '1985-08-28 00:00:00');
INSERT INTO `actors_profiles` (`actor_id`, `gender`, `birthday`, `city`, `country`, `created_at`, `updated_at`) VALUES (28, 'm', '2020-02-18', 'South Cecelia', 'Chile', '1981-07-07 00:00:00', '2017-01-24 00:00:00');
INSERT INTO `actors_profiles` (`actor_id`, `gender`, `birthday`, `city`, `country`, `created_at`, `updated_at`) VALUES (29, 'f', '1983-11-09', 'Runolfsdottirmouth', 'Egypt', '1970-04-14 00:00:00', '2009-08-16 00:00:00');
INSERT INTO `actors_profiles` (`actor_id`, `gender`, `birthday`, `city`, `country`, `created_at`, `updated_at`) VALUES (30, 'm', '2019-09-03', 'Port Armanistad', 'Mauritius', '2008-07-03 00:00:00', '2019-12-20 00:00:00');
INSERT INTO `actors_profiles` (`actor_id`, `gender`, `birthday`, `city`, `country`, `created_at`, `updated_at`) VALUES (31, 'f', '1985-10-25', 'Kingshire', 'Sierra Leone', '2002-06-24 00:00:00', '1978-10-03 00:00:00');
INSERT INTO `actors_profiles` (`actor_id`, `gender`, `birthday`, `city`, `country`, `created_at`, `updated_at`) VALUES (32, 'm', '1989-08-06', 'East Eloyton', 'Israel', '2000-03-15 00:00:00', '1987-01-23 00:00:00');
INSERT INTO `actors_profiles` (`actor_id`, `gender`, `birthday`, `city`, `country`, `created_at`, `updated_at`) VALUES (33, 'f', '1983-03-13', 'West Jocelyn', 'Georgia', '2008-10-10 00:00:00', '1988-10-09 00:00:00');
INSERT INTO `actors_profiles` (`actor_id`, `gender`, `birthday`, `city`, `country`, `created_at`, `updated_at`) VALUES (34, 'f', '1980-07-05', 'West Name', 'Central African Republic', '1996-01-31 00:00:00', '1991-02-14 00:00:00');
INSERT INTO `actors_profiles` (`actor_id`, `gender`, `birthday`, `city`, `country`, `created_at`, `updated_at`) VALUES (35, 'm', '2005-04-09', 'East Bessieshire', 'Singapore', '1977-05-17 00:00:00', '1995-03-02 00:00:00');
INSERT INTO `actors_profiles` (`actor_id`, `gender`, `birthday`, `city`, `country`, `created_at`, `updated_at`) VALUES (36, 'm', '2009-09-02', 'Port Otischester', 'Northern Mariana Islands', '1979-11-17 00:00:00', '2003-11-27 00:00:00');
INSERT INTO `actors_profiles` (`actor_id`, `gender`, `birthday`, `city`, `country`, `created_at`, `updated_at`) VALUES (37, 'm', '1988-08-22', 'South Brayan', 'Croatia', '1991-12-03 00:00:00', '1971-02-21 00:00:00');
INSERT INTO `actors_profiles` (`actor_id`, `gender`, `birthday`, `city`, `country`, `created_at`, `updated_at`) VALUES (38, 'f', '1988-02-23', 'Lake Stanley', 'Pakistan', '2001-05-22 00:00:00', '2007-10-08 00:00:00');
INSERT INTO `actors_profiles` (`actor_id`, `gender`, `birthday`, `city`, `country`, `created_at`, `updated_at`) VALUES (39, 'f', '1982-02-20', 'West Tanya', 'Western Sahara', '1984-07-25 00:00:00', '1984-05-08 00:00:00');
INSERT INTO `actors_profiles` (`actor_id`, `gender`, `birthday`, `city`, `country`, `created_at`, `updated_at`) VALUES (40, 'm', '1980-10-15', 'North Filibertomouth', 'Indonesia', '1972-06-09 00:00:00', '1988-07-06 00:00:00');
INSERT INTO `actors_profiles` (`actor_id`, `gender`, `birthday`, `city`, `country`, `created_at`, `updated_at`) VALUES (41, 'f', '1970-07-14', 'Lake Abbigail', 'Saint Vincent and the Grenadines', '1976-10-31 00:00:00', '2019-08-08 00:00:00');
INSERT INTO `actors_profiles` (`actor_id`, `gender`, `birthday`, `city`, `country`, `created_at`, `updated_at`) VALUES (42, 'f', '1997-09-17', 'Yesseniahaven', 'Palestinian Territory', '1999-11-14 00:00:00', '1984-05-26 00:00:00');
INSERT INTO `actors_profiles` (`actor_id`, `gender`, `birthday`, `city`, `country`, `created_at`, `updated_at`) VALUES (43, 'f', '1976-11-24', 'South Dannyfurt', 'Canada', '1994-10-11 00:00:00', '1998-09-22 00:00:00');
INSERT INTO `actors_profiles` (`actor_id`, `gender`, `birthday`, `city`, `country`, `created_at`, `updated_at`) VALUES (44, 'f', '1986-08-04', 'Pfannerstillfurt', 'Bermuda', '2010-11-16 00:00:00', '1971-07-28 00:00:00');
INSERT INTO `actors_profiles` (`actor_id`, `gender`, `birthday`, `city`, `country`, `created_at`, `updated_at`) VALUES (45, 'm', '1988-04-06', 'South Haleighchester', 'Mongolia', '1977-03-13 00:00:00', '1995-12-04 00:00:00');
INSERT INTO `actors_profiles` (`actor_id`, `gender`, `birthday`, `city`, `country`, `created_at`, `updated_at`) VALUES (46, 'f', '1995-06-29', 'East Kieraberg', 'Saint Pierre and Miquelon', '2020-05-15 00:00:00', '2013-07-05 00:00:00');
INSERT INTO `actors_profiles` (`actor_id`, `gender`, `birthday`, `city`, `country`, `created_at`, `updated_at`) VALUES (47, 'f', '2019-08-26', 'Ratketon', 'Tuvalu', '2014-05-11 00:00:00', '2018-12-08 00:00:00');
INSERT INTO `actors_profiles` (`actor_id`, `gender`, `birthday`, `city`, `country`, `created_at`, `updated_at`) VALUES (48, 'f', '2015-11-10', 'Georgianaport', 'Gambia', '1996-05-30 00:00:00', '1987-04-01 00:00:00');
INSERT INTO `actors_profiles` (`actor_id`, `gender`, `birthday`, `city`, `country`, `created_at`, `updated_at`) VALUES (49, 'm', '1980-01-17', 'Cheyanneborough', 'Greece', '1991-11-30 00:00:00', '1976-10-18 00:00:00');
INSERT INTO `actors_profiles` (`actor_id`, `gender`, `birthday`, `city`, `country`, `created_at`, `updated_at`) VALUES (50, 'm', '2003-04-24', 'Lake Nolanland', 'French Polynesia', '1971-03-11 00:00:00', '1986-05-06 00:00:00');
INSERT INTO `actors_profiles` (`actor_id`, `gender`, `birthday`, `city`, `country`, `created_at`, `updated_at`) VALUES (51, 'm', '1973-07-26', 'South Marilie', 'Malawi', '1987-07-13 00:00:00', '1977-01-06 00:00:00');
INSERT INTO `actors_profiles` (`actor_id`, `gender`, `birthday`, `city`, `country`, `created_at`, `updated_at`) VALUES (52, 'm', '1981-07-14', 'Lenniefort', 'Kyrgyz Republic', '2004-06-08 00:00:00', '1990-11-27 00:00:00');
INSERT INTO `actors_profiles` (`actor_id`, `gender`, `birthday`, `city`, `country`, `created_at`, `updated_at`) VALUES (53, 'm', '2019-04-12', 'North Hestermouth', 'Burkina Faso', '1987-05-13 00:00:00', '1998-07-24 00:00:00');
INSERT INTO `actors_profiles` (`actor_id`, `gender`, `birthday`, `city`, `country`, `created_at`, `updated_at`) VALUES (54, 'f', '2000-10-13', 'Lake Fabianfurt', 'Cambodia', '1996-12-19 00:00:00', '1992-09-11 00:00:00');
INSERT INTO `actors_profiles` (`actor_id`, `gender`, `birthday`, `city`, `country`, `created_at`, `updated_at`) VALUES (55, 'f', '2012-03-05', 'East Jacquelynton', 'Turks and Caicos Islands', '2008-03-25 00:00:00', '2017-07-23 00:00:00');
INSERT INTO `actors_profiles` (`actor_id`, `gender`, `birthday`, `city`, `country`, `created_at`, `updated_at`) VALUES (56, 'm', '2008-09-24', 'Kundeville', 'Wallis and Futuna', '1988-08-13 00:00:00', '1974-07-25 00:00:00');
INSERT INTO `actors_profiles` (`actor_id`, `gender`, `birthday`, `city`, `country`, `created_at`, `updated_at`) VALUES (57, 'm', '2020-08-18', 'Andersonberg', 'Liberia', '1987-03-01 00:00:00', '1994-02-19 00:00:00');
INSERT INTO `actors_profiles` (`actor_id`, `gender`, `birthday`, `city`, `country`, `created_at`, `updated_at`) VALUES (58, 'm', '2013-05-17', 'Nicolasview', 'Guinea-Bissau', '1988-01-29 00:00:00', '2007-03-28 00:00:00');
INSERT INTO `actors_profiles` (`actor_id`, `gender`, `birthday`, `city`, `country`, `created_at`, `updated_at`) VALUES (59, 'm', '2020-09-16', 'Adriantown', 'Georgia', '2020-03-16 00:00:00', '1988-12-11 00:00:00');
INSERT INTO `actors_profiles` (`actor_id`, `gender`, `birthday`, `city`, `country`, `created_at`, `updated_at`) VALUES (60, 'm', '1989-07-06', 'Veumchester', 'Brunei Darussalam', '2013-02-28 00:00:00', '1979-09-16 00:00:00');
INSERT INTO `actors_profiles` (`actor_id`, `gender`, `birthday`, `city`, `country`, `created_at`, `updated_at`) VALUES (61, 'f', '2001-03-23', 'Millieland', 'Norfolk Island', '2003-08-13 00:00:00', '2005-12-12 00:00:00');
INSERT INTO `actors_profiles` (`actor_id`, `gender`, `birthday`, `city`, `country`, `created_at`, `updated_at`) VALUES (62, 'f', '2004-11-26', 'Harveystad', 'Korea', '1973-02-24 00:00:00', '1979-05-23 00:00:00');
INSERT INTO `actors_profiles` (`actor_id`, `gender`, `birthday`, `city`, `country`, `created_at`, `updated_at`) VALUES (63, 'm', '1975-03-02', 'Lake Rosalynmouth', 'Norfolk Island', '1977-12-01 00:00:00', '1981-03-06 00:00:00');
INSERT INTO `actors_profiles` (`actor_id`, `gender`, `birthday`, `city`, `country`, `created_at`, `updated_at`) VALUES (64, 'm', '1970-05-01', 'Ovabury', 'Japan', '2002-04-27 00:00:00', '1996-04-10 00:00:00');
INSERT INTO `actors_profiles` (`actor_id`, `gender`, `birthday`, `city`, `country`, `created_at`, `updated_at`) VALUES (65, 'm', '1982-03-22', 'Glennatown', 'Kyrgyz Republic', '1980-01-02 00:00:00', '1982-03-23 00:00:00');
INSERT INTO `actors_profiles` (`actor_id`, `gender`, `birthday`, `city`, `country`, `created_at`, `updated_at`) VALUES (66, 'f', '1978-09-25', 'Charleyfort', 'Saint Pierre and Miquelon', '1994-02-02 00:00:00', '1987-04-06 00:00:00');
INSERT INTO `actors_profiles` (`actor_id`, `gender`, `birthday`, `city`, `country`, `created_at`, `updated_at`) VALUES (67, 'f', '1979-12-09', 'Kshlerinport', 'Canada', '2016-04-06 00:00:00', '2005-03-01 00:00:00');
INSERT INTO `actors_profiles` (`actor_id`, `gender`, `birthday`, `city`, `country`, `created_at`, `updated_at`) VALUES (68, 'm', '2008-04-23', 'North Breanne', 'Philippines', '1988-09-21 00:00:00', '2018-06-05 00:00:00');
INSERT INTO `actors_profiles` (`actor_id`, `gender`, `birthday`, `city`, `country`, `created_at`, `updated_at`) VALUES (69, 'f', '1996-09-28', 'Lockmanfort', 'Togo', '2003-04-07 00:00:00', '1973-09-22 00:00:00');
INSERT INTO `actors_profiles` (`actor_id`, `gender`, `birthday`, `city`, `country`, `created_at`, `updated_at`) VALUES (70, 'f', '2004-03-15', 'Fidelland', 'Holy See (Vatican City State)', '1980-11-27 00:00:00', '1993-05-21 00:00:00');
INSERT INTO `actors_profiles` (`actor_id`, `gender`, `birthday`, `city`, `country`, `created_at`, `updated_at`) VALUES (71, 'f', '2003-04-04', 'Marisolhaven', 'Portugal', '1974-02-21 00:00:00', '2003-03-10 00:00:00');
INSERT INTO `actors_profiles` (`actor_id`, `gender`, `birthday`, `city`, `country`, `created_at`, `updated_at`) VALUES (72, 'f', '1982-02-24', 'Jessychester', 'Singapore', '2002-03-11 00:00:00', '1997-03-09 00:00:00');
INSERT INTO `actors_profiles` (`actor_id`, `gender`, `birthday`, `city`, `country`, `created_at`, `updated_at`) VALUES (73, 'm', '1986-02-23', 'Melanymouth', 'Sierra Leone', '2007-05-29 00:00:00', '1988-11-05 00:00:00');
INSERT INTO `actors_profiles` (`actor_id`, `gender`, `birthday`, `city`, `country`, `created_at`, `updated_at`) VALUES (74, 'm', '1994-08-23', 'Balistreristad', 'Iceland', '2013-04-20 00:00:00', '1985-10-22 00:00:00');
INSERT INTO `actors_profiles` (`actor_id`, `gender`, `birthday`, `city`, `country`, `created_at`, `updated_at`) VALUES (75, 'm', '1993-05-31', 'Joneston', 'Malta', '2014-04-30 00:00:00', '2013-07-02 00:00:00');
INSERT INTO `actors_profiles` (`actor_id`, `gender`, `birthday`, `city`, `country`, `created_at`, `updated_at`) VALUES (76, 'f', '2017-10-16', 'Kuvaliston', 'Vietnam', '2005-06-18 00:00:00', '2010-09-21 00:00:00');
INSERT INTO `actors_profiles` (`actor_id`, `gender`, `birthday`, `city`, `country`, `created_at`, `updated_at`) VALUES (77, 'm', '2010-10-04', 'Port Eudorabury', 'Cameroon', '2012-02-18 00:00:00', '1970-02-03 00:00:00');
INSERT INTO `actors_profiles` (`actor_id`, `gender`, `birthday`, `city`, `country`, `created_at`, `updated_at`) VALUES (78, 'f', '1998-03-20', 'Port Maybellburgh', 'Germany', '2017-05-22 00:00:00', '2013-12-30 00:00:00');
INSERT INTO `actors_profiles` (`actor_id`, `gender`, `birthday`, `city`, `country`, `created_at`, `updated_at`) VALUES (79, 'm', '1992-05-31', 'Adaborough', 'Tonga', '2000-08-23 00:00:00', '1990-03-27 00:00:00');
INSERT INTO `actors_profiles` (`actor_id`, `gender`, `birthday`, `city`, `country`, `created_at`, `updated_at`) VALUES (80, 'm', '2005-02-20', 'Port Melyssamouth', 'Djibouti', '1989-12-03 00:00:00', '1971-12-09 00:00:00');
INSERT INTO `actors_profiles` (`actor_id`, `gender`, `birthday`, `city`, `country`, `created_at`, `updated_at`) VALUES (81, 'm', '2017-07-17', 'Ashleetown', 'Turkmenistan', '2003-09-19 00:00:00', '2019-12-13 00:00:00');
INSERT INTO `actors_profiles` (`actor_id`, `gender`, `birthday`, `city`, `country`, `created_at`, `updated_at`) VALUES (82, 'm', '1998-01-23', 'South Abbigailville', 'Cook Islands', '1995-08-02 00:00:00', '1986-09-29 00:00:00');
INSERT INTO `actors_profiles` (`actor_id`, `gender`, `birthday`, `city`, `country`, `created_at`, `updated_at`) VALUES (83, 'm', '1984-08-15', 'South Jamarland', 'Reunion', '2014-01-13 00:00:00', '1974-04-14 00:00:00');
INSERT INTO `actors_profiles` (`actor_id`, `gender`, `birthday`, `city`, `country`, `created_at`, `updated_at`) VALUES (84, 'f', '1999-11-18', 'Lake Havenstad', 'Afghanistan', '1989-12-26 00:00:00', '1973-10-12 00:00:00');
INSERT INTO `actors_profiles` (`actor_id`, `gender`, `birthday`, `city`, `country`, `created_at`, `updated_at`) VALUES (85, 'm', '1977-10-10', 'Goldnerfurt', 'Norway', '2009-07-25 00:00:00', '1980-11-30 00:00:00');
INSERT INTO `actors_profiles` (`actor_id`, `gender`, `birthday`, `city`, `country`, `created_at`, `updated_at`) VALUES (86, 'f', '2005-02-19', 'Cullenburgh', 'Mauritius', '2013-01-12 00:00:00', '2002-08-24 00:00:00');
INSERT INTO `actors_profiles` (`actor_id`, `gender`, `birthday`, `city`, `country`, `created_at`, `updated_at`) VALUES (87, 'f', '1975-02-14', 'Lake Trevionland', 'Tunisia', '2008-04-13 00:00:00', '1988-12-06 00:00:00');
INSERT INTO `actors_profiles` (`actor_id`, `gender`, `birthday`, `city`, `country`, `created_at`, `updated_at`) VALUES (88, 'f', '2020-06-23', 'North Patrick', 'Aruba', '2017-04-09 00:00:00', '1981-03-20 00:00:00');
INSERT INTO `actors_profiles` (`actor_id`, `gender`, `birthday`, `city`, `country`, `created_at`, `updated_at`) VALUES (89, 'f', '1975-02-14', 'Bergstromtown', 'Honduras', '1982-11-11 00:00:00', '1981-06-22 00:00:00');
INSERT INTO `actors_profiles` (`actor_id`, `gender`, `birthday`, `city`, `country`, `created_at`, `updated_at`) VALUES (90, 'm', '1970-09-13', 'North Treva', 'Cocos (Keeling) Islands', '2017-06-27 00:00:00', '2005-03-13 00:00:00');
INSERT INTO `actors_profiles` (`actor_id`, `gender`, `birthday`, `city`, `country`, `created_at`, `updated_at`) VALUES (91, 'f', '1985-11-17', 'Jackville', 'Belgium', '2014-11-16 00:00:00', '1971-03-12 00:00:00');
INSERT INTO `actors_profiles` (`actor_id`, `gender`, `birthday`, `city`, `country`, `created_at`, `updated_at`) VALUES (92, 'f', '1997-07-16', 'North Zoe', 'Burkina Faso', '2006-07-15 00:00:00', '1974-04-09 00:00:00');
INSERT INTO `actors_profiles` (`actor_id`, `gender`, `birthday`, `city`, `country`, `created_at`, `updated_at`) VALUES (93, 'f', '2012-06-14', 'South Zita', 'South Africa', '1981-10-09 00:00:00', '2001-11-14 00:00:00');
INSERT INTO `actors_profiles` (`actor_id`, `gender`, `birthday`, `city`, `country`, `created_at`, `updated_at`) VALUES (94, 'f', '1972-10-19', 'Kertzmannton', 'Nepal', '1999-10-18 00:00:00', '2008-07-05 00:00:00');
INSERT INTO `actors_profiles` (`actor_id`, `gender`, `birthday`, `city`, `country`, `created_at`, `updated_at`) VALUES (95, 'f', '2020-01-21', 'Rozellaburgh', 'Guyana', '1989-08-24 00:00:00', '1981-12-28 00:00:00');
INSERT INTO `actors_profiles` (`actor_id`, `gender`, `birthday`, `city`, `country`, `created_at`, `updated_at`) VALUES (96, 'f', '2003-09-12', 'Harveyberg', 'Korea', '1989-07-16 00:00:00', '2009-02-10 00:00:00');
INSERT INTO `actors_profiles` (`actor_id`, `gender`, `birthday`, `city`, `country`, `created_at`, `updated_at`) VALUES (97, 'f', '1984-12-01', 'Kendallhaven', 'Austria', '1979-01-04 00:00:00', '1988-05-27 00:00:00');
INSERT INTO `actors_profiles` (`actor_id`, `gender`, `birthday`, `city`, `country`, `created_at`, `updated_at`) VALUES (98, 'm', '2002-02-07', 'Bayerstad', 'Mayotte', '1983-08-04 00:00:00', '1975-04-26 00:00:00');
INSERT INTO `actors_profiles` (`actor_id`, `gender`, `birthday`, `city`, `country`, `created_at`, `updated_at`) VALUES (99, 'm', '1986-06-11', 'West Orval', 'Lesotho', '1995-10-12 00:00:00', '1999-03-17 00:00:00');
INSERT INTO `actors_profiles` (`actor_id`, `gender`, `birthday`, `city`, `country`, `created_at`, `updated_at`) VALUES (100, 'm', '1997-01-11', 'Casperland', 'Vietnam', '2019-12-29 00:00:00', '2011-06-13 00:00:00');


#
# TABLE STRUCTURE FOR: directors
#

DROP TABLE IF EXISTS `directors`;

CREATE TABLE `directors` (
  `id` int(10) unsigned NOT NULL AUTO_INCREMENT COMMENT 'Идентификатор строки',
  `director_first_name` varchar(100) COLLATE utf8mb4_unicode_ci NOT NULL COMMENT 'Имя режиссера',
  `director_last_name` varchar(100) COLLATE utf8mb4_unicode_ci NOT NULL COMMENT 'Фамилия режиссера',
  `created_at` datetime DEFAULT current_timestamp() COMMENT 'Время создания строки',
  `updated_at` datetime DEFAULT current_timestamp() ON UPDATE current_timestamp() COMMENT 'Время обновления строки',
  PRIMARY KEY (`id`)
) ENGINE=InnoDB AUTO_INCREMENT=16 DEFAULT CHARSET=utf8mb4 COLLATE=utf8mb4_unicode_ci COMMENT='Режиссеры';

INSERT INTO `directors` (`id`, `director_first_name`, `director_last_name`, `created_at`, `updated_at`) VALUES (1, 'Shane', 'Bernier', '2003-06-18 00:00:00', '2013-03-03 00:00:00');
INSERT INTO `directors` (`id`, `director_first_name`, `director_last_name`, `created_at`, `updated_at`) VALUES (2, 'Marguerite', 'Halvorson', '1979-02-03 00:00:00', '1984-09-05 00:00:00');
INSERT INTO `directors` (`id`, `director_first_name`, `director_last_name`, `created_at`, `updated_at`) VALUES (3, 'Cornelius', 'Rowe', '2008-07-13 00:00:00', '2009-06-07 00:00:00');
INSERT INTO `directors` (`id`, `director_first_name`, `director_last_name`, `created_at`, `updated_at`) VALUES (4, 'Krystal', 'Morar', '1975-11-11 00:00:00', '2016-12-08 00:00:00');
INSERT INTO `directors` (`id`, `director_first_name`, `director_last_name`, `created_at`, `updated_at`) VALUES (5, 'Kiel', 'Walter', '1997-08-13 00:00:00', '1988-09-15 00:00:00');
INSERT INTO `directors` (`id`, `director_first_name`, `director_last_name`, `created_at`, `updated_at`) VALUES (6, 'Mose', 'Zboncak', '1993-04-17 00:00:00', '1996-02-27 00:00:00');
INSERT INTO `directors` (`id`, `director_first_name`, `director_last_name`, `created_at`, `updated_at`) VALUES (7, 'Hattie', 'Maggio', '1982-12-16 00:00:00', '2000-02-17 00:00:00');
INSERT INTO `directors` (`id`, `director_first_name`, `director_last_name`, `created_at`, `updated_at`) VALUES (8, 'Rebeca', 'Zemlak', '2018-05-13 00:00:00', '1984-02-25 00:00:00');
INSERT INTO `directors` (`id`, `director_first_name`, `director_last_name`, `created_at`, `updated_at`) VALUES (9, 'Jules', 'Goodwin', '2008-09-19 00:00:00', '1975-10-09 00:00:00');
INSERT INTO `directors` (`id`, `director_first_name`, `director_last_name`, `created_at`, `updated_at`) VALUES (10, 'Ulices', 'Koepp', '2014-01-29 00:00:00', '2008-12-27 00:00:00');
INSERT INTO `directors` (`id`, `director_first_name`, `director_last_name`, `created_at`, `updated_at`) VALUES (11, 'Vincenza', 'Hudson', '2012-10-13 00:00:00', '2013-01-01 00:00:00');
INSERT INTO `directors` (`id`, `director_first_name`, `director_last_name`, `created_at`, `updated_at`) VALUES (12, 'Christian', 'Collier', '2007-09-16 00:00:00', '1975-08-31 00:00:00');
INSERT INTO `directors` (`id`, `director_first_name`, `director_last_name`, `created_at`, `updated_at`) VALUES (13, 'Estel', 'Swift', '1990-01-26 00:00:00', '2019-04-13 00:00:00');
INSERT INTO `directors` (`id`, `director_first_name`, `director_last_name`, `created_at`, `updated_at`) VALUES (14, 'Brock', 'Wehner', '1970-01-11 00:00:00', '1979-03-31 00:00:00');
INSERT INTO `directors` (`id`, `director_first_name`, `director_last_name`, `created_at`, `updated_at`) VALUES (15, 'Loy', 'Baumbach', '1995-11-16 00:00:00', '2006-06-25 00:00:00');


#
# TABLE STRUCTURE FOR: directors_profiles
#

DROP TABLE IF EXISTS `directors_profiles`;

CREATE TABLE `directors_profiles` (
  `director_id` int(10) unsigned NOT NULL COMMENT 'Ссылка на режиссера',
  `gender` char(1) COLLATE utf8mb4_unicode_ci NOT NULL COMMENT 'Пол',
  `birthday` date DEFAULT NULL COMMENT 'Дата рождения',
  `city` varchar(130) COLLATE utf8mb4_unicode_ci DEFAULT NULL COMMENT 'Город проживания',
  `country` varchar(130) COLLATE utf8mb4_unicode_ci DEFAULT NULL COMMENT 'Страна проживания',
  `created_at` datetime DEFAULT current_timestamp() COMMENT 'Время создания строки',
  `updated_at` datetime DEFAULT current_timestamp() ON UPDATE current_timestamp() COMMENT 'Время обновления строки',
  PRIMARY KEY (`director_id`)
) ENGINE=InnoDB DEFAULT CHARSET=utf8mb4 COLLATE=utf8mb4_unicode_ci COMMENT='Профили режиссеров';

INSERT INTO `directors_profiles` (`director_id`, `gender`, `birthday`, `city`, `country`, `created_at`, `updated_at`) VALUES (1, 'f', '2020-06-07', 'Jedediahfurt', 'Eritrea', '1991-11-05 00:00:00', '1996-06-10 00:00:00');
INSERT INTO `directors_profiles` (`director_id`, `gender`, `birthday`, `city`, `country`, `created_at`, `updated_at`) VALUES (2, 'f', '1996-07-16', 'New Fletcherport', 'Madagascar', '1986-03-25 00:00:00', '2018-12-17 00:00:00');
INSERT INTO `directors_profiles` (`director_id`, `gender`, `birthday`, `city`, `country`, `created_at`, `updated_at`) VALUES (3, 'f', '2010-12-11', 'East Christineville', 'Saint Vincent and the Grenadines', '1981-04-03 00:00:00', '1973-04-26 00:00:00');
INSERT INTO `directors_profiles` (`director_id`, `gender`, `birthday`, `city`, `country`, `created_at`, `updated_at`) VALUES (4, 'f', '1991-11-24', 'Willbury', 'Timor-Leste', '1991-01-25 00:00:00', '1979-12-08 00:00:00');
INSERT INTO `directors_profiles` (`director_id`, `gender`, `birthday`, `city`, `country`, `created_at`, `updated_at`) VALUES (5, 'm', '1989-06-06', 'Zulaufside', 'Haiti', '1998-07-21 00:00:00', '1993-12-04 00:00:00');
INSERT INTO `directors_profiles` (`director_id`, `gender`, `birthday`, `city`, `country`, `created_at`, `updated_at`) VALUES (6, 'f', '1998-07-23', 'West Tatum', 'Poland', '2002-01-25 00:00:00', '1973-05-18 00:00:00');
INSERT INTO `directors_profiles` (`director_id`, `gender`, `birthday`, `city`, `country`, `created_at`, `updated_at`) VALUES (7, 'f', '2014-09-01', 'Lake Anahi', 'Andorra', '2021-01-26 00:00:00', '1989-02-23 00:00:00');
INSERT INTO `directors_profiles` (`director_id`, `gender`, `birthday`, `city`, `country`, `created_at`, `updated_at`) VALUES (8, 'm', '2020-12-31', 'Lavernaberg', 'Brazil', '2002-09-29 00:00:00', '1991-07-13 00:00:00');
INSERT INTO `directors_profiles` (`director_id`, `gender`, `birthday`, `city`, `country`, `created_at`, `updated_at`) VALUES (9, 'm', '1980-09-27', 'North Ovafort', 'Japan', '2016-01-02 00:00:00', '1974-05-22 00:00:00');
INSERT INTO `directors_profiles` (`director_id`, `gender`, `birthday`, `city`, `country`, `created_at`, `updated_at`) VALUES (10, 'm', '1979-10-04', 'Clotildeborough', 'French Polynesia', '1998-03-02 00:00:00', '1982-10-17 00:00:00');
INSERT INTO `directors_profiles` (`director_id`, `gender`, `birthday`, `city`, `country`, `created_at`, `updated_at`) VALUES (11, 'f', '2018-01-01', 'East Adolfo', 'Mauritania', '1977-07-05 00:00:00', '1993-05-17 00:00:00');
INSERT INTO `directors_profiles` (`director_id`, `gender`, `birthday`, `city`, `country`, `created_at`, `updated_at`) VALUES (12, 'm', '1976-07-17', 'North Joana', 'Bosnia and Herzegovina', '2007-06-13 00:00:00', '1995-11-22 00:00:00');
INSERT INTO `directors_profiles` (`director_id`, `gender`, `birthday`, `city`, `country`, `created_at`, `updated_at`) VALUES (13, 'f', '2002-02-23', 'Leannonmouth', 'Netherlands', '1980-07-21 00:00:00', '2000-08-20 00:00:00');
INSERT INTO `directors_profiles` (`director_id`, `gender`, `birthday`, `city`, `country`, `created_at`, `updated_at`) VALUES (14, 'f', '2000-12-23', 'New Deeview', 'Honduras', '1977-09-29 00:00:00', '1999-06-15 00:00:00');
INSERT INTO `directors_profiles` (`director_id`, `gender`, `birthday`, `city`, `country`, `created_at`, `updated_at`) VALUES (15, 'm', '1980-08-01', 'Metzfurt', 'Saint Kitts and Nevis', '2003-03-10 00:00:00', '2005-05-23 00:00:00');


#
# TABLE STRUCTURE FOR: genres
#

DROP TABLE IF EXISTS `genres`;

CREATE TABLE `genres` (
  `id` int(10) unsigned NOT NULL AUTO_INCREMENT,
  `name` varchar(255) COLLATE utf8mb4_unicode_ci NOT NULL,
  `created_at` datetime DEFAULT current_timestamp(),
  PRIMARY KEY (`id`),
  UNIQUE KEY `name` (`name`)
) ENGINE=InnoDB AUTO_INCREMENT=7 DEFAULT CHARSET=utf8mb4 COLLATE=utf8mb4_unicode_ci;

INSERT INTO `genres` (`id`, `name`, `created_at`) VALUES (1, 'quam', '1999-06-07 19:46:46');
INSERT INTO `genres` (`id`, `name`, `created_at`) VALUES (2, 'excepturi', '1997-10-18 04:04:38');
INSERT INTO `genres` (`id`, `name`, `created_at`) VALUES (3, 'ut', '1983-06-26 17:14:05');
INSERT INTO `genres` (`id`, `name`, `created_at`) VALUES (4, 'autem', '2004-08-02 22:25:39');
INSERT INTO `genres` (`id`, `name`, `created_at`) VALUES (5, 'aspernatur', '1992-07-25 18:57:53');
INSERT INTO `genres` (`id`, `name`, `created_at`) VALUES (6, 'beatae', '1984-06-27 15:15:13');


#
# TABLE STRUCTURE FOR: media
#

DROP TABLE IF EXISTS `media`;

CREATE TABLE `media` (
  `id` int(10) unsigned NOT NULL AUTO_INCREMENT COMMENT 'Идентификатор строки',
  `movie_id` int(10) unsigned NOT NULL COMMENT 'Ссылка на фильм, к которому относится файл',
  `filename` varchar(255) COLLATE utf8mb4_unicode_ci NOT NULL COMMENT 'Путь к файлу',
  `size` int(11) NOT NULL COMMENT 'Размер файла',
  `metadata` longtext CHARACTER SET utf8mb4 COLLATE utf8mb4_bin DEFAULT NULL COMMENT 'Метаданные файла' CHECK (json_valid(`metadata`)),
  `media_type_id` int(10) unsigned NOT NULL COMMENT 'Ссылка на тип контента',
  `created_at` datetime DEFAULT current_timestamp() COMMENT 'Время создания строки',
  `updated_at` datetime DEFAULT current_timestamp() ON UPDATE current_timestamp() COMMENT 'Время обновления строки',
  PRIMARY KEY (`id`)
) ENGINE=InnoDB AUTO_INCREMENT=101 DEFAULT CHARSET=utf8mb4 COLLATE=utf8mb4_unicode_ci COMMENT='Медиафайлы';

INSERT INTO `media` (`id`, `movie_id`, `filename`, `size`, `metadata`, `media_type_id`, `created_at`, `updated_at`) VALUES (1, 1, 'dolor', 354667, NULL, 1, '1997-08-13 00:00:00', '1974-06-20 00:00:00');
INSERT INTO `media` (`id`, `movie_id`, `filename`, `size`, `metadata`, `media_type_id`, `created_at`, `updated_at`) VALUES (2, 2, 'voluptatem', 386097, NULL, 2, '2003-11-06 00:00:00', '1990-04-25 00:00:00');
INSERT INTO `media` (`id`, `movie_id`, `filename`, `size`, `metadata`, `media_type_id`, `created_at`, `updated_at`) VALUES (3, 3, 'adipisci', 406089, NULL, 1, '2016-09-16 00:00:00', '1978-04-25 00:00:00');
INSERT INTO `media` (`id`, `movie_id`, `filename`, `size`, `metadata`, `media_type_id`, `created_at`, `updated_at`) VALUES (4, 4, 'tenetur', 522073, NULL, 2, '2010-10-14 00:00:00', '2007-11-05 00:00:00');
INSERT INTO `media` (`id`, `movie_id`, `filename`, `size`, `metadata`, `media_type_id`, `created_at`, `updated_at`) VALUES (5, 5, 'provident', 213140, NULL, 1, '1987-06-05 00:00:00', '1979-05-07 00:00:00');
INSERT INTO `media` (`id`, `movie_id`, `filename`, `size`, `metadata`, `media_type_id`, `created_at`, `updated_at`) VALUES (6, 6, 'voluptatum', 508519, NULL, 2, '1999-06-10 00:00:00', '1998-08-19 00:00:00');
INSERT INTO `media` (`id`, `movie_id`, `filename`, `size`, `metadata`, `media_type_id`, `created_at`, `updated_at`) VALUES (7, 7, 'velit', 381246, NULL, 1, '1982-01-08 00:00:00', '1982-02-11 00:00:00');
INSERT INTO `media` (`id`, `movie_id`, `filename`, `size`, `metadata`, `media_type_id`, `created_at`, `updated_at`) VALUES (8, 8, 'quis', 836396, NULL, 2, '1996-08-07 00:00:00', '1990-03-29 00:00:00');
INSERT INTO `media` (`id`, `movie_id`, `filename`, `size`, `metadata`, `media_type_id`, `created_at`, `updated_at`) VALUES (9, 9, 'optio', 188169, NULL, 1, '1991-08-01 00:00:00', '2005-10-02 00:00:00');
INSERT INTO `media` (`id`, `movie_id`, `filename`, `size`, `metadata`, `media_type_id`, `created_at`, `updated_at`) VALUES (10, 10, 'dolorem', 882329, NULL, 2, '1998-02-04 00:00:00', '1997-05-31 00:00:00');
INSERT INTO `media` (`id`, `movie_id`, `filename`, `size`, `metadata`, `media_type_id`, `created_at`, `updated_at`) VALUES (11, 11, 'est', 332501, NULL, 1, '2007-12-14 00:00:00', '1978-07-07 00:00:00');
INSERT INTO `media` (`id`, `movie_id`, `filename`, `size`, `metadata`, `media_type_id`, `created_at`, `updated_at`) VALUES (12, 12, 'repellendus', 401555, NULL, 2, '1989-04-05 00:00:00', '1998-05-04 00:00:00');
INSERT INTO `media` (`id`, `movie_id`, `filename`, `size`, `metadata`, `media_type_id`, `created_at`, `updated_at`) VALUES (13, 13, 'debitis', 241908, NULL, 1, '1997-11-18 00:00:00', '1977-01-29 00:00:00');
INSERT INTO `media` (`id`, `movie_id`, `filename`, `size`, `metadata`, `media_type_id`, `created_at`, `updated_at`) VALUES (14, 14, 'quo', 458830, NULL, 2, '1972-12-21 00:00:00', '1977-07-14 00:00:00');
INSERT INTO `media` (`id`, `movie_id`, `filename`, `size`, `metadata`, `media_type_id`, `created_at`, `updated_at`) VALUES (15, 15, 'qui', 323038, NULL, 1, '2020-11-10 00:00:00', '1996-02-12 00:00:00');
INSERT INTO `media` (`id`, `movie_id`, `filename`, `size`, `metadata`, `media_type_id`, `created_at`, `updated_at`) VALUES (16, 16, 'eius', 231503, NULL, 2, '2015-11-18 00:00:00', '1999-09-05 00:00:00');
INSERT INTO `media` (`id`, `movie_id`, `filename`, `size`, `metadata`, `media_type_id`, `created_at`, `updated_at`) VALUES (17, 17, 'quis', 731572, NULL, 1, '1990-09-03 00:00:00', '1996-07-26 00:00:00');
INSERT INTO `media` (`id`, `movie_id`, `filename`, `size`, `metadata`, `media_type_id`, `created_at`, `updated_at`) VALUES (18, 18, 'sunt', 191174, NULL, 2, '1998-06-18 00:00:00', '1982-11-29 00:00:00');
INSERT INTO `media` (`id`, `movie_id`, `filename`, `size`, `metadata`, `media_type_id`, `created_at`, `updated_at`) VALUES (19, 19, 'optio', 459678, NULL, 1, '2019-09-01 00:00:00', '1984-03-26 00:00:00');
INSERT INTO `media` (`id`, `movie_id`, `filename`, `size`, `metadata`, `media_type_id`, `created_at`, `updated_at`) VALUES (20, 20, 'magnam', 16556, NULL, 2, '1980-05-04 00:00:00', '1996-10-24 00:00:00');
INSERT INTO `media` (`id`, `movie_id`, `filename`, `size`, `metadata`, `media_type_id`, `created_at`, `updated_at`) VALUES (21, 21, 'labore', 953337, NULL, 1, '2009-09-05 00:00:00', '1979-09-12 00:00:00');
INSERT INTO `media` (`id`, `movie_id`, `filename`, `size`, `metadata`, `media_type_id`, `created_at`, `updated_at`) VALUES (22, 22, 'assumenda', 896884, NULL, 2, '2018-12-05 00:00:00', '2000-09-16 00:00:00');
INSERT INTO `media` (`id`, `movie_id`, `filename`, `size`, `metadata`, `media_type_id`, `created_at`, `updated_at`) VALUES (23, 23, 'doloremque', 221599, NULL, 1, '1977-11-23 00:00:00', '1976-12-01 00:00:00');
INSERT INTO `media` (`id`, `movie_id`, `filename`, `size`, `metadata`, `media_type_id`, `created_at`, `updated_at`) VALUES (24, 24, 'officiis', 527966, NULL, 2, '1998-10-08 00:00:00', '2012-08-28 00:00:00');
INSERT INTO `media` (`id`, `movie_id`, `filename`, `size`, `metadata`, `media_type_id`, `created_at`, `updated_at`) VALUES (25, 25, 'sint', 677035, NULL, 1, '2014-02-07 00:00:00', '2005-05-06 00:00:00');
INSERT INTO `media` (`id`, `movie_id`, `filename`, `size`, `metadata`, `media_type_id`, `created_at`, `updated_at`) VALUES (26, 26, 'eaque', 318488, NULL, 2, '1983-02-03 00:00:00', '1981-08-23 00:00:00');
INSERT INTO `media` (`id`, `movie_id`, `filename`, `size`, `metadata`, `media_type_id`, `created_at`, `updated_at`) VALUES (27, 27, 'doloribus', 370665, NULL, 1, '2001-11-12 00:00:00', '1984-02-21 00:00:00');
INSERT INTO `media` (`id`, `movie_id`, `filename`, `size`, `metadata`, `media_type_id`, `created_at`, `updated_at`) VALUES (28, 28, 'est', 431960, NULL, 2, '2012-11-26 00:00:00', '2019-07-17 00:00:00');
INSERT INTO `media` (`id`, `movie_id`, `filename`, `size`, `metadata`, `media_type_id`, `created_at`, `updated_at`) VALUES (29, 29, 'laborum', 519902, NULL, 1, '2014-05-02 00:00:00', '2006-03-11 00:00:00');
INSERT INTO `media` (`id`, `movie_id`, `filename`, `size`, `metadata`, `media_type_id`, `created_at`, `updated_at`) VALUES (30, 30, 'numquam', 82200, NULL, 2, '2002-01-08 00:00:00', '1970-05-09 00:00:00');
INSERT INTO `media` (`id`, `movie_id`, `filename`, `size`, `metadata`, `media_type_id`, `created_at`, `updated_at`) VALUES (31, 31, 'inventore', 186658, NULL, 1, '1989-05-09 00:00:00', '2021-01-20 00:00:00');
INSERT INTO `media` (`id`, `movie_id`, `filename`, `size`, `metadata`, `media_type_id`, `created_at`, `updated_at`) VALUES (32, 32, 'quas', 107248, NULL, 2, '1974-05-27 00:00:00', '1996-12-05 00:00:00');
INSERT INTO `media` (`id`, `movie_id`, `filename`, `size`, `metadata`, `media_type_id`, `created_at`, `updated_at`) VALUES (33, 33, 'facilis', 120179, NULL, 1, '1985-08-21 00:00:00', '1973-01-01 00:00:00');
INSERT INTO `media` (`id`, `movie_id`, `filename`, `size`, `metadata`, `media_type_id`, `created_at`, `updated_at`) VALUES (34, 34, 'voluptatem', 391439, NULL, 2, '2003-09-25 00:00:00', '2004-05-18 00:00:00');
INSERT INTO `media` (`id`, `movie_id`, `filename`, `size`, `metadata`, `media_type_id`, `created_at`, `updated_at`) VALUES (35, 35, 'et', 404604, NULL, 1, '1991-08-19 00:00:00', '1982-09-17 00:00:00');
INSERT INTO `media` (`id`, `movie_id`, `filename`, `size`, `metadata`, `media_type_id`, `created_at`, `updated_at`) VALUES (36, 36, 'omnis', 90465, NULL, 2, '1975-02-26 00:00:00', '1976-04-13 00:00:00');
INSERT INTO `media` (`id`, `movie_id`, `filename`, `size`, `metadata`, `media_type_id`, `created_at`, `updated_at`) VALUES (37, 37, 'id', 676788, NULL, 1, '1992-05-17 00:00:00', '2019-04-05 00:00:00');
INSERT INTO `media` (`id`, `movie_id`, `filename`, `size`, `metadata`, `media_type_id`, `created_at`, `updated_at`) VALUES (38, 38, 'aut', 165024, NULL, 2, '1975-08-26 00:00:00', '2006-06-02 00:00:00');
INSERT INTO `media` (`id`, `movie_id`, `filename`, `size`, `metadata`, `media_type_id`, `created_at`, `updated_at`) VALUES (39, 39, 'vel', 555953, NULL, 1, '2017-04-02 00:00:00', '2014-04-25 00:00:00');
INSERT INTO `media` (`id`, `movie_id`, `filename`, `size`, `metadata`, `media_type_id`, `created_at`, `updated_at`) VALUES (40, 40, 'et', 406644, NULL, 2, '1998-06-12 00:00:00', '2019-06-11 00:00:00');
INSERT INTO `media` (`id`, `movie_id`, `filename`, `size`, `metadata`, `media_type_id`, `created_at`, `updated_at`) VALUES (41, 41, 'debitis', 656415, NULL, 1, '2013-11-28 00:00:00', '1978-11-18 00:00:00');
INSERT INTO `media` (`id`, `movie_id`, `filename`, `size`, `metadata`, `media_type_id`, `created_at`, `updated_at`) VALUES (42, 42, 'veritatis', 459009, NULL, 2, '2020-02-13 00:00:00', '1989-02-28 00:00:00');
INSERT INTO `media` (`id`, `movie_id`, `filename`, `size`, `metadata`, `media_type_id`, `created_at`, `updated_at`) VALUES (43, 43, 'et', 798867, NULL, 1, '2016-07-18 00:00:00', '2006-03-13 00:00:00');
INSERT INTO `media` (`id`, `movie_id`, `filename`, `size`, `metadata`, `media_type_id`, `created_at`, `updated_at`) VALUES (44, 44, 'fugiat', 579182, NULL, 2, '1972-11-02 00:00:00', '1998-08-16 00:00:00');
INSERT INTO `media` (`id`, `movie_id`, `filename`, `size`, `metadata`, `media_type_id`, `created_at`, `updated_at`) VALUES (45, 45, 'officiis', 333499, NULL, 1, '1980-04-01 00:00:00', '1988-12-17 00:00:00');
INSERT INTO `media` (`id`, `movie_id`, `filename`, `size`, `metadata`, `media_type_id`, `created_at`, `updated_at`) VALUES (46, 46, 'eligendi', 206878, NULL, 2, '2001-10-12 00:00:00', '1997-08-08 00:00:00');
INSERT INTO `media` (`id`, `movie_id`, `filename`, `size`, `metadata`, `media_type_id`, `created_at`, `updated_at`) VALUES (47, 47, 'enim', 465006, NULL, 1, '2019-05-02 00:00:00', '2004-10-05 00:00:00');
INSERT INTO `media` (`id`, `movie_id`, `filename`, `size`, `metadata`, `media_type_id`, `created_at`, `updated_at`) VALUES (48, 48, 'quis', 927422, NULL, 2, '1977-05-09 00:00:00', '2004-02-16 00:00:00');
INSERT INTO `media` (`id`, `movie_id`, `filename`, `size`, `metadata`, `media_type_id`, `created_at`, `updated_at`) VALUES (49, 49, 'eum', 353281, NULL, 1, '1979-11-17 00:00:00', '2018-06-14 00:00:00');
INSERT INTO `media` (`id`, `movie_id`, `filename`, `size`, `metadata`, `media_type_id`, `created_at`, `updated_at`) VALUES (50, 50, 'nam', 398092, NULL, 2, '1983-08-29 00:00:00', '1980-12-10 00:00:00');
INSERT INTO `media` (`id`, `movie_id`, `filename`, `size`, `metadata`, `media_type_id`, `created_at`, `updated_at`) VALUES (51, 51, 'ullam', 892703, NULL, 1, '2004-10-25 00:00:00', '2013-11-14 00:00:00');
INSERT INTO `media` (`id`, `movie_id`, `filename`, `size`, `metadata`, `media_type_id`, `created_at`, `updated_at`) VALUES (52, 52, 'et', 768610, NULL, 2, '1980-11-24 00:00:00', '2011-04-28 00:00:00');
INSERT INTO `media` (`id`, `movie_id`, `filename`, `size`, `metadata`, `media_type_id`, `created_at`, `updated_at`) VALUES (53, 53, 'quas', 939353, NULL, 1, '1970-03-11 00:00:00', '2010-08-18 00:00:00');
INSERT INTO `media` (`id`, `movie_id`, `filename`, `size`, `metadata`, `media_type_id`, `created_at`, `updated_at`) VALUES (54, 54, 'ut', 828417, NULL, 2, '1971-04-25 00:00:00', '1986-11-25 00:00:00');
INSERT INTO `media` (`id`, `movie_id`, `filename`, `size`, `metadata`, `media_type_id`, `created_at`, `updated_at`) VALUES (55, 55, 'molestiae', 209044, NULL, 1, '2014-01-17 00:00:00', '1990-07-24 00:00:00');
INSERT INTO `media` (`id`, `movie_id`, `filename`, `size`, `metadata`, `media_type_id`, `created_at`, `updated_at`) VALUES (56, 56, 'non', 910979, NULL, 2, '1990-08-22 00:00:00', '1985-09-13 00:00:00');
INSERT INTO `media` (`id`, `movie_id`, `filename`, `size`, `metadata`, `media_type_id`, `created_at`, `updated_at`) VALUES (57, 57, 'voluptas', 126529, NULL, 1, '2005-11-13 00:00:00', '1999-08-06 00:00:00');
INSERT INTO `media` (`id`, `movie_id`, `filename`, `size`, `metadata`, `media_type_id`, `created_at`, `updated_at`) VALUES (58, 58, 'quis', 139605, NULL, 2, '2005-06-23 00:00:00', '2007-10-30 00:00:00');
INSERT INTO `media` (`id`, `movie_id`, `filename`, `size`, `metadata`, `media_type_id`, `created_at`, `updated_at`) VALUES (59, 59, 'quam', 238996, NULL, 1, '1981-08-29 00:00:00', '2011-11-06 00:00:00');
INSERT INTO `media` (`id`, `movie_id`, `filename`, `size`, `metadata`, `media_type_id`, `created_at`, `updated_at`) VALUES (60, 60, 'molestiae', 127690, NULL, 2, '2008-09-28 00:00:00', '2018-08-21 00:00:00');
INSERT INTO `media` (`id`, `movie_id`, `filename`, `size`, `metadata`, `media_type_id`, `created_at`, `updated_at`) VALUES (61, 61, 'ut', 812178, NULL, 1, '2015-10-14 00:00:00', '2002-12-26 00:00:00');
INSERT INTO `media` (`id`, `movie_id`, `filename`, `size`, `metadata`, `media_type_id`, `created_at`, `updated_at`) VALUES (62, 62, 'minima', 293342, NULL, 2, '2011-12-12 00:00:00', '2007-05-01 00:00:00');
INSERT INTO `media` (`id`, `movie_id`, `filename`, `size`, `metadata`, `media_type_id`, `created_at`, `updated_at`) VALUES (63, 63, 'neque', 812610, NULL, 1, '1980-04-16 00:00:00', '2011-02-27 00:00:00');
INSERT INTO `media` (`id`, `movie_id`, `filename`, `size`, `metadata`, `media_type_id`, `created_at`, `updated_at`) VALUES (64, 64, 'delectus', 774633, NULL, 2, '2006-04-25 00:00:00', '1981-03-24 00:00:00');
INSERT INTO `media` (`id`, `movie_id`, `filename`, `size`, `metadata`, `media_type_id`, `created_at`, `updated_at`) VALUES (65, 65, 'aliquam', 996211, NULL, 1, '1987-05-10 00:00:00', '1992-06-11 00:00:00');
INSERT INTO `media` (`id`, `movie_id`, `filename`, `size`, `metadata`, `media_type_id`, `created_at`, `updated_at`) VALUES (66, 66, 'tempora', 278970, NULL, 2, '1993-05-26 00:00:00', '2013-12-07 00:00:00');
INSERT INTO `media` (`id`, `movie_id`, `filename`, `size`, `metadata`, `media_type_id`, `created_at`, `updated_at`) VALUES (67, 67, 'rerum', 887865, NULL, 1, '2002-03-23 00:00:00', '1972-12-05 00:00:00');
INSERT INTO `media` (`id`, `movie_id`, `filename`, `size`, `metadata`, `media_type_id`, `created_at`, `updated_at`) VALUES (68, 68, 'et', 852503, NULL, 2, '2008-03-14 00:00:00', '1989-12-29 00:00:00');
INSERT INTO `media` (`id`, `movie_id`, `filename`, `size`, `metadata`, `media_type_id`, `created_at`, `updated_at`) VALUES (69, 69, 'occaecati', 750887, NULL, 1, '1984-05-09 00:00:00', '2002-06-28 00:00:00');
INSERT INTO `media` (`id`, `movie_id`, `filename`, `size`, `metadata`, `media_type_id`, `created_at`, `updated_at`) VALUES (70, 70, 'incidunt', 43345, NULL, 2, '1972-02-16 00:00:00', '2005-07-17 00:00:00');
INSERT INTO `media` (`id`, `movie_id`, `filename`, `size`, `metadata`, `media_type_id`, `created_at`, `updated_at`) VALUES (71, 71, 'dolore', 731611, NULL, 1, '1975-08-21 00:00:00', '1971-08-09 00:00:00');
INSERT INTO `media` (`id`, `movie_id`, `filename`, `size`, `metadata`, `media_type_id`, `created_at`, `updated_at`) VALUES (72, 72, 'eum', 59355, NULL, 2, '2003-01-09 00:00:00', '1990-08-17 00:00:00');
INSERT INTO `media` (`id`, `movie_id`, `filename`, `size`, `metadata`, `media_type_id`, `created_at`, `updated_at`) VALUES (73, 73, 'eum', 11809, NULL, 1, '1989-06-02 00:00:00', '1975-09-27 00:00:00');
INSERT INTO `media` (`id`, `movie_id`, `filename`, `size`, `metadata`, `media_type_id`, `created_at`, `updated_at`) VALUES (74, 74, 'quisquam', 236084, NULL, 2, '1988-01-01 00:00:00', '2005-04-05 00:00:00');
INSERT INTO `media` (`id`, `movie_id`, `filename`, `size`, `metadata`, `media_type_id`, `created_at`, `updated_at`) VALUES (75, 75, 'perferendis', 106384, NULL, 1, '1987-02-22 00:00:00', '1978-06-18 00:00:00');
INSERT INTO `media` (`id`, `movie_id`, `filename`, `size`, `metadata`, `media_type_id`, `created_at`, `updated_at`) VALUES (76, 76, 'repellat', 461382, NULL, 2, '2007-04-06 00:00:00', '1984-09-19 00:00:00');
INSERT INTO `media` (`id`, `movie_id`, `filename`, `size`, `metadata`, `media_type_id`, `created_at`, `updated_at`) VALUES (77, 77, 'eveniet', 782256, NULL, 1, '1975-08-11 00:00:00', '2010-05-08 00:00:00');
INSERT INTO `media` (`id`, `movie_id`, `filename`, `size`, `metadata`, `media_type_id`, `created_at`, `updated_at`) VALUES (78, 78, 'quo', 65985, NULL, 2, '2017-05-15 00:00:00', '1973-01-21 00:00:00');
INSERT INTO `media` (`id`, `movie_id`, `filename`, `size`, `metadata`, `media_type_id`, `created_at`, `updated_at`) VALUES (79, 79, 'aut', 881070, NULL, 1, '1977-08-03 00:00:00', '2005-03-15 00:00:00');
INSERT INTO `media` (`id`, `movie_id`, `filename`, `size`, `metadata`, `media_type_id`, `created_at`, `updated_at`) VALUES (80, 80, 'dolor', 79835, NULL, 2, '1987-03-18 00:00:00', '2015-07-02 00:00:00');
INSERT INTO `media` (`id`, `movie_id`, `filename`, `size`, `metadata`, `media_type_id`, `created_at`, `updated_at`) VALUES (81, 81, 'vitae', 356499, NULL, 1, '1998-05-20 00:00:00', '2010-11-11 00:00:00');
INSERT INTO `media` (`id`, `movie_id`, `filename`, `size`, `metadata`, `media_type_id`, `created_at`, `updated_at`) VALUES (82, 82, 'et', 631497, NULL, 2, '2018-10-11 00:00:00', '1996-10-29 00:00:00');
INSERT INTO `media` (`id`, `movie_id`, `filename`, `size`, `metadata`, `media_type_id`, `created_at`, `updated_at`) VALUES (83, 83, 'non', 344595, NULL, 1, '2004-03-08 00:00:00', '1990-11-21 00:00:00');
INSERT INTO `media` (`id`, `movie_id`, `filename`, `size`, `metadata`, `media_type_id`, `created_at`, `updated_at`) VALUES (84, 84, 'neque', 817583, NULL, 2, '2018-09-04 00:00:00', '1984-08-15 00:00:00');
INSERT INTO `media` (`id`, `movie_id`, `filename`, `size`, `metadata`, `media_type_id`, `created_at`, `updated_at`) VALUES (85, 85, 'qui', 61516, NULL, 1, '2010-11-05 00:00:00', '1972-02-18 00:00:00');
INSERT INTO `media` (`id`, `movie_id`, `filename`, `size`, `metadata`, `media_type_id`, `created_at`, `updated_at`) VALUES (86, 86, 'aut', 593152, NULL, 2, '1996-12-22 00:00:00', '1989-10-30 00:00:00');
INSERT INTO `media` (`id`, `movie_id`, `filename`, `size`, `metadata`, `media_type_id`, `created_at`, `updated_at`) VALUES (87, 87, 'suscipit', 625999, NULL, 1, '1994-07-29 00:00:00', '2016-06-20 00:00:00');
INSERT INTO `media` (`id`, `movie_id`, `filename`, `size`, `metadata`, `media_type_id`, `created_at`, `updated_at`) VALUES (88, 88, 'nihil', 337236, NULL, 2, '1986-03-02 00:00:00', '1973-12-08 00:00:00');
INSERT INTO `media` (`id`, `movie_id`, `filename`, `size`, `metadata`, `media_type_id`, `created_at`, `updated_at`) VALUES (89, 89, 'maiores', 940218, NULL, 1, '1973-01-23 00:00:00', '2017-06-17 00:00:00');
INSERT INTO `media` (`id`, `movie_id`, `filename`, `size`, `metadata`, `media_type_id`, `created_at`, `updated_at`) VALUES (90, 90, 'commodi', 164762, NULL, 2, '2015-05-22 00:00:00', '1982-06-27 00:00:00');
INSERT INTO `media` (`id`, `movie_id`, `filename`, `size`, `metadata`, `media_type_id`, `created_at`, `updated_at`) VALUES (91, 91, 'incidunt', 516723, NULL, 1, '2012-08-12 00:00:00', '1987-06-21 00:00:00');
INSERT INTO `media` (`id`, `movie_id`, `filename`, `size`, `metadata`, `media_type_id`, `created_at`, `updated_at`) VALUES (92, 92, 'sint', 311172, NULL, 2, '2009-08-04 00:00:00', '1985-09-27 00:00:00');
INSERT INTO `media` (`id`, `movie_id`, `filename`, `size`, `metadata`, `media_type_id`, `created_at`, `updated_at`) VALUES (93, 93, 'vero', 404498, NULL, 1, '1991-01-31 00:00:00', '2005-12-16 00:00:00');
INSERT INTO `media` (`id`, `movie_id`, `filename`, `size`, `metadata`, `media_type_id`, `created_at`, `updated_at`) VALUES (94, 94, 'voluptas', 505993, NULL, 2, '1970-09-21 00:00:00', '2017-12-11 00:00:00');
INSERT INTO `media` (`id`, `movie_id`, `filename`, `size`, `metadata`, `media_type_id`, `created_at`, `updated_at`) VALUES (95, 95, 'in', 761104, NULL, 1, '1991-03-28 00:00:00', '1977-01-11 00:00:00');
INSERT INTO `media` (`id`, `movie_id`, `filename`, `size`, `metadata`, `media_type_id`, `created_at`, `updated_at`) VALUES (96, 96, 'voluptate', 301819, NULL, 2, '2015-12-02 00:00:00', '2005-08-19 00:00:00');
INSERT INTO `media` (`id`, `movie_id`, `filename`, `size`, `metadata`, `media_type_id`, `created_at`, `updated_at`) VALUES (97, 97, 'deleniti', 319588, NULL, 1, '1995-10-20 00:00:00', '1971-07-29 00:00:00');
INSERT INTO `media` (`id`, `movie_id`, `filename`, `size`, `metadata`, `media_type_id`, `created_at`, `updated_at`) VALUES (98, 98, 'est', 819205, NULL, 2, '1979-02-24 00:00:00', '2018-02-11 00:00:00');
INSERT INTO `media` (`id`, `movie_id`, `filename`, `size`, `metadata`, `media_type_id`, `created_at`, `updated_at`) VALUES (99, 99, 'ullam', 420122, NULL, 1, '1987-03-11 00:00:00', '1998-03-07 00:00:00');
INSERT INTO `media` (`id`, `movie_id`, `filename`, `size`, `metadata`, `media_type_id`, `created_at`, `updated_at`) VALUES (100, 100, 'qui', 986413, NULL, 2, '1999-06-09 00:00:00', '2005-05-27 00:00:00');


#
# TABLE STRUCTURE FOR: media_types
#

DROP TABLE IF EXISTS `media_types`;

CREATE TABLE `media_types` (
  `id` int(10) unsigned NOT NULL AUTO_INCREMENT COMMENT 'Идентификатор строки',
  `name` varchar(255) COLLATE utf8mb4_unicode_ci NOT NULL COMMENT 'Название типа',
  `created_at` datetime DEFAULT current_timestamp() COMMENT 'Время создания строки',
  `updated_at` datetime DEFAULT current_timestamp() ON UPDATE current_timestamp() COMMENT 'Время обновления строки',
  PRIMARY KEY (`id`),
  UNIQUE KEY `name` (`name`)
) ENGINE=InnoDB AUTO_INCREMENT=3 DEFAULT CHARSET=utf8mb4 COLLATE=utf8mb4_unicode_ci COMMENT='Типы медиафайлов';

INSERT INTO `media_types` (`id`, `name`, `created_at`, `updated_at`) VALUES (1, 'magni', '2007-11-26 00:00:00', '2012-10-01 00:00:00');
INSERT INTO `media_types` (`id`, `name`, `created_at`, `updated_at`) VALUES (2, 'nesciunt', '1992-03-07 00:00:00', '2017-07-12 00:00:00');


#
# TABLE STRUCTURE FOR: movies
#

DROP TABLE IF EXISTS `movies`;

CREATE TABLE `movies` (
  `id` int(10) unsigned NOT NULL AUTO_INCREMENT COMMENT 'Идентификатор строки',
  `movie_name` varchar(255) COLLATE utf8mb4_unicode_ci NOT NULL COMMENT 'Путь к файлу',
  `description` text COLLATE utf8mb4_unicode_ci NOT NULL COMMENT 'Описание фильма',
  `country` varchar(130) COLLATE utf8mb4_unicode_ci DEFAULT NULL COMMENT 'Страна происхождения',
  `movie_release_date` date DEFAULT NULL COMMENT 'Дата выхода фильма',
  `genres_id` int(10) unsigned NOT NULL COMMENT 'Ссылка на жанр',
  `created_at` datetime DEFAULT current_timestamp() COMMENT 'Время создания строки',
  `updated_at` datetime DEFAULT current_timestamp() ON UPDATE current_timestamp() COMMENT 'Время обновления строки',
  PRIMARY KEY (`id`)
) ENGINE=InnoDB AUTO_INCREMENT=101 DEFAULT CHARSET=utf8mb4 COLLATE=utf8mb4_unicode_ci COMMENT='Фильмы';

INSERT INTO `movies` (`id`, `movie_name`, `description`, `country`, `movie_release_date`, `genres_id`, `created_at`, `updated_at`) VALUES (1, 'minus', 'Quis tenetur ducimus inventore quis sit et id. Iusto officiis vel quibusdam rem iste rerum quia quidem.', 'Benin', '2002-03-31', 1, '2015-10-09 03:04:32', '2017-07-30 04:20:51');
INSERT INTO `movies` (`id`, `movie_name`, `description`, `country`, `movie_release_date`, `genres_id`, `created_at`, `updated_at`) VALUES (2, 'velit', 'Consequatur dolorem tempore distinctio est iste commodi minus et. Recusandae dolores quod sunt eos magnam voluptatem exercitationem. Dignissimos aut necessitatibus assumenda tenetur et laudantium.', 'Micronesia', '2017-01-04', 2, '2016-06-17 03:05:28', '2013-10-24 02:01:02');
INSERT INTO `movies` (`id`, `movie_name`, `description`, `country`, `movie_release_date`, `genres_id`, `created_at`, `updated_at`) VALUES (3, 'dolores', 'Provident natus repellat sunt et officia a aut dolorem. Molestiae assumenda non molestiae sint officia nesciunt quo. Laboriosam aut facere inventore temporibus rerum ex.', 'Comoros', '1994-04-03', 3, '2014-03-29 07:57:39', '2011-07-16 20:33:44');
INSERT INTO `movies` (`id`, `movie_name`, `description`, `country`, `movie_release_date`, `genres_id`, `created_at`, `updated_at`) VALUES (4, 'ab', 'Quidem voluptatibus est iste ut. Blanditiis et autem ad sapiente suscipit quaerat.\nIn consequatur quia qui officiis non. Cumque quibusdam ut dolore maxime qui quibusdam.', 'French Polynesia', '1976-02-25', 4, '2015-05-18 18:46:19', '2017-05-31 04:33:01');
INSERT INTO `movies` (`id`, `movie_name`, `description`, `country`, `movie_release_date`, `genres_id`, `created_at`, `updated_at`) VALUES (5, 'dolorem', 'Hic omnis autem nesciunt officiis iure explicabo. Veniam iure explicabo qui id. Ut rerum omnis sunt placeat maxime.', 'Mongolia', '1997-04-03', 5, '2016-01-24 16:54:05', '2016-12-07 16:55:15');
INSERT INTO `movies` (`id`, `movie_name`, `description`, `country`, `movie_release_date`, `genres_id`, `created_at`, `updated_at`) VALUES (6, 'delectus', 'Cupiditate nihil numquam possimus ipsam. Est veritatis et est. Unde rerum molestiae necessitatibus hic. Repellendus molestias a et omnis quibusdam maiores. Aspernatur debitis facilis illum.', 'Honduras', '2017-06-01', 6, '2011-05-09 00:39:00', '2017-04-16 10:13:12');
INSERT INTO `movies` (`id`, `movie_name`, `description`, `country`, `movie_release_date`, `genres_id`, `created_at`, `updated_at`) VALUES (7, 'aut', 'Et aut voluptas maiores sint. Ad est dolorum ea maiores eius dolores. Eius voluptatem sunt nihil debitis.', 'Antigua and Barbuda', '2005-12-11', 1, '2013-01-14 13:09:12', '2017-12-21 16:37:17');
INSERT INTO `movies` (`id`, `movie_name`, `description`, `country`, `movie_release_date`, `genres_id`, `created_at`, `updated_at`) VALUES (8, 'ut', 'Unde id omnis totam molestiae. Sed ut consectetur qui nihil impedit voluptas. A consequatur facere dolores.', 'United Arab Emirates', '1988-01-16', 2, '2017-03-12 14:48:01', '2020-12-09 03:03:04');
INSERT INTO `movies` (`id`, `movie_name`, `description`, `country`, `movie_release_date`, `genres_id`, `created_at`, `updated_at`) VALUES (9, 'ut', 'Inventore maiores veniam quidem. Natus fugit aut et ea eum et. Non minima molestias quae ratione sed consequatur repudiandae.', 'Antigua and Barbuda', '1976-06-02', 3, '2014-09-09 12:12:49', '2013-08-14 15:39:32');
INSERT INTO `movies` (`id`, `movie_name`, `description`, `country`, `movie_release_date`, `genres_id`, `created_at`, `updated_at`) VALUES (10, 'mollitia', 'Quibusdam voluptatem sint assumenda consequatur. Totam iusto dolorem sed quo. Ipsum ipsa dolorem doloribus dolorem facilis. Hic id natus ut ut laboriosam.', 'Syrian Arab Republic', '1995-06-09', 4, '2021-02-01 13:42:14', '2018-02-17 04:18:44');
INSERT INTO `movies` (`id`, `movie_name`, `description`, `country`, `movie_release_date`, `genres_id`, `created_at`, `updated_at`) VALUES (11, 'et', 'Est magni laudantium sapiente aut necessitatibus cupiditate vel. Deserunt rem dolores perferendis. Voluptatem nihil quo impedit dolore mollitia laboriosam.', 'Djibouti', '2005-02-03', 5, '2020-06-21 18:27:56', '2011-08-29 23:55:45');
INSERT INTO `movies` (`id`, `movie_name`, `description`, `country`, `movie_release_date`, `genres_id`, `created_at`, `updated_at`) VALUES (12, 'voluptatem', 'Voluptas quas est sed et similique. Eligendi maxime ad iste et. Quae fuga dignissimos commodi non quasi placeat. Quo soluta ut dolor voluptatibus voluptatem omnis est.', 'Cuba', '1974-07-18', 6, '2016-02-25 17:16:03', '2017-10-13 12:20:40');
INSERT INTO `movies` (`id`, `movie_name`, `description`, `country`, `movie_release_date`, `genres_id`, `created_at`, `updated_at`) VALUES (13, 'voluptate', 'Incidunt consequuntur et aspernatur magni sequi. Et id nemo quibusdam ad ut. Facere nulla temporibus assumenda. Asperiores et ut mollitia.', 'Czech Republic', '2001-03-22', 1, '2013-08-25 00:53:55', '2020-05-24 19:16:07');
INSERT INTO `movies` (`id`, `movie_name`, `description`, `country`, `movie_release_date`, `genres_id`, `created_at`, `updated_at`) VALUES (14, 'et', 'Eum quod natus et ipsam consequuntur dolorem. Error blanditiis molestias est. Ad consequatur est voluptas earum ratione ut quas.', 'Tonga', '1989-11-30', 2, '2017-05-02 01:03:04', '2020-12-09 19:25:37');
INSERT INTO `movies` (`id`, `movie_name`, `description`, `country`, `movie_release_date`, `genres_id`, `created_at`, `updated_at`) VALUES (15, 'vitae', 'Tempore unde veritatis necessitatibus distinctio nisi vel. Esse sint ea rerum sequi provident fugit qui. Similique quibusdam sed nisi nihil fugit aut. Sunt blanditiis voluptatem quasi nulla.', 'Ethiopia', '2019-08-26', 3, '2019-04-04 11:34:26', '2013-06-09 14:43:06');
INSERT INTO `movies` (`id`, `movie_name`, `description`, `country`, `movie_release_date`, `genres_id`, `created_at`, `updated_at`) VALUES (16, 'ullam', 'Unde rerum enim similique voluptatem. Qui deserunt doloremque dolores esse. Quo magni est voluptatum laborum. Animi perspiciatis quibusdam vitae quos tenetur.', 'Bhutan', '2020-11-02', 4, '2016-03-28 19:51:37', '2012-09-10 11:36:29');
INSERT INTO `movies` (`id`, `movie_name`, `description`, `country`, `movie_release_date`, `genres_id`, `created_at`, `updated_at`) VALUES (17, 'magni', 'Ab soluta ut consectetur accusantium. Provident vero eos id expedita voluptas. Qui blanditiis nemo incidunt adipisci ea iusto.', 'Benin', '1972-02-07', 5, '2013-05-16 09:32:50', '2012-12-01 17:15:38');
INSERT INTO `movies` (`id`, `movie_name`, `description`, `country`, `movie_release_date`, `genres_id`, `created_at`, `updated_at`) VALUES (18, 'porro', 'Incidunt aperiam ipsa nisi vero ipsam perspiciatis. Modi temporibus enim rerum debitis corrupti. Debitis vitae praesentium omnis sint iure et reiciendis. Similique esse optio debitis.', 'Sri Lanka', '1990-02-11', 6, '2012-07-08 14:42:38', '2018-03-26 06:45:14');
INSERT INTO `movies` (`id`, `movie_name`, `description`, `country`, `movie_release_date`, `genres_id`, `created_at`, `updated_at`) VALUES (19, 'aut', 'Qui omnis nesciunt et consequuntur saepe doloremque. Fugiat assumenda qui itaque non eius laborum. Dolor aliquid numquam et itaque voluptate. At ut unde quam autem.', 'Honduras', '2000-10-12', 1, '2012-03-11 15:37:06', '2011-05-24 00:23:27');
INSERT INTO `movies` (`id`, `movie_name`, `description`, `country`, `movie_release_date`, `genres_id`, `created_at`, `updated_at`) VALUES (20, 'vero', 'Rerum consectetur qui molestiae id harum corporis. Molestias eum est in aut omnis. Molestias quasi voluptatem omnis quisquam ex nesciunt autem.', 'Norway', '1982-09-04', 2, '2018-04-24 05:53:20', '2015-03-10 13:10:45');
INSERT INTO `movies` (`id`, `movie_name`, `description`, `country`, `movie_release_date`, `genres_id`, `created_at`, `updated_at`) VALUES (21, 'provident', 'Et accusamus et laudantium beatae. Ad est dolorem dignissimos fugiat quaerat incidunt. Neque rerum voluptatem ipsum incidunt et ratione ipsum. Repellendus fuga est ut harum cum.', 'Belarus', '1977-11-12', 3, '2013-03-21 12:48:47', '2012-06-26 22:45:38');
INSERT INTO `movies` (`id`, `movie_name`, `description`, `country`, `movie_release_date`, `genres_id`, `created_at`, `updated_at`) VALUES (22, 'ullam', 'Quod et necessitatibus possimus autem voluptas fugit. Blanditiis nulla impedit consequatur id. Quis non commodi quis id molestias quia.', 'Kenya', '1993-01-11', 4, '2019-04-20 00:24:54', '2017-10-03 07:01:04');
INSERT INTO `movies` (`id`, `movie_name`, `description`, `country`, `movie_release_date`, `genres_id`, `created_at`, `updated_at`) VALUES (23, 'odio', 'Animi ratione rem sunt in. Exercitationem labore voluptate soluta necessitatibus tempora. Ut quae quaerat quo. Ullam saepe qui est ducimus ratione itaque alias unde.', 'Tanzania', '2000-06-06', 5, '2015-11-15 20:43:52', '2015-08-11 02:58:44');
INSERT INTO `movies` (`id`, `movie_name`, `description`, `country`, `movie_release_date`, `genres_id`, `created_at`, `updated_at`) VALUES (24, 'deleniti', 'Odit rerum saepe dolor laboriosam. Nostrum ratione maiores quas odio exercitationem. Id officiis hic amet.', 'Bhutan', '1989-03-23', 6, '2012-01-02 17:08:26', '2018-03-18 04:18:07');
INSERT INTO `movies` (`id`, `movie_name`, `description`, `country`, `movie_release_date`, `genres_id`, `created_at`, `updated_at`) VALUES (25, 'quam', 'Ullam assumenda quia velit quo et sed voluptas earum. Perferendis quia aut ut qui. Nemo qui ducimus quam esse in ut aliquid et.', 'Saint Lucia', '2006-10-12', 1, '2017-03-15 23:22:34', '2015-04-12 09:58:54');
INSERT INTO `movies` (`id`, `movie_name`, `description`, `country`, `movie_release_date`, `genres_id`, `created_at`, `updated_at`) VALUES (26, 'rerum', 'Vel consequatur qui natus temporibus dolores. Magni dolores voluptatem sit aut et deserunt distinctio. Cumque non illo voluptate quis nihil perferendis.', 'Germany', '2006-10-13', 2, '2018-04-01 07:44:27', '2013-02-24 02:38:39');
INSERT INTO `movies` (`id`, `movie_name`, `description`, `country`, `movie_release_date`, `genres_id`, `created_at`, `updated_at`) VALUES (27, 'rem', 'Explicabo et expedita eius ut dolor. Rerum consectetur expedita beatae praesentium veniam. Quis dicta ipsam sed ut iusto nemo aspernatur. Excepturi aut ut iure explicabo sapiente enim ipsam.', 'American Samoa', '1981-03-06', 3, '2011-06-22 11:32:51', '2020-11-06 21:31:54');
INSERT INTO `movies` (`id`, `movie_name`, `description`, `country`, `movie_release_date`, `genres_id`, `created_at`, `updated_at`) VALUES (28, 'labore', 'Qui et consequuntur quod voluptas voluptatibus illo explicabo. Laborum voluptate aut qui unde voluptatem eos ut et. Ea eius aut ut laudantium doloremque.', 'Monaco', '2010-07-07', 4, '2016-01-09 01:35:35', '2011-10-24 07:02:15');
INSERT INTO `movies` (`id`, `movie_name`, `description`, `country`, `movie_release_date`, `genres_id`, `created_at`, `updated_at`) VALUES (29, 'ut', 'Blanditiis impedit et labore consectetur quaerat. Fuga tempora error ipsam labore quisquam. Nobis velit voluptatum eaque ea aut est.', 'South Georgia and the South Sandwich Islands', '2010-10-27', 5, '2014-10-21 17:22:13', '2020-08-11 06:31:41');
INSERT INTO `movies` (`id`, `movie_name`, `description`, `country`, `movie_release_date`, `genres_id`, `created_at`, `updated_at`) VALUES (30, 'omnis', 'Inventore qui qui corporis neque. Id enim doloribus nostrum molestiae sit. Enim labore dolorum animi facilis maiores nam.', 'Saint Barthelemy', '1987-09-28', 6, '2016-11-12 22:51:48', '2015-11-21 18:21:58');
INSERT INTO `movies` (`id`, `movie_name`, `description`, `country`, `movie_release_date`, `genres_id`, `created_at`, `updated_at`) VALUES (31, 'beatae', 'Nulla natus et quibusdam consequatur. Autem natus autem architecto porro. Porro rerum in ut ex vel pariatur laudantium. Magnam aut et eligendi dolorum molestiae aspernatur.', 'Jordan', '1985-03-11', 1, '2012-11-02 06:16:34', '2017-02-15 02:21:42');
INSERT INTO `movies` (`id`, `movie_name`, `description`, `country`, `movie_release_date`, `genres_id`, `created_at`, `updated_at`) VALUES (32, 'quae', 'Perferendis et debitis in corrupti amet animi. Molestias maxime atque autem.', 'Djibouti', '1974-03-02', 2, '2020-01-11 01:31:39', '2015-08-18 17:04:46');
INSERT INTO `movies` (`id`, `movie_name`, `description`, `country`, `movie_release_date`, `genres_id`, `created_at`, `updated_at`) VALUES (33, 'reprehenderit', 'Molestiae illum ipsam fuga voluptas amet eveniet. Voluptates est sunt quia perferendis omnis unde odio. Quia rerum debitis ea doloribus dolorem et. Sunt culpa perspiciatis et est minima.', 'Cocos (Keeling) Islands', '1978-09-02', 3, '2012-05-25 11:25:05', '2016-03-25 03:30:26');
INSERT INTO `movies` (`id`, `movie_name`, `description`, `country`, `movie_release_date`, `genres_id`, `created_at`, `updated_at`) VALUES (34, 'ea', 'Harum voluptas occaecati earum dolorum rerum quia quam. Omnis optio eaque eveniet dicta optio. Optio voluptatibus nihil modi minus. In accusantium aliquam aut esse atque veritatis.', 'American Samoa', '2015-09-04', 4, '2014-09-22 17:32:28', '2017-09-14 05:27:38');
INSERT INTO `movies` (`id`, `movie_name`, `description`, `country`, `movie_release_date`, `genres_id`, `created_at`, `updated_at`) VALUES (35, 'quia', 'Sed rerum omnis ullam ipsam. Expedita deleniti adipisci aut ipsum. Voluptatem quos quaerat totam cupiditate accusantium odit fuga.', 'Holy See (Vatican City State)', '1986-01-13', 5, '2011-12-07 01:30:53', '2019-10-06 03:30:38');
INSERT INTO `movies` (`id`, `movie_name`, `description`, `country`, `movie_release_date`, `genres_id`, `created_at`, `updated_at`) VALUES (36, 'et', 'Qui aut dolores voluptatem ea. Eaque eum provident neque consectetur voluptatem nam. Sit pariatur iusto nihil aperiam quam assumenda et. Est pariatur doloribus recusandae autem ut.', 'Uruguay', '2007-10-30', 6, '2020-08-22 17:38:07', '2013-10-28 17:26:25');
INSERT INTO `movies` (`id`, `movie_name`, `description`, `country`, `movie_release_date`, `genres_id`, `created_at`, `updated_at`) VALUES (37, 'enim', 'Quia quaerat omnis neque corrupti nam. Id assumenda et omnis voluptatem.', 'Slovenia', '1985-04-25', 1, '2014-05-01 07:21:49', '2014-09-27 23:26:05');
INSERT INTO `movies` (`id`, `movie_name`, `description`, `country`, `movie_release_date`, `genres_id`, `created_at`, `updated_at`) VALUES (38, 'libero', 'Minima excepturi id maiores id voluptatibus veniam in. Perferendis sapiente distinctio quia possimus iure nobis est reiciendis. Ea maxime aut et. Modi eveniet qui odit quis fuga dignissimos.', 'Kyrgyz Republic', '2000-02-16', 2, '2014-01-21 09:22:30', '2019-04-09 19:34:45');
INSERT INTO `movies` (`id`, `movie_name`, `description`, `country`, `movie_release_date`, `genres_id`, `created_at`, `updated_at`) VALUES (39, 'omnis', 'Tenetur et natus a et qui. Ipsam porro velit sint autem officiis illum ipsum. Omnis eveniet quo et sed.', 'Isle of Man', '2001-06-13', 3, '2020-02-20 01:41:14', '2016-08-17 12:55:10');
INSERT INTO `movies` (`id`, `movie_name`, `description`, `country`, `movie_release_date`, `genres_id`, `created_at`, `updated_at`) VALUES (40, 'est', 'Aut quod sunt repellendus sapiente omnis. Quasi rem voluptates ipsa accusamus aspernatur est quia. Voluptatem omnis aut fugiat veritatis tenetur et voluptatem.', 'Andorra', '1976-05-17', 4, '2012-04-03 01:56:35', '2018-06-03 20:53:39');
INSERT INTO `movies` (`id`, `movie_name`, `description`, `country`, `movie_release_date`, `genres_id`, `created_at`, `updated_at`) VALUES (41, 'sunt', 'Enim sed aspernatur ratione. Delectus quia doloribus eveniet. Aut nobis illo commodi recusandae. Ut expedita quaerat vero quasi nulla.', 'Turkey', '2003-10-13', 5, '2014-12-11 21:58:00', '2018-03-21 13:24:49');
INSERT INTO `movies` (`id`, `movie_name`, `description`, `country`, `movie_release_date`, `genres_id`, `created_at`, `updated_at`) VALUES (42, 'ut', 'Labore beatae explicabo placeat sit sed. Cum dolores numquam fugit quae quasi. Eos sit sit similique non architecto saepe. Natus eveniet fugiat omnis labore consectetur et magni facere.', 'Ghana', '2008-07-30', 6, '2012-04-07 22:22:50', '2012-11-22 01:29:30');
INSERT INTO `movies` (`id`, `movie_name`, `description`, `country`, `movie_release_date`, `genres_id`, `created_at`, `updated_at`) VALUES (43, 'nulla', 'Harum eius at aut est pariatur et et. Repellat laboriosam rerum dicta nisi ut nisi dolore dicta. Tenetur cupiditate voluptates nemo corrupti eum qui. Doloribus non eius repellat dolorum facere.', 'American Samoa', '1993-08-21', 1, '2012-09-06 18:02:33', '2017-02-07 23:33:04');
INSERT INTO `movies` (`id`, `movie_name`, `description`, `country`, `movie_release_date`, `genres_id`, `created_at`, `updated_at`) VALUES (44, 'nemo', 'Labore eos eos labore ut omnis magni velit. Ut tempora nihil possimus illo. Voluptatibus et laborum quia rem id.', 'Sudan', '1993-10-29', 2, '2020-07-17 23:50:19', '2017-10-31 19:41:05');
INSERT INTO `movies` (`id`, `movie_name`, `description`, `country`, `movie_release_date`, `genres_id`, `created_at`, `updated_at`) VALUES (45, 'in', 'Ut quidem provident laudantium quidem voluptas. Quam omnis sint laudantium magnam aspernatur. Omnis adipisci non sapiente aut aliquam rerum qui et.', 'Tonga', '2005-12-11', 3, '2020-06-27 04:08:13', '2016-10-27 22:24:03');
INSERT INTO `movies` (`id`, `movie_name`, `description`, `country`, `movie_release_date`, `genres_id`, `created_at`, `updated_at`) VALUES (46, 'quam', 'Facilis voluptas reiciendis eveniet omnis iure. Provident libero numquam amet veniam. Quia exercitationem voluptas magnam velit ad. Enim quisquam eius quasi dignissimos qui.', 'Tuvalu', '1992-04-30', 4, '2017-12-15 23:49:47', '2011-07-16 17:16:48');
INSERT INTO `movies` (`id`, `movie_name`, `description`, `country`, `movie_release_date`, `genres_id`, `created_at`, `updated_at`) VALUES (47, 'magni', 'Ut officia fuga sit voluptas animi velit consequatur. Ipsa doloremque non asperiores excepturi quae dolorem at.', 'Iran', '1986-10-16', 5, '2016-09-25 22:48:23', '2020-12-06 02:16:31');
INSERT INTO `movies` (`id`, `movie_name`, `description`, `country`, `movie_release_date`, `genres_id`, `created_at`, `updated_at`) VALUES (48, 'aspernatur', 'Eos esse voluptatem omnis ut nobis aliquid. Qui voluptatum aut quod minima. A hic natus dolores aut et fugiat modi.', 'Mauritania', '1974-10-17', 6, '2016-12-07 08:42:30', '2021-02-20 04:43:13');
INSERT INTO `movies` (`id`, `movie_name`, `description`, `country`, `movie_release_date`, `genres_id`, `created_at`, `updated_at`) VALUES (49, 'deserunt', 'Error doloribus voluptatem veniam et. Ducimus quia facere numquam voluptas debitis autem. Amet ea necessitatibus doloribus excepturi et.', 'Wallis and Futuna', '2018-01-21', 1, '2015-07-19 06:12:13', '2017-12-23 20:09:11');
INSERT INTO `movies` (`id`, `movie_name`, `description`, `country`, `movie_release_date`, `genres_id`, `created_at`, `updated_at`) VALUES (50, 'non', 'Repellendus voluptates et et itaque. Ut sed distinctio magni voluptas numquam. Quia ut recusandae molestias non distinctio est. Dolores quae odit vero et possimus.', 'Indonesia', '2012-04-04', 2, '2021-01-09 06:07:07', '2020-04-05 20:07:49');
INSERT INTO `movies` (`id`, `movie_name`, `description`, `country`, `movie_release_date`, `genres_id`, `created_at`, `updated_at`) VALUES (51, 'qui', 'Et et suscipit magnam rerum earum. Dolores ducimus quidem aut dolorem. Delectus ducimus molestias minus.', 'Sweden', '2011-08-17', 3, '2018-04-27 20:17:29', '2011-05-02 22:44:38');
INSERT INTO `movies` (`id`, `movie_name`, `description`, `country`, `movie_release_date`, `genres_id`, `created_at`, `updated_at`) VALUES (52, 'nemo', 'Adipisci et ad culpa ut animi quaerat odio consequatur. Id qui magni quis magni minima amet deleniti. Itaque soluta tempora vitae et. Aspernatur voluptatum alias voluptatem nisi incidunt eum.', 'Reunion', '1991-08-13', 4, '2017-11-21 12:50:54', '2017-04-18 06:38:32');
INSERT INTO `movies` (`id`, `movie_name`, `description`, `country`, `movie_release_date`, `genres_id`, `created_at`, `updated_at`) VALUES (53, 'quibusdam', 'Impedit quae est dolor odio fugit sit. Laborum id expedita quia ea alias reprehenderit modi magni. Occaecati dolores reprehenderit sed et laudantium voluptatem accusamus.', 'Jordan', '1975-11-22', 5, '2017-12-17 12:31:05', '2020-12-22 11:35:04');
INSERT INTO `movies` (`id`, `movie_name`, `description`, `country`, `movie_release_date`, `genres_id`, `created_at`, `updated_at`) VALUES (54, 'eum', 'Iusto explicabo rem consectetur qui deleniti. Est dignissimos quia dicta. Vitae et voluptatum iure ducimus non.', 'Azerbaijan', '1977-01-10', 6, '2017-09-27 23:08:52', '2013-06-12 15:05:12');
INSERT INTO `movies` (`id`, `movie_name`, `description`, `country`, `movie_release_date`, `genres_id`, `created_at`, `updated_at`) VALUES (55, 'facilis', 'Molestias tenetur et tenetur sed quidem. Nisi non officia voluptas quam qui sunt. Impedit corporis deserunt a impedit a exercitationem. Fuga necessitatibus facere deserunt atque quia delectus.', 'Saint Kitts and Nevis', '1999-12-14', 1, '2019-07-20 11:35:27', '2012-05-08 01:01:28');
INSERT INTO `movies` (`id`, `movie_name`, `description`, `country`, `movie_release_date`, `genres_id`, `created_at`, `updated_at`) VALUES (56, 'soluta', 'Quia maiores beatae qui esse unde deserunt nobis. Tempore aut aliquid animi voluptatem. Qui facere deserunt asperiores sit.', 'Angola', '1993-10-31', 2, '2019-09-14 10:38:32', '2018-06-07 19:23:40');
INSERT INTO `movies` (`id`, `movie_name`, `description`, `country`, `movie_release_date`, `genres_id`, `created_at`, `updated_at`) VALUES (57, 'itaque', 'Sed sequi dignissimos ipsam. Et ex maxime quia aperiam. Quas veritatis et provident voluptate laudantium deserunt. Minus suscipit minima dolorem fuga porro quo harum.', 'Heard Island and McDonald Islands', '2002-10-13', 3, '2016-06-07 16:56:44', '2016-09-30 10:01:13');
INSERT INTO `movies` (`id`, `movie_name`, `description`, `country`, `movie_release_date`, `genres_id`, `created_at`, `updated_at`) VALUES (58, 'illum', 'Deserunt dolorem et ea ut. Sapiente enim officia explicabo maxime voluptates et. Ex facilis voluptatem eius.', 'Suriname', '2004-03-06', 4, '2017-01-10 06:37:13', '2013-12-25 09:32:28');
INSERT INTO `movies` (`id`, `movie_name`, `description`, `country`, `movie_release_date`, `genres_id`, `created_at`, `updated_at`) VALUES (59, 'repellendus', 'Provident ex id ut. Et id dolorum quaerat et ut quidem perferendis. Qui eum tenetur voluptatem ut officiis. Enim sit modi quaerat et inventore.', 'Niger', '1990-10-25', 5, '2018-05-26 18:14:31', '2015-03-18 22:42:01');
INSERT INTO `movies` (`id`, `movie_name`, `description`, `country`, `movie_release_date`, `genres_id`, `created_at`, `updated_at`) VALUES (60, 'aut', 'Ipsa perferendis harum eum autem dolorum totam aut. Deserunt aliquam nihil quibusdam eum aut error perspiciatis.', 'Thailand', '1994-08-07', 6, '2019-01-30 11:35:10', '2013-02-06 16:31:36');
INSERT INTO `movies` (`id`, `movie_name`, `description`, `country`, `movie_release_date`, `genres_id`, `created_at`, `updated_at`) VALUES (61, 'similique', 'Repellendus tempora laborum dolores et quia. Eligendi nesciunt accusantium qui porro et et. Assumenda aspernatur sapiente delectus omnis qui.', 'Bosnia and Herzegovina', '1976-03-29', 1, '2016-05-04 05:20:55', '2019-07-04 01:53:25');
INSERT INTO `movies` (`id`, `movie_name`, `description`, `country`, `movie_release_date`, `genres_id`, `created_at`, `updated_at`) VALUES (62, 'repellendus', 'Natus molestiae omnis velit nemo amet. Dolorem sit placeat optio aut suscipit. Magnam sed possimus qui soluta.', 'Fiji', '1996-11-16', 2, '2020-12-25 03:04:10', '2015-03-17 06:53:09');
INSERT INTO `movies` (`id`, `movie_name`, `description`, `country`, `movie_release_date`, `genres_id`, `created_at`, `updated_at`) VALUES (63, 'accusantium', 'In officiis dolorum minima eaque. Reprehenderit magni enim praesentium exercitationem excepturi. Et officiis eveniet est ab odit at. Nemo voluptatem labore possimus consectetur omnis.', 'Latvia', '2006-02-04', 3, '2019-11-06 07:23:07', '2015-04-04 17:49:39');
INSERT INTO `movies` (`id`, `movie_name`, `description`, `country`, `movie_release_date`, `genres_id`, `created_at`, `updated_at`) VALUES (64, 'ipsa', 'Et cum expedita asperiores quidem veniam. Repellat quasi facilis praesentium corrupti eaque. Distinctio dolorum et esse et.', 'Canada', '1998-06-13', 4, '2012-07-19 23:53:37', '2014-12-16 18:31:16');
INSERT INTO `movies` (`id`, `movie_name`, `description`, `country`, `movie_release_date`, `genres_id`, `created_at`, `updated_at`) VALUES (65, 'et', 'Rerum omnis voluptatem est. Asperiores et est adipisci incidunt facere enim. Molestiae itaque eligendi veritatis nostrum facilis aliquid rerum voluptatem.', 'Svalbard & Jan Mayen Islands', '1997-01-24', 5, '2011-09-21 03:18:40', '2016-08-14 07:37:39');
INSERT INTO `movies` (`id`, `movie_name`, `description`, `country`, `movie_release_date`, `genres_id`, `created_at`, `updated_at`) VALUES (66, 'dolor', 'At dolor officiis quaerat ea ut et nihil. Eveniet nihil aut esse ullam labore. Sunt necessitatibus non quaerat perspiciatis sit. Dolorem nemo excepturi ducimus fugit.', 'Hong Kong', '2011-08-28', 6, '2012-10-30 15:51:37', '2013-01-18 07:34:50');
INSERT INTO `movies` (`id`, `movie_name`, `description`, `country`, `movie_release_date`, `genres_id`, `created_at`, `updated_at`) VALUES (67, 'odio', 'Qui doloremque velit quod voluptatibus illo. Laboriosam molestias deserunt neque. Aliquid quis accusantium dolorem.', 'Turkmenistan', '1986-11-16', 1, '2011-08-09 14:17:42', '2020-10-26 18:47:58');
INSERT INTO `movies` (`id`, `movie_name`, `description`, `country`, `movie_release_date`, `genres_id`, `created_at`, `updated_at`) VALUES (68, 'sit', 'Vel dicta vero quis enim nisi qui. Voluptates officiis delectus repudiandae. Tenetur temporibus id unde ab vel sed. Earum aperiam maiores voluptatibus perferendis excepturi qui.', 'Cote d\'Ivoire', '2011-11-08', 2, '2017-10-13 12:24:03', '2019-01-16 10:14:04');
INSERT INTO `movies` (`id`, `movie_name`, `description`, `country`, `movie_release_date`, `genres_id`, `created_at`, `updated_at`) VALUES (69, 'sunt', 'Quibusdam eveniet sint aut. Quo harum possimus velit omnis. Qui voluptatem harum sunt aperiam est inventore. Voluptates eius odit facilis.', 'Zimbabwe', '1996-03-24', 3, '2011-07-22 20:56:19', '2014-02-16 21:14:39');
INSERT INTO `movies` (`id`, `movie_name`, `description`, `country`, `movie_release_date`, `genres_id`, `created_at`, `updated_at`) VALUES (70, 'est', 'Velit omnis natus vel unde. Voluptas perspiciatis porro quibusdam perspiciatis quos dolorem nam. Numquam sunt odio sint ut. Pariatur accusamus commodi et eius alias facilis aspernatur fugit.', 'Belize', '1983-04-21', 4, '2019-01-14 19:33:04', '2018-05-15 21:38:29');
INSERT INTO `movies` (`id`, `movie_name`, `description`, `country`, `movie_release_date`, `genres_id`, `created_at`, `updated_at`) VALUES (71, 'et', 'Labore voluptas totam incidunt consequatur. Dolor impedit sed consectetur et hic. Est voluptas explicabo sed et et labore ullam. Dolorem omnis est voluptatem et.', 'Sudan', '2010-05-04', 5, '2013-02-06 18:37:40', '2014-01-01 10:41:44');
INSERT INTO `movies` (`id`, `movie_name`, `description`, `country`, `movie_release_date`, `genres_id`, `created_at`, `updated_at`) VALUES (72, 'omnis', 'Dignissimos ipsum dolor voluptatibus voluptatem est. Perferendis id mollitia sequi dignissimos doloribus cum. Voluptates porro et quibusdam ex libero. Numquam autem ipsum totam impedit.', 'Egypt', '2008-07-23', 6, '2012-10-15 14:19:12', '2016-06-27 06:43:11');
INSERT INTO `movies` (`id`, `movie_name`, `description`, `country`, `movie_release_date`, `genres_id`, `created_at`, `updated_at`) VALUES (73, 'quasi', 'Eligendi qui consequatur est. Dolorum dolores quas explicabo sunt. Et voluptatem et eos. Incidunt ut sit nihil exercitationem voluptas.', 'Paraguay', '2007-08-13', 1, '2018-09-03 05:41:13', '2014-12-24 16:45:05');
INSERT INTO `movies` (`id`, `movie_name`, `description`, `country`, `movie_release_date`, `genres_id`, `created_at`, `updated_at`) VALUES (74, 'iste', 'Et voluptatibus eaque ea pariatur. Consequatur modi voluptatem aliquid praesentium voluptatem minima dolores impedit. Quasi dolores et eos sunt dicta molestiae. Omnis praesentium quidem possimus et.', 'Macedonia', '2016-09-26', 2, '2016-05-14 19:22:12', '2012-02-03 10:47:54');
INSERT INTO `movies` (`id`, `movie_name`, `description`, `country`, `movie_release_date`, `genres_id`, `created_at`, `updated_at`) VALUES (75, 'deleniti', 'Enim et tenetur voluptatem quae. Dicta sit nihil enim qui dolorum. Facere repellendus nisi rem ea dolor optio. Ducimus eum eligendi qui et aut et aut. Voluptatem quibusdam sit vero.', 'Costa Rica', '2010-10-06', 3, '2021-02-06 02:21:15', '2013-02-06 16:49:54');
INSERT INTO `movies` (`id`, `movie_name`, `description`, `country`, `movie_release_date`, `genres_id`, `created_at`, `updated_at`) VALUES (76, 'molestiae', 'Blanditiis aliquam tenetur eos porro id soluta odit. Est sit facere et rerum. Omnis quos alias vel rem voluptas voluptas assumenda. Nihil dolorem enim ex vitae ex.', 'Switzerland', '2009-12-08', 4, '2018-01-11 13:07:51', '2014-04-14 16:47:52');
INSERT INTO `movies` (`id`, `movie_name`, `description`, `country`, `movie_release_date`, `genres_id`, `created_at`, `updated_at`) VALUES (77, 'assumenda', 'Quis magnam laboriosam a cumque. Molestiae veritatis nam rerum tempore atque minus voluptatibus voluptatem. Fuga quas possimus excepturi quam.', 'French Southern Territories', '1980-06-09', 5, '2017-10-25 02:15:10', '2014-11-11 11:06:08');
INSERT INTO `movies` (`id`, `movie_name`, `description`, `country`, `movie_release_date`, `genres_id`, `created_at`, `updated_at`) VALUES (78, 'recusandae', 'Totam voluptatibus molestias et non voluptatem maxime aspernatur. Officia minus qui eligendi rerum. Voluptatem maxime non dolore.', 'Burkina Faso', '1990-01-07', 6, '2015-09-10 02:58:28', '2018-08-22 14:15:44');
INSERT INTO `movies` (`id`, `movie_name`, `description`, `country`, `movie_release_date`, `genres_id`, `created_at`, `updated_at`) VALUES (79, 'dolor', 'Qui dignissimos eius velit eaque eaque voluptatem maxime. Ipsa veniam adipisci minima. Illum et eaque quia suscipit.', 'Chile', '2010-03-15', 1, '2021-03-12 00:19:04', '2014-11-02 21:43:12');
INSERT INTO `movies` (`id`, `movie_name`, `description`, `country`, `movie_release_date`, `genres_id`, `created_at`, `updated_at`) VALUES (80, 'aliquid', 'Enim voluptatem eos minima aut. Atque aliquid adipisci tenetur consectetur saepe. Impedit asperiores sed quis quia earum distinctio.', 'Bolivia', '2011-05-29', 2, '2017-03-07 20:47:06', '2015-08-22 11:51:24');
INSERT INTO `movies` (`id`, `movie_name`, `description`, `country`, `movie_release_date`, `genres_id`, `created_at`, `updated_at`) VALUES (81, 'in', 'Consequatur impedit voluptatem temporibus rerum. Est eius doloribus qui autem dolorum ut. Ipsa dolorem voluptas exercitationem quis. Pariatur ipsam et molestiae accusantium.', 'Liechtenstein', '2003-04-14', 3, '2015-12-28 07:50:17', '2017-06-18 07:36:09');
INSERT INTO `movies` (`id`, `movie_name`, `description`, `country`, `movie_release_date`, `genres_id`, `created_at`, `updated_at`) VALUES (82, 'ea', 'Architecto voluptas labore eaque veniam animi quas quia. Occaecati deleniti sed harum voluptatem. Voluptas praesentium non qui harum consequatur eius voluptatem.', 'French Southern Territories', '1979-12-31', 4, '2019-05-07 17:08:44', '2021-03-15 22:44:52');
INSERT INTO `movies` (`id`, `movie_name`, `description`, `country`, `movie_release_date`, `genres_id`, `created_at`, `updated_at`) VALUES (83, 'eaque', 'Possimus architecto voluptatum iusto non ad et. Officia autem nihil sed magnam ut unde sit. Labore esse mollitia et eos et repudiandae repudiandae.', 'Azerbaijan', '2008-10-30', 5, '2020-10-23 07:25:31', '2013-10-14 00:18:24');
INSERT INTO `movies` (`id`, `movie_name`, `description`, `country`, `movie_release_date`, `genres_id`, `created_at`, `updated_at`) VALUES (84, 'voluptate', 'Odio tempore tenetur sed ratione ut et. Saepe ullam reprehenderit omnis voluptatem sunt nihil sunt labore. Ipsam reiciendis beatae aperiam est autem omnis.', 'Greenland', '2020-03-14', 6, '2017-07-16 11:23:38', '2020-03-29 06:41:38');
INSERT INTO `movies` (`id`, `movie_name`, `description`, `country`, `movie_release_date`, `genres_id`, `created_at`, `updated_at`) VALUES (85, 'numquam', 'Similique nihil quis nisi qui quasi nihil dolores. Nulla doloribus reiciendis quo omnis quia dolorem nostrum odit. Vel quos quis quos minima in alias quia.', 'Honduras', '1985-07-30', 1, '2018-04-25 05:50:51', '2014-10-19 19:55:37');
INSERT INTO `movies` (`id`, `movie_name`, `description`, `country`, `movie_release_date`, `genres_id`, `created_at`, `updated_at`) VALUES (86, 'facilis', 'Et debitis et aut dignissimos delectus facilis architecto. Placeat quis ab eum. Asperiores enim ab ea est et. Sint excepturi ullam exercitationem dolores libero perferendis repudiandae.', 'Tanzania', '1970-01-22', 2, '2015-02-12 10:26:45', '2019-10-16 09:57:54');
INSERT INTO `movies` (`id`, `movie_name`, `description`, `country`, `movie_release_date`, `genres_id`, `created_at`, `updated_at`) VALUES (87, 'est', 'Animi odit doloribus doloremque totam. Temporibus dolores rerum ea placeat doloribus qui. In nihil impedit culpa quisquam culpa cum.', 'Australia', '2017-08-22', 3, '2019-12-18 14:25:22', '2019-03-28 10:06:28');
INSERT INTO `movies` (`id`, `movie_name`, `description`, `country`, `movie_release_date`, `genres_id`, `created_at`, `updated_at`) VALUES (88, 'laborum', 'Id tempore quis perspiciatis cumque aliquid officia sed ea. Sint harum et nemo ut delectus consequatur. Rem iusto accusantium qui sit. Consequatur molestias sapiente rerum facere ut labore dolorem.', 'Suriname', '2004-01-15', 4, '2017-06-15 19:43:32', '2013-05-20 11:55:06');
INSERT INTO `movies` (`id`, `movie_name`, `description`, `country`, `movie_release_date`, `genres_id`, `created_at`, `updated_at`) VALUES (89, 'nihil', 'Reiciendis magni inventore qui non natus perspiciatis. Blanditiis iure consequuntur dolor reiciendis. Dicta accusantium dolores necessitatibus molestiae. Voluptatem veniam ipsa eum eos aliquam vero.', 'Afghanistan', '1991-10-21', 5, '2020-01-27 04:59:59', '2012-02-29 10:19:26');
INSERT INTO `movies` (`id`, `movie_name`, `description`, `country`, `movie_release_date`, `genres_id`, `created_at`, `updated_at`) VALUES (90, 'similique', 'Est autem facilis sunt qui modi. Dolor dignissimos omnis qui ab tempora. Ut est ipsum quia aperiam. Est dicta qui repellat saepe.', 'Zimbabwe', '1978-01-17', 6, '2011-08-20 06:29:05', '2015-06-10 14:55:09');
INSERT INTO `movies` (`id`, `movie_name`, `description`, `country`, `movie_release_date`, `genres_id`, `created_at`, `updated_at`) VALUES (91, 'quod', 'Aut magni rem repudiandae consequatur. Id veritatis consequatur quae quam quo. Rem repudiandae adipisci earum.', 'Bangladesh', '2004-06-05', 1, '2017-08-15 22:58:08', '2016-02-23 21:59:44');
INSERT INTO `movies` (`id`, `movie_name`, `description`, `country`, `movie_release_date`, `genres_id`, `created_at`, `updated_at`) VALUES (92, 'eum', 'Reprehenderit et sunt possimus incidunt. Totam perferendis expedita autem eveniet officiis porro. Iusto et aut doloribus. Sit pariatur deserunt quibusdam repellendus.', 'Cocos (Keeling) Islands', '1990-07-31', 2, '2016-02-20 00:48:29', '2018-08-04 12:20:07');
INSERT INTO `movies` (`id`, `movie_name`, `description`, `country`, `movie_release_date`, `genres_id`, `created_at`, `updated_at`) VALUES (93, 'minima', 'Placeat ex quod dolorem dolores. Odit officia et explicabo. Voluptates et delectus et occaecati.', 'Netherlands', '1975-06-05', 3, '2014-09-06 20:36:28', '2018-10-18 19:07:29');
INSERT INTO `movies` (`id`, `movie_name`, `description`, `country`, `movie_release_date`, `genres_id`, `created_at`, `updated_at`) VALUES (94, 'placeat', 'Voluptas rerum sequi sunt earum commodi consectetur quia. Odio incidunt minima quo.', 'Maldives', '1985-09-12', 4, '2014-01-06 11:38:41', '2014-07-03 02:02:47');
INSERT INTO `movies` (`id`, `movie_name`, `description`, `country`, `movie_release_date`, `genres_id`, `created_at`, `updated_at`) VALUES (95, 'voluptatum', 'Modi et qui quos minus ut. Temporibus fugit dolores officiis id. Sit est aut molestiae velit animi qui quia.', 'Guyana', '1977-09-22', 5, '2017-12-29 16:35:47', '2014-12-30 11:28:19');
INSERT INTO `movies` (`id`, `movie_name`, `description`, `country`, `movie_release_date`, `genres_id`, `created_at`, `updated_at`) VALUES (96, 'ut', 'Consequuntur accusamus non possimus consequatur. Temporibus sunt provident omnis vel ipsam qui dolor. Veniam aliquid incidunt aliquid debitis.', 'Lebanon', '1998-07-31', 6, '2015-03-02 23:38:18', '2013-06-17 18:21:56');
INSERT INTO `movies` (`id`, `movie_name`, `description`, `country`, `movie_release_date`, `genres_id`, `created_at`, `updated_at`) VALUES (97, 'ex', 'Asperiores provident sit dolorem sed quis qui. Hic est esse itaque sint maxime blanditiis. Eum sed eaque eos.', 'Ukraine', '1970-10-30', 1, '2012-05-02 06:05:30', '2017-01-09 09:26:52');
INSERT INTO `movies` (`id`, `movie_name`, `description`, `country`, `movie_release_date`, `genres_id`, `created_at`, `updated_at`) VALUES (98, 'ea', 'Quo deleniti quaerat velit aut laborum. Eius voluptatem autem voluptatibus deserunt et. Earum atque inventore cupiditate officia.', 'Brazil', '2005-08-12', 2, '2015-06-14 02:14:12', '2017-08-12 18:40:00');
INSERT INTO `movies` (`id`, `movie_name`, `description`, `country`, `movie_release_date`, `genres_id`, `created_at`, `updated_at`) VALUES (99, 'reiciendis', 'Temporibus consequatur quaerat recusandae qui. Aperiam nobis rerum nobis. Earum molestias aspernatur est alias et temporibus cum. Qui quidem molestiae nam.', 'Botswana', '2009-09-14', 3, '2015-09-30 14:02:27', '2018-12-18 07:20:28');
INSERT INTO `movies` (`id`, `movie_name`, `description`, `country`, `movie_release_date`, `genres_id`, `created_at`, `updated_at`) VALUES (100, 'necessitatibus', 'Quidem labore minus et voluptates vitae. Exercitationem adipisci id quis architecto laborum. Cumque nostrum est ut laboriosam unde nisi qui harum.', 'Angola', '2017-04-20', 4, '2013-01-12 13:35:01', '2018-10-11 01:06:35');


#
# TABLE STRUCTURE FOR: movies_actors_directors
#

DROP TABLE IF EXISTS `movies_actors_directors`;

CREATE TABLE `movies_actors_directors` (
  `movie_id` int(10) unsigned NOT NULL COMMENT 'Ссылка на фильм',
  `actor_id` int(10) unsigned NOT NULL COMMENT 'Ссылка на актера',
  `director_id` int(10) unsigned NOT NULL COMMENT 'Ссылка на режиссера',
  `created_at` datetime DEFAULT current_timestamp() COMMENT 'Время создания строки',
  PRIMARY KEY (`movie_id`,`actor_id`,`director_id`) COMMENT 'Составной первичный ключ'
) ENGINE=InnoDB DEFAULT CHARSET=utf8mb4 COLLATE=utf8mb4_unicode_ci COMMENT='Участники фильма, связь между фильмами, актерами и режиссерами';

INSERT INTO `movies_actors_directors` (`movie_id`, `actor_id`, `director_id`, `created_at`) VALUES (1, 1, 1, '2007-12-25 00:00:00');
INSERT INTO `movies_actors_directors` (`movie_id`, `actor_id`, `director_id`, `created_at`) VALUES (2, 2, 2, '1990-05-19 00:00:00');
INSERT INTO `movies_actors_directors` (`movie_id`, `actor_id`, `director_id`, `created_at`) VALUES (3, 3, 3, '2014-12-18 00:00:00');
INSERT INTO `movies_actors_directors` (`movie_id`, `actor_id`, `director_id`, `created_at`) VALUES (4, 4, 4, '2006-08-02 00:00:00');
INSERT INTO `movies_actors_directors` (`movie_id`, `actor_id`, `director_id`, `created_at`) VALUES (5, 5, 5, '2000-06-12 00:00:00');
INSERT INTO `movies_actors_directors` (`movie_id`, `actor_id`, `director_id`, `created_at`) VALUES (6, 6, 6, '2004-03-17 00:00:00');
INSERT INTO `movies_actors_directors` (`movie_id`, `actor_id`, `director_id`, `created_at`) VALUES (7, 7, 7, '1984-10-21 00:00:00');
INSERT INTO `movies_actors_directors` (`movie_id`, `actor_id`, `director_id`, `created_at`) VALUES (8, 8, 8, '1999-12-25 00:00:00');
INSERT INTO `movies_actors_directors` (`movie_id`, `actor_id`, `director_id`, `created_at`) VALUES (9, 9, 9, '2009-03-26 00:00:00');
INSERT INTO `movies_actors_directors` (`movie_id`, `actor_id`, `director_id`, `created_at`) VALUES (10, 10, 10, '1970-10-06 00:00:00');
INSERT INTO `movies_actors_directors` (`movie_id`, `actor_id`, `director_id`, `created_at`) VALUES (11, 11, 11, '1991-10-06 00:00:00');
INSERT INTO `movies_actors_directors` (`movie_id`, `actor_id`, `director_id`, `created_at`) VALUES (12, 12, 12, '2010-08-09 00:00:00');
INSERT INTO `movies_actors_directors` (`movie_id`, `actor_id`, `director_id`, `created_at`) VALUES (13, 13, 13, '1987-11-24 00:00:00');
INSERT INTO `movies_actors_directors` (`movie_id`, `actor_id`, `director_id`, `created_at`) VALUES (14, 14, 14, '1989-11-27 00:00:00');
INSERT INTO `movies_actors_directors` (`movie_id`, `actor_id`, `director_id`, `created_at`) VALUES (15, 15, 15, '2005-07-16 00:00:00');
INSERT INTO `movies_actors_directors` (`movie_id`, `actor_id`, `director_id`, `created_at`) VALUES (16, 16, 1, '1992-02-14 00:00:00');
INSERT INTO `movies_actors_directors` (`movie_id`, `actor_id`, `director_id`, `created_at`) VALUES (17, 17, 2, '2015-04-29 00:00:00');
INSERT INTO `movies_actors_directors` (`movie_id`, `actor_id`, `director_id`, `created_at`) VALUES (18, 18, 3, '1989-08-07 00:00:00');
INSERT INTO `movies_actors_directors` (`movie_id`, `actor_id`, `director_id`, `created_at`) VALUES (19, 19, 4, '1992-09-20 00:00:00');
INSERT INTO `movies_actors_directors` (`movie_id`, `actor_id`, `director_id`, `created_at`) VALUES (20, 20, 5, '1998-11-15 00:00:00');
INSERT INTO `movies_actors_directors` (`movie_id`, `actor_id`, `director_id`, `created_at`) VALUES (21, 21, 6, '1989-12-18 00:00:00');
INSERT INTO `movies_actors_directors` (`movie_id`, `actor_id`, `director_id`, `created_at`) VALUES (22, 22, 7, '2008-08-27 00:00:00');
INSERT INTO `movies_actors_directors` (`movie_id`, `actor_id`, `director_id`, `created_at`) VALUES (23, 23, 8, '1977-04-22 00:00:00');
INSERT INTO `movies_actors_directors` (`movie_id`, `actor_id`, `director_id`, `created_at`) VALUES (24, 24, 9, '1986-07-07 00:00:00');
INSERT INTO `movies_actors_directors` (`movie_id`, `actor_id`, `director_id`, `created_at`) VALUES (25, 25, 10, '1974-08-03 00:00:00');
INSERT INTO `movies_actors_directors` (`movie_id`, `actor_id`, `director_id`, `created_at`) VALUES (26, 26, 11, '1988-10-25 00:00:00');
INSERT INTO `movies_actors_directors` (`movie_id`, `actor_id`, `director_id`, `created_at`) VALUES (27, 27, 12, '1998-04-23 00:00:00');
INSERT INTO `movies_actors_directors` (`movie_id`, `actor_id`, `director_id`, `created_at`) VALUES (28, 28, 13, '1992-06-13 00:00:00');
INSERT INTO `movies_actors_directors` (`movie_id`, `actor_id`, `director_id`, `created_at`) VALUES (29, 29, 14, '2016-09-23 00:00:00');
INSERT INTO `movies_actors_directors` (`movie_id`, `actor_id`, `director_id`, `created_at`) VALUES (30, 30, 15, '1982-12-07 00:00:00');
INSERT INTO `movies_actors_directors` (`movie_id`, `actor_id`, `director_id`, `created_at`) VALUES (31, 31, 1, '2002-11-10 00:00:00');
INSERT INTO `movies_actors_directors` (`movie_id`, `actor_id`, `director_id`, `created_at`) VALUES (32, 32, 2, '2019-06-21 00:00:00');
INSERT INTO `movies_actors_directors` (`movie_id`, `actor_id`, `director_id`, `created_at`) VALUES (33, 33, 3, '1996-12-20 00:00:00');
INSERT INTO `movies_actors_directors` (`movie_id`, `actor_id`, `director_id`, `created_at`) VALUES (34, 34, 4, '1977-02-24 00:00:00');
INSERT INTO `movies_actors_directors` (`movie_id`, `actor_id`, `director_id`, `created_at`) VALUES (35, 35, 5, '2019-03-18 00:00:00');
INSERT INTO `movies_actors_directors` (`movie_id`, `actor_id`, `director_id`, `created_at`) VALUES (36, 36, 6, '1971-11-15 00:00:00');
INSERT INTO `movies_actors_directors` (`movie_id`, `actor_id`, `director_id`, `created_at`) VALUES (37, 37, 7, '2013-06-21 00:00:00');
INSERT INTO `movies_actors_directors` (`movie_id`, `actor_id`, `director_id`, `created_at`) VALUES (38, 38, 8, '1978-11-30 00:00:00');
INSERT INTO `movies_actors_directors` (`movie_id`, `actor_id`, `director_id`, `created_at`) VALUES (39, 39, 9, '2015-03-23 00:00:00');
INSERT INTO `movies_actors_directors` (`movie_id`, `actor_id`, `director_id`, `created_at`) VALUES (40, 40, 10, '2018-12-20 00:00:00');
INSERT INTO `movies_actors_directors` (`movie_id`, `actor_id`, `director_id`, `created_at`) VALUES (41, 41, 11, '1996-04-05 00:00:00');
INSERT INTO `movies_actors_directors` (`movie_id`, `actor_id`, `director_id`, `created_at`) VALUES (42, 42, 12, '1990-07-13 00:00:00');
INSERT INTO `movies_actors_directors` (`movie_id`, `actor_id`, `director_id`, `created_at`) VALUES (43, 43, 13, '2006-07-17 00:00:00');
INSERT INTO `movies_actors_directors` (`movie_id`, `actor_id`, `director_id`, `created_at`) VALUES (44, 44, 14, '1970-11-29 00:00:00');
INSERT INTO `movies_actors_directors` (`movie_id`, `actor_id`, `director_id`, `created_at`) VALUES (45, 45, 15, '2017-04-26 00:00:00');
INSERT INTO `movies_actors_directors` (`movie_id`, `actor_id`, `director_id`, `created_at`) VALUES (46, 46, 1, '2009-07-07 00:00:00');
INSERT INTO `movies_actors_directors` (`movie_id`, `actor_id`, `director_id`, `created_at`) VALUES (47, 47, 2, '2003-02-14 00:00:00');
INSERT INTO `movies_actors_directors` (`movie_id`, `actor_id`, `director_id`, `created_at`) VALUES (48, 48, 3, '1989-09-03 00:00:00');
INSERT INTO `movies_actors_directors` (`movie_id`, `actor_id`, `director_id`, `created_at`) VALUES (49, 49, 4, '1998-01-03 00:00:00');
INSERT INTO `movies_actors_directors` (`movie_id`, `actor_id`, `director_id`, `created_at`) VALUES (50, 50, 5, '1970-08-28 00:00:00');
INSERT INTO `movies_actors_directors` (`movie_id`, `actor_id`, `director_id`, `created_at`) VALUES (51, 51, 6, '2001-07-22 00:00:00');
INSERT INTO `movies_actors_directors` (`movie_id`, `actor_id`, `director_id`, `created_at`) VALUES (52, 52, 7, '2008-08-02 00:00:00');
INSERT INTO `movies_actors_directors` (`movie_id`, `actor_id`, `director_id`, `created_at`) VALUES (53, 53, 8, '1974-08-08 00:00:00');
INSERT INTO `movies_actors_directors` (`movie_id`, `actor_id`, `director_id`, `created_at`) VALUES (54, 54, 9, '1993-02-21 00:00:00');
INSERT INTO `movies_actors_directors` (`movie_id`, `actor_id`, `director_id`, `created_at`) VALUES (55, 55, 10, '1984-10-26 00:00:00');
INSERT INTO `movies_actors_directors` (`movie_id`, `actor_id`, `director_id`, `created_at`) VALUES (56, 56, 11, '2019-11-06 00:00:00');
INSERT INTO `movies_actors_directors` (`movie_id`, `actor_id`, `director_id`, `created_at`) VALUES (57, 57, 12, '2009-12-02 00:00:00');
INSERT INTO `movies_actors_directors` (`movie_id`, `actor_id`, `director_id`, `created_at`) VALUES (58, 58, 13, '2016-12-15 00:00:00');
INSERT INTO `movies_actors_directors` (`movie_id`, `actor_id`, `director_id`, `created_at`) VALUES (59, 59, 14, '1995-02-16 00:00:00');
INSERT INTO `movies_actors_directors` (`movie_id`, `actor_id`, `director_id`, `created_at`) VALUES (60, 60, 15, '1983-07-09 00:00:00');
INSERT INTO `movies_actors_directors` (`movie_id`, `actor_id`, `director_id`, `created_at`) VALUES (61, 61, 1, '1990-04-25 00:00:00');
INSERT INTO `movies_actors_directors` (`movie_id`, `actor_id`, `director_id`, `created_at`) VALUES (62, 62, 2, '1981-05-08 00:00:00');
INSERT INTO `movies_actors_directors` (`movie_id`, `actor_id`, `director_id`, `created_at`) VALUES (63, 63, 3, '1973-04-25 00:00:00');
INSERT INTO `movies_actors_directors` (`movie_id`, `actor_id`, `director_id`, `created_at`) VALUES (64, 64, 4, '2010-03-21 00:00:00');
INSERT INTO `movies_actors_directors` (`movie_id`, `actor_id`, `director_id`, `created_at`) VALUES (65, 65, 5, '2017-03-14 00:00:00');
INSERT INTO `movies_actors_directors` (`movie_id`, `actor_id`, `director_id`, `created_at`) VALUES (66, 66, 6, '2016-09-03 00:00:00');
INSERT INTO `movies_actors_directors` (`movie_id`, `actor_id`, `director_id`, `created_at`) VALUES (67, 67, 7, '1996-09-01 00:00:00');
INSERT INTO `movies_actors_directors` (`movie_id`, `actor_id`, `director_id`, `created_at`) VALUES (68, 68, 8, '2017-10-12 00:00:00');
INSERT INTO `movies_actors_directors` (`movie_id`, `actor_id`, `director_id`, `created_at`) VALUES (69, 69, 9, '1975-11-29 00:00:00');
INSERT INTO `movies_actors_directors` (`movie_id`, `actor_id`, `director_id`, `created_at`) VALUES (70, 70, 10, '1971-10-19 00:00:00');
INSERT INTO `movies_actors_directors` (`movie_id`, `actor_id`, `director_id`, `created_at`) VALUES (71, 71, 11, '2013-02-15 00:00:00');
INSERT INTO `movies_actors_directors` (`movie_id`, `actor_id`, `director_id`, `created_at`) VALUES (72, 72, 12, '1985-02-21 00:00:00');
INSERT INTO `movies_actors_directors` (`movie_id`, `actor_id`, `director_id`, `created_at`) VALUES (73, 73, 13, '1995-12-02 00:00:00');
INSERT INTO `movies_actors_directors` (`movie_id`, `actor_id`, `director_id`, `created_at`) VALUES (74, 74, 14, '1991-08-26 00:00:00');
INSERT INTO `movies_actors_directors` (`movie_id`, `actor_id`, `director_id`, `created_at`) VALUES (75, 75, 15, '1976-09-11 00:00:00');
INSERT INTO `movies_actors_directors` (`movie_id`, `actor_id`, `director_id`, `created_at`) VALUES (76, 76, 1, '1972-03-29 00:00:00');
INSERT INTO `movies_actors_directors` (`movie_id`, `actor_id`, `director_id`, `created_at`) VALUES (77, 77, 2, '1979-11-09 00:00:00');
INSERT INTO `movies_actors_directors` (`movie_id`, `actor_id`, `director_id`, `created_at`) VALUES (78, 78, 3, '2000-11-21 00:00:00');
INSERT INTO `movies_actors_directors` (`movie_id`, `actor_id`, `director_id`, `created_at`) VALUES (79, 79, 4, '1987-12-17 00:00:00');
INSERT INTO `movies_actors_directors` (`movie_id`, `actor_id`, `director_id`, `created_at`) VALUES (80, 80, 5, '2007-06-15 00:00:00');
INSERT INTO `movies_actors_directors` (`movie_id`, `actor_id`, `director_id`, `created_at`) VALUES (81, 81, 6, '2018-11-12 00:00:00');
INSERT INTO `movies_actors_directors` (`movie_id`, `actor_id`, `director_id`, `created_at`) VALUES (82, 82, 7, '2007-04-02 00:00:00');
INSERT INTO `movies_actors_directors` (`movie_id`, `actor_id`, `director_id`, `created_at`) VALUES (83, 83, 8, '1999-08-20 00:00:00');
INSERT INTO `movies_actors_directors` (`movie_id`, `actor_id`, `director_id`, `created_at`) VALUES (84, 84, 9, '1998-09-10 00:00:00');
INSERT INTO `movies_actors_directors` (`movie_id`, `actor_id`, `director_id`, `created_at`) VALUES (85, 85, 10, '1979-02-03 00:00:00');
INSERT INTO `movies_actors_directors` (`movie_id`, `actor_id`, `director_id`, `created_at`) VALUES (86, 86, 11, '1970-06-01 00:00:00');
INSERT INTO `movies_actors_directors` (`movie_id`, `actor_id`, `director_id`, `created_at`) VALUES (87, 87, 12, '1974-12-16 00:00:00');
INSERT INTO `movies_actors_directors` (`movie_id`, `actor_id`, `director_id`, `created_at`) VALUES (88, 88, 13, '2017-12-27 00:00:00');
INSERT INTO `movies_actors_directors` (`movie_id`, `actor_id`, `director_id`, `created_at`) VALUES (89, 89, 14, '1988-01-12 00:00:00');
INSERT INTO `movies_actors_directors` (`movie_id`, `actor_id`, `director_id`, `created_at`) VALUES (90, 90, 15, '1975-06-05 00:00:00');
INSERT INTO `movies_actors_directors` (`movie_id`, `actor_id`, `director_id`, `created_at`) VALUES (91, 91, 1, '1991-05-18 00:00:00');
INSERT INTO `movies_actors_directors` (`movie_id`, `actor_id`, `director_id`, `created_at`) VALUES (92, 92, 2, '1982-04-09 00:00:00');
INSERT INTO `movies_actors_directors` (`movie_id`, `actor_id`, `director_id`, `created_at`) VALUES (93, 93, 3, '2020-03-25 00:00:00');
INSERT INTO `movies_actors_directors` (`movie_id`, `actor_id`, `director_id`, `created_at`) VALUES (94, 94, 4, '1971-04-05 00:00:00');
INSERT INTO `movies_actors_directors` (`movie_id`, `actor_id`, `director_id`, `created_at`) VALUES (95, 95, 5, '2008-04-02 00:00:00');
INSERT INTO `movies_actors_directors` (`movie_id`, `actor_id`, `director_id`, `created_at`) VALUES (96, 96, 6, '1986-10-13 00:00:00');
INSERT INTO `movies_actors_directors` (`movie_id`, `actor_id`, `director_id`, `created_at`) VALUES (97, 97, 7, '2012-09-11 00:00:00');
INSERT INTO `movies_actors_directors` (`movie_id`, `actor_id`, `director_id`, `created_at`) VALUES (98, 98, 8, '1990-04-16 00:00:00');
INSERT INTO `movies_actors_directors` (`movie_id`, `actor_id`, `director_id`, `created_at`) VALUES (99, 99, 9, '1981-06-24 00:00:00');
INSERT INTO `movies_actors_directors` (`movie_id`, `actor_id`, `director_id`, `created_at`) VALUES (100, 100, 10, '1991-05-09 00:00:00');


#
# TABLE STRUCTURE FOR: ratings
#

DROP TABLE IF EXISTS `ratings`;

CREATE TABLE `ratings` (
  `id` int(10) unsigned NOT NULL AUTO_INCREMENT,
  `user_id` int(10) unsigned NOT NULL,
  `movie_id` int(10) unsigned NOT NULL,
  `rating` int(10) unsigned NOT NULL,
  `created_at` datetime DEFAULT current_timestamp(),
  PRIMARY KEY (`id`)
) ENGINE=InnoDB AUTO_INCREMENT=101 DEFAULT CHARSET=utf8mb4 COLLATE=utf8mb4_unicode_ci;

INSERT INTO `ratings` (`id`, `user_id`, `movie_id`, `rating`, `created_at`) VALUES (1, 1, 1, 7, '2003-09-02 11:58:31');
INSERT INTO `ratings` (`id`, `user_id`, `movie_id`, `rating`, `created_at`) VALUES (2, 2, 2, 5, '1972-07-06 15:07:00');
INSERT INTO `ratings` (`id`, `user_id`, `movie_id`, `rating`, `created_at`) VALUES (3, 3, 3, 5, '1999-05-27 07:06:59');
INSERT INTO `ratings` (`id`, `user_id`, `movie_id`, `rating`, `created_at`) VALUES (4, 4, 4, 8, '1986-04-27 23:49:40');
INSERT INTO `ratings` (`id`, `user_id`, `movie_id`, `rating`, `created_at`) VALUES (5, 5, 5, 9, '2004-02-29 08:36:01');
INSERT INTO `ratings` (`id`, `user_id`, `movie_id`, `rating`, `created_at`) VALUES (6, 6, 6, 9, '1981-09-06 18:44:32');
INSERT INTO `ratings` (`id`, `user_id`, `movie_id`, `rating`, `created_at`) VALUES (7, 7, 7, 5, '1977-05-09 22:31:49');
INSERT INTO `ratings` (`id`, `user_id`, `movie_id`, `rating`, `created_at`) VALUES (8, 8, 8, 6, '1995-11-12 23:52:47');
INSERT INTO `ratings` (`id`, `user_id`, `movie_id`, `rating`, `created_at`) VALUES (9, 9, 9, 8, '2009-03-11 12:21:00');
INSERT INTO `ratings` (`id`, `user_id`, `movie_id`, `rating`, `created_at`) VALUES (10, 10, 10, 6, '1982-03-13 01:55:59');
INSERT INTO `ratings` (`id`, `user_id`, `movie_id`, `rating`, `created_at`) VALUES (11, 11, 11, 8, '1983-10-08 15:32:48');
INSERT INTO `ratings` (`id`, `user_id`, `movie_id`, `rating`, `created_at`) VALUES (12, 12, 12, 9, '1993-10-05 08:09:40');
INSERT INTO `ratings` (`id`, `user_id`, `movie_id`, `rating`, `created_at`) VALUES (13, 13, 13, 6, '1990-12-22 20:55:04');
INSERT INTO `ratings` (`id`, `user_id`, `movie_id`, `rating`, `created_at`) VALUES (14, 14, 14, 9, '1976-05-30 10:22:52');
INSERT INTO `ratings` (`id`, `user_id`, `movie_id`, `rating`, `created_at`) VALUES (15, 15, 15, 9, '2008-01-02 15:16:19');
INSERT INTO `ratings` (`id`, `user_id`, `movie_id`, `rating`, `created_at`) VALUES (16, 16, 16, 5, '2015-09-20 07:46:17');
INSERT INTO `ratings` (`id`, `user_id`, `movie_id`, `rating`, `created_at`) VALUES (17, 17, 17, 8, '1981-03-10 23:56:54');
INSERT INTO `ratings` (`id`, `user_id`, `movie_id`, `rating`, `created_at`) VALUES (18, 18, 18, 8, '1996-05-21 13:39:12');
INSERT INTO `ratings` (`id`, `user_id`, `movie_id`, `rating`, `created_at`) VALUES (19, 19, 19, 7, '1974-02-22 13:43:35');
INSERT INTO `ratings` (`id`, `user_id`, `movie_id`, `rating`, `created_at`) VALUES (20, 20, 20, 6, '1987-11-30 22:13:20');
INSERT INTO `ratings` (`id`, `user_id`, `movie_id`, `rating`, `created_at`) VALUES (21, 21, 21, 7, '1983-04-03 21:29:59');
INSERT INTO `ratings` (`id`, `user_id`, `movie_id`, `rating`, `created_at`) VALUES (22, 22, 22, 6, '2006-01-20 10:40:55');
INSERT INTO `ratings` (`id`, `user_id`, `movie_id`, `rating`, `created_at`) VALUES (23, 23, 23, 9, '2014-02-14 12:56:15');
INSERT INTO `ratings` (`id`, `user_id`, `movie_id`, `rating`, `created_at`) VALUES (24, 24, 24, 5, '2013-04-17 02:09:32');
INSERT INTO `ratings` (`id`, `user_id`, `movie_id`, `rating`, `created_at`) VALUES (25, 25, 25, 6, '1995-02-20 12:13:23');
INSERT INTO `ratings` (`id`, `user_id`, `movie_id`, `rating`, `created_at`) VALUES (26, 26, 26, 6, '1996-10-16 01:17:50');
INSERT INTO `ratings` (`id`, `user_id`, `movie_id`, `rating`, `created_at`) VALUES (27, 27, 27, 7, '1982-06-29 11:29:46');
INSERT INTO `ratings` (`id`, `user_id`, `movie_id`, `rating`, `created_at`) VALUES (28, 28, 28, 9, '2011-06-13 00:42:49');
INSERT INTO `ratings` (`id`, `user_id`, `movie_id`, `rating`, `created_at`) VALUES (29, 29, 29, 7, '1998-02-28 06:47:49');
INSERT INTO `ratings` (`id`, `user_id`, `movie_id`, `rating`, `created_at`) VALUES (30, 30, 30, 7, '1980-12-28 15:00:04');
INSERT INTO `ratings` (`id`, `user_id`, `movie_id`, `rating`, `created_at`) VALUES (31, 31, 31, 9, '1989-02-07 02:16:32');
INSERT INTO `ratings` (`id`, `user_id`, `movie_id`, `rating`, `created_at`) VALUES (32, 32, 32, 7, '2020-09-03 08:38:39');
INSERT INTO `ratings` (`id`, `user_id`, `movie_id`, `rating`, `created_at`) VALUES (33, 33, 33, 9, '2016-02-01 23:48:27');
INSERT INTO `ratings` (`id`, `user_id`, `movie_id`, `rating`, `created_at`) VALUES (34, 34, 34, 9, '1995-01-29 10:46:55');
INSERT INTO `ratings` (`id`, `user_id`, `movie_id`, `rating`, `created_at`) VALUES (35, 35, 35, 9, '2012-11-02 04:11:58');
INSERT INTO `ratings` (`id`, `user_id`, `movie_id`, `rating`, `created_at`) VALUES (36, 36, 36, 5, '1984-03-30 19:29:33');
INSERT INTO `ratings` (`id`, `user_id`, `movie_id`, `rating`, `created_at`) VALUES (37, 37, 37, 6, '1994-09-16 07:33:49');
INSERT INTO `ratings` (`id`, `user_id`, `movie_id`, `rating`, `created_at`) VALUES (38, 38, 38, 8, '1973-11-20 11:47:11');
INSERT INTO `ratings` (`id`, `user_id`, `movie_id`, `rating`, `created_at`) VALUES (39, 39, 39, 8, '1971-11-15 15:30:54');
INSERT INTO `ratings` (`id`, `user_id`, `movie_id`, `rating`, `created_at`) VALUES (40, 40, 40, 5, '2006-08-17 06:47:38');
INSERT INTO `ratings` (`id`, `user_id`, `movie_id`, `rating`, `created_at`) VALUES (41, 41, 41, 8, '1994-12-16 07:15:31');
INSERT INTO `ratings` (`id`, `user_id`, `movie_id`, `rating`, `created_at`) VALUES (42, 42, 42, 7, '2017-04-13 08:24:31');
INSERT INTO `ratings` (`id`, `user_id`, `movie_id`, `rating`, `created_at`) VALUES (43, 43, 43, 6, '2016-03-10 01:13:14');
INSERT INTO `ratings` (`id`, `user_id`, `movie_id`, `rating`, `created_at`) VALUES (44, 44, 44, 8, '1994-08-25 03:12:43');
INSERT INTO `ratings` (`id`, `user_id`, `movie_id`, `rating`, `created_at`) VALUES (45, 45, 45, 6, '1999-05-20 09:44:44');
INSERT INTO `ratings` (`id`, `user_id`, `movie_id`, `rating`, `created_at`) VALUES (46, 46, 46, 6, '1989-02-16 09:51:34');
INSERT INTO `ratings` (`id`, `user_id`, `movie_id`, `rating`, `created_at`) VALUES (47, 47, 47, 9, '2000-08-03 19:45:39');
INSERT INTO `ratings` (`id`, `user_id`, `movie_id`, `rating`, `created_at`) VALUES (48, 48, 48, 5, '1989-10-27 15:33:02');
INSERT INTO `ratings` (`id`, `user_id`, `movie_id`, `rating`, `created_at`) VALUES (49, 49, 49, 7, '1988-05-22 20:36:37');
INSERT INTO `ratings` (`id`, `user_id`, `movie_id`, `rating`, `created_at`) VALUES (50, 50, 50, 8, '2014-04-27 07:58:13');
INSERT INTO `ratings` (`id`, `user_id`, `movie_id`, `rating`, `created_at`) VALUES (51, 51, 51, 9, '2016-06-08 03:28:47');
INSERT INTO `ratings` (`id`, `user_id`, `movie_id`, `rating`, `created_at`) VALUES (52, 52, 52, 9, '1977-08-11 14:53:40');
INSERT INTO `ratings` (`id`, `user_id`, `movie_id`, `rating`, `created_at`) VALUES (53, 53, 53, 9, '1979-02-11 09:15:50');
INSERT INTO `ratings` (`id`, `user_id`, `movie_id`, `rating`, `created_at`) VALUES (54, 54, 54, 7, '2015-07-05 03:22:28');
INSERT INTO `ratings` (`id`, `user_id`, `movie_id`, `rating`, `created_at`) VALUES (55, 55, 55, 7, '1987-01-29 10:25:45');
INSERT INTO `ratings` (`id`, `user_id`, `movie_id`, `rating`, `created_at`) VALUES (56, 56, 56, 6, '2009-04-10 16:01:57');
INSERT INTO `ratings` (`id`, `user_id`, `movie_id`, `rating`, `created_at`) VALUES (57, 57, 57, 9, '1995-01-21 18:09:19');
INSERT INTO `ratings` (`id`, `user_id`, `movie_id`, `rating`, `created_at`) VALUES (58, 58, 58, 8, '1972-07-20 11:28:11');
INSERT INTO `ratings` (`id`, `user_id`, `movie_id`, `rating`, `created_at`) VALUES (59, 59, 59, 9, '2013-06-03 02:21:23');
INSERT INTO `ratings` (`id`, `user_id`, `movie_id`, `rating`, `created_at`) VALUES (60, 60, 60, 6, '1990-11-05 23:42:50');
INSERT INTO `ratings` (`id`, `user_id`, `movie_id`, `rating`, `created_at`) VALUES (61, 61, 61, 9, '1984-03-02 00:49:17');
INSERT INTO `ratings` (`id`, `user_id`, `movie_id`, `rating`, `created_at`) VALUES (62, 62, 62, 7, '1998-08-17 16:12:23');
INSERT INTO `ratings` (`id`, `user_id`, `movie_id`, `rating`, `created_at`) VALUES (63, 63, 63, 7, '1999-02-27 10:42:45');
INSERT INTO `ratings` (`id`, `user_id`, `movie_id`, `rating`, `created_at`) VALUES (64, 64, 64, 5, '2005-07-14 06:04:44');
INSERT INTO `ratings` (`id`, `user_id`, `movie_id`, `rating`, `created_at`) VALUES (65, 65, 65, 6, '2002-04-29 22:30:58');
INSERT INTO `ratings` (`id`, `user_id`, `movie_id`, `rating`, `created_at`) VALUES (66, 66, 66, 6, '2008-10-28 14:29:34');
INSERT INTO `ratings` (`id`, `user_id`, `movie_id`, `rating`, `created_at`) VALUES (67, 67, 67, 8, '1979-09-02 07:53:06');
INSERT INTO `ratings` (`id`, `user_id`, `movie_id`, `rating`, `created_at`) VALUES (68, 68, 68, 5, '1984-05-30 02:29:46');
INSERT INTO `ratings` (`id`, `user_id`, `movie_id`, `rating`, `created_at`) VALUES (69, 69, 69, 9, '1996-06-10 12:08:00');
INSERT INTO `ratings` (`id`, `user_id`, `movie_id`, `rating`, `created_at`) VALUES (70, 70, 70, 6, '1972-03-28 19:51:10');
INSERT INTO `ratings` (`id`, `user_id`, `movie_id`, `rating`, `created_at`) VALUES (71, 71, 71, 7, '2005-05-23 19:13:20');
INSERT INTO `ratings` (`id`, `user_id`, `movie_id`, `rating`, `created_at`) VALUES (72, 72, 72, 5, '2010-03-20 15:29:07');
INSERT INTO `ratings` (`id`, `user_id`, `movie_id`, `rating`, `created_at`) VALUES (73, 73, 73, 8, '1998-10-17 03:08:56');
INSERT INTO `ratings` (`id`, `user_id`, `movie_id`, `rating`, `created_at`) VALUES (74, 74, 74, 6, '1996-12-31 10:51:55');
INSERT INTO `ratings` (`id`, `user_id`, `movie_id`, `rating`, `created_at`) VALUES (75, 75, 75, 9, '2004-11-12 21:03:31');
INSERT INTO `ratings` (`id`, `user_id`, `movie_id`, `rating`, `created_at`) VALUES (76, 76, 76, 6, '1982-04-22 04:34:30');
INSERT INTO `ratings` (`id`, `user_id`, `movie_id`, `rating`, `created_at`) VALUES (77, 77, 77, 7, '1981-04-06 19:23:58');
INSERT INTO `ratings` (`id`, `user_id`, `movie_id`, `rating`, `created_at`) VALUES (78, 78, 78, 8, '2012-08-07 02:40:59');
INSERT INTO `ratings` (`id`, `user_id`, `movie_id`, `rating`, `created_at`) VALUES (79, 79, 79, 7, '2015-01-15 20:17:59');
INSERT INTO `ratings` (`id`, `user_id`, `movie_id`, `rating`, `created_at`) VALUES (80, 80, 80, 9, '1989-07-31 18:14:34');
INSERT INTO `ratings` (`id`, `user_id`, `movie_id`, `rating`, `created_at`) VALUES (81, 81, 81, 6, '2011-11-19 00:07:00');
INSERT INTO `ratings` (`id`, `user_id`, `movie_id`, `rating`, `created_at`) VALUES (82, 82, 82, 7, '2018-12-10 13:41:22');
INSERT INTO `ratings` (`id`, `user_id`, `movie_id`, `rating`, `created_at`) VALUES (83, 83, 83, 5, '2002-09-28 15:38:51');
INSERT INTO `ratings` (`id`, `user_id`, `movie_id`, `rating`, `created_at`) VALUES (84, 84, 84, 8, '1981-12-08 13:20:35');
INSERT INTO `ratings` (`id`, `user_id`, `movie_id`, `rating`, `created_at`) VALUES (85, 85, 85, 5, '2018-03-08 04:16:52');
INSERT INTO `ratings` (`id`, `user_id`, `movie_id`, `rating`, `created_at`) VALUES (86, 86, 86, 9, '1978-06-28 18:11:56');
INSERT INTO `ratings` (`id`, `user_id`, `movie_id`, `rating`, `created_at`) VALUES (87, 87, 87, 5, '2018-12-27 18:28:28');
INSERT INTO `ratings` (`id`, `user_id`, `movie_id`, `rating`, `created_at`) VALUES (88, 88, 88, 7, '1987-07-07 05:47:52');
INSERT INTO `ratings` (`id`, `user_id`, `movie_id`, `rating`, `created_at`) VALUES (89, 89, 89, 6, '2002-01-11 04:42:26');
INSERT INTO `ratings` (`id`, `user_id`, `movie_id`, `rating`, `created_at`) VALUES (90, 90, 90, 6, '1983-03-05 02:58:30');
INSERT INTO `ratings` (`id`, `user_id`, `movie_id`, `rating`, `created_at`) VALUES (91, 91, 91, 9, '1996-08-30 07:46:58');
INSERT INTO `ratings` (`id`, `user_id`, `movie_id`, `rating`, `created_at`) VALUES (92, 92, 92, 8, '2020-06-11 05:04:20');
INSERT INTO `ratings` (`id`, `user_id`, `movie_id`, `rating`, `created_at`) VALUES (93, 93, 93, 6, '1975-09-04 03:01:45');
INSERT INTO `ratings` (`id`, `user_id`, `movie_id`, `rating`, `created_at`) VALUES (94, 94, 94, 8, '1978-01-13 07:29:28');
INSERT INTO `ratings` (`id`, `user_id`, `movie_id`, `rating`, `created_at`) VALUES (95, 95, 95, 6, '1998-06-17 08:58:52');
INSERT INTO `ratings` (`id`, `user_id`, `movie_id`, `rating`, `created_at`) VALUES (96, 96, 96, 9, '2012-10-27 15:38:36');
INSERT INTO `ratings` (`id`, `user_id`, `movie_id`, `rating`, `created_at`) VALUES (97, 97, 97, 9, '2010-07-11 01:38:01');
INSERT INTO `ratings` (`id`, `user_id`, `movie_id`, `rating`, `created_at`) VALUES (98, 98, 98, 5, '2016-01-14 04:48:42');
INSERT INTO `ratings` (`id`, `user_id`, `movie_id`, `rating`, `created_at`) VALUES (99, 99, 99, 6, '1990-10-22 07:26:22');
INSERT INTO `ratings` (`id`, `user_id`, `movie_id`, `rating`, `created_at`) VALUES (100, 100, 100, 5, '2018-08-15 06:35:16');


#
# TABLE STRUCTURE FOR: reviews
#

DROP TABLE IF EXISTS `reviews`;

CREATE TABLE `reviews` (
  `id` int(10) unsigned NOT NULL AUTO_INCREMENT,
  `user_id` int(10) unsigned NOT NULL,
  `movie_id` int(10) unsigned DEFAULT NULL,
  `head` varchar(255) COLLATE utf8mb4_unicode_ci DEFAULT NULL,
  `body` text COLLATE utf8mb4_unicode_ci NOT NULL,
  `created_at` datetime DEFAULT current_timestamp(),
  `updated_at` datetime DEFAULT current_timestamp() ON UPDATE current_timestamp(),
  PRIMARY KEY (`id`)
) ENGINE=InnoDB AUTO_INCREMENT=101 DEFAULT CHARSET=utf8mb4 COLLATE=utf8mb4_unicode_ci;

INSERT INTO `reviews` (`id`, `user_id`, `movie_id`, `head`, `body`, `created_at`, `updated_at`) VALUES (1, 1, 1, 'laborum', 'I mentioned before, And have grown most uncommonly fat; Yet you balanced an eel on the top of his head. But at any rate I\'ll never go THERE again!\' said Alice very meekly: \'I\'m growing.\' \'You\'ve no.', '2020-05-27 00:00:00', '2003-12-07 00:00:00');
INSERT INTO `reviews` (`id`, `user_id`, `movie_id`, `head`, `body`, `created_at`, `updated_at`) VALUES (2, 2, 2, 'dolores', 'And yet I don\'t take this child away with me,\' thought Alice, \'and if it makes me grow larger, I can listen all day to such stuff? Be off, or I\'ll have you executed.\' The miserable Hatter dropped.', '1993-01-22 00:00:00', '2001-03-20 00:00:00');
INSERT INTO `reviews` (`id`, `user_id`, `movie_id`, `head`, `body`, `created_at`, `updated_at`) VALUES (3, 3, 3, 'aut', 'For really this morning I\'ve nothing to what I eat\" is the driest thing I ever saw one that size? Why, it fills the whole party look so grave that she had read several nice little histories about.', '2009-03-30 00:00:00', '2013-04-12 00:00:00');
INSERT INTO `reviews` (`id`, `user_id`, `movie_id`, `head`, `body`, `created_at`, `updated_at`) VALUES (4, 4, 4, 'perferendis', 'THIS size: why, I should think!\' (Dinah was the King; \'and don\'t be particular--Here, Bill! catch hold of its right paw round, \'lives a March Hare. \'Exactly so,\' said the March Hare: she thought at.', '1974-11-04 00:00:00', '1996-05-06 00:00:00');
INSERT INTO `reviews` (`id`, `user_id`, `movie_id`, `head`, `body`, `created_at`, `updated_at`) VALUES (5, 5, 5, 'soluta', 'Alice, who always took a minute or two. \'They couldn\'t have done that, you know,\' Alice gently remarked; \'they\'d have been ill.\' \'So they were,\' said the Duck. \'Found IT,\' the Mouse to tell you--all.', '1979-08-07 00:00:00', '2018-11-08 00:00:00');
INSERT INTO `reviews` (`id`, `user_id`, `movie_id`, `head`, `body`, `created_at`, `updated_at`) VALUES (6, 6, 6, 'eos', 'DON\'T know,\' said the King: \'leave out that she wanted to send the hedgehog had unrolled itself, and began whistling. \'Oh, there\'s no room at all anxious to have him with them,\' the Mock Turtle:.', '2018-09-20 00:00:00', '1987-12-02 00:00:00');
INSERT INTO `reviews` (`id`, `user_id`, `movie_id`, `head`, `body`, `created_at`, `updated_at`) VALUES (7, 7, 7, 'distinctio', 'ME\' were beautifully marked in currants. \'Well, I\'ll eat it,\' said the Duchess. An invitation for the first really clever thing the King was the first minute or two. \'They couldn\'t have wanted it.', '2015-04-14 00:00:00', '1983-02-22 00:00:00');
INSERT INTO `reviews` (`id`, `user_id`, `movie_id`, `head`, `body`, `created_at`, `updated_at`) VALUES (8, 8, 8, 'esse', 'Dinah my dear! Let this be a book of rules for shutting people up like a Jack-in-the-box, and up the conversation a little. \'\'Tis so,\' said Alice. \'You did,\' said the Duchess: you\'d better leave.', '2009-01-27 00:00:00', '2005-01-10 00:00:00');
INSERT INTO `reviews` (`id`, `user_id`, `movie_id`, `head`, `body`, `created_at`, `updated_at`) VALUES (9, 9, 9, 'quo', 'Alice replied, rather shyly, \'I--I hardly know, sir, just at present--at least I mean what I eat\" is the same size: to be Involved in this affair, He trusts to you to set them free, Exactly as we.', '1992-04-09 00:00:00', '1999-02-05 00:00:00');
INSERT INTO `reviews` (`id`, `user_id`, `movie_id`, `head`, `body`, `created_at`, `updated_at`) VALUES (10, 10, 10, 'nisi', 'She hastily put down her flamingo, and began picking them up again as quickly as she came rather late, and the whole pack rose up into the earth. Let me see: four times seven is--oh dear! I wish I.', '2004-06-12 00:00:00', '1985-12-29 00:00:00');
INSERT INTO `reviews` (`id`, `user_id`, `movie_id`, `head`, `body`, `created_at`, `updated_at`) VALUES (11, 11, 11, 'et', 'Dormouse, not choosing to notice this last remark. \'Of course not,\' Alice cautiously replied: \'but I must go by the way YOU manage?\' Alice asked. \'We called him a fish)--and rapped loudly at the.', '2000-12-01 00:00:00', '2018-04-15 00:00:00');
INSERT INTO `reviews` (`id`, `user_id`, `movie_id`, `head`, `body`, `created_at`, `updated_at`) VALUES (12, 12, 12, 'impedit', 'She was looking at them with the Gryphon. \'Do you take me for a minute, while Alice thought she might as well as I tell you!\' But she went on. \'Would you like the largest telescope that ever was!.', '2008-10-13 00:00:00', '1979-04-06 00:00:00');
INSERT INTO `reviews` (`id`, `user_id`, `movie_id`, `head`, `body`, `created_at`, `updated_at`) VALUES (13, 13, 13, 'similique', 'As for pulling me out of court! Suppress him! Pinch him! Off with his tea spoon at the top with its wings. \'Serpent!\' screamed the Gryphon. \'--you advance twice--\' \'Each with a knife, it usually.', '1987-06-03 00:00:00', '1970-04-13 00:00:00');
INSERT INTO `reviews` (`id`, `user_id`, `movie_id`, `head`, `body`, `created_at`, `updated_at`) VALUES (14, 14, 14, 'quam', 'Heads below!\' (a loud crash)--\'Now, who did that?--It was Bill, I fancy--Who\'s to go among mad people,\' Alice remarked. \'Oh, you foolish Alice!\' she answered herself. \'How can you learn lessons in.', '2016-12-06 00:00:00', '1990-10-13 00:00:00');
INSERT INTO `reviews` (`id`, `user_id`, `movie_id`, `head`, `body`, `created_at`, `updated_at`) VALUES (15, 15, 15, 'et', 'Gryphon, before Alice could think of nothing else to do, so Alice soon began talking to herself, and once she remembered that she wanted much to know, but the great question certainly was, what?.', '1999-03-08 00:00:00', '2010-12-19 00:00:00');
INSERT INTO `reviews` (`id`, `user_id`, `movie_id`, `head`, `body`, `created_at`, `updated_at`) VALUES (16, 16, 16, 'ad', 'I think--\' (for, you see, Miss, we\'re doing our best, afore she comes, to--\' At this moment Five, who had been would have done just as she remembered the number of executions the Queen said to.', '1995-03-21 00:00:00', '1997-06-24 00:00:00');
INSERT INTO `reviews` (`id`, `user_id`, `movie_id`, `head`, `body`, `created_at`, `updated_at`) VALUES (17, 17, 17, 'itaque', 'IS the same as the Dormouse went on, \'--likely to win, that it\'s hardly worth while finishing the game.\' The Queen turned angrily away from her as hard as she could even make out who was talking..', '2004-09-04 00:00:00', '2015-09-19 00:00:00');
INSERT INTO `reviews` (`id`, `user_id`, `movie_id`, `head`, `body`, `created_at`, `updated_at`) VALUES (18, 18, 18, 'repellendus', 'MUST be more to do so. \'Shall we try another figure of the what?\' said the Eaglet. \'I don\'t believe it,\' said Alice desperately: \'he\'s perfectly idiotic!\' And she began fancying the sort of lullaby.', '2003-02-13 00:00:00', '1998-07-11 00:00:00');
INSERT INTO `reviews` (`id`, `user_id`, `movie_id`, `head`, `body`, `created_at`, `updated_at`) VALUES (19, 19, 19, 'placeat', 'So they got settled down in a dreamy sort of way to hear the rattle of the baby, it was too slippery; and when she went on at last, with a smile. There was exactly the right distance--but then I.', '2015-12-12 00:00:00', '2000-06-17 00:00:00');
INSERT INTO `reviews` (`id`, `user_id`, `movie_id`, `head`, `body`, `created_at`, `updated_at`) VALUES (20, 20, 20, 'repellat', 'Alice could only hear whispers now and then; such as, that a moment\'s delay would cost them their lives. All the time at the number of changes she had not the smallest idea how confusing it is to do.', '2013-05-01 00:00:00', '2018-05-07 00:00:00');
INSERT INTO `reviews` (`id`, `user_id`, `movie_id`, `head`, `body`, `created_at`, `updated_at`) VALUES (21, 21, 21, 'enim', 'Majesty?\' he asked. \'Begin at the end of the house, and the second verse of the court, she said to the other end of the month, and doesn\'t tell what o\'clock it is!\' \'Why should it?\' muttered the.', '1987-07-07 00:00:00', '2006-10-14 00:00:00');
INSERT INTO `reviews` (`id`, `user_id`, `movie_id`, `head`, `body`, `created_at`, `updated_at`) VALUES (22, 22, 22, 'optio', 'SHE, of course,\' said the cook. The King turned pale, and shut his note-book hastily. \'Consider your verdict,\' the King said to herself how she would feel with all their simple joys, remembering her.', '2005-07-16 00:00:00', '2003-12-18 00:00:00');
INSERT INTO `reviews` (`id`, `user_id`, `movie_id`, `head`, `body`, `created_at`, `updated_at`) VALUES (23, 23, 23, 'aut', 'Lizard, Bill, was in March.\' As she said to herself, and nibbled a little house in it a minute or two. \'They couldn\'t have wanted it much,\' said Alice; \'I must be off, then!\' said the Dormouse, not.', '2013-11-09 00:00:00', '1987-04-09 00:00:00');
INSERT INTO `reviews` (`id`, `user_id`, `movie_id`, `head`, `body`, `created_at`, `updated_at`) VALUES (24, 24, 24, 'molestiae', 'King, \'unless it was too much pepper in my kitchen AT ALL. Soup does very well without--Maybe it\'s always pepper that makes people hot-tempered,\' she went round the refreshments!\' But there seemed.', '1999-05-18 00:00:00', '2015-11-12 00:00:00');
INSERT INTO `reviews` (`id`, `user_id`, `movie_id`, `head`, `body`, `created_at`, `updated_at`) VALUES (25, 25, 25, 'animi', 'Queen. \'Can you play croquet with the day of the door and went back for a great crowd assembled about them--all sorts of things--I can\'t remember things as I was going on between the executioner,.', '2012-01-05 00:00:00', '2008-06-30 00:00:00');
INSERT INTO `reviews` (`id`, `user_id`, `movie_id`, `head`, `body`, `created_at`, `updated_at`) VALUES (26, 26, 26, 'magni', 'Next came an angry voice--the Rabbit\'s--\'Pat! Pat! Where are you?\' And then a great interest in questions of eating and drinking. \'They lived on treacle,\' said the Hatter. \'Does YOUR watch tell you.', '1996-12-06 00:00:00', '2004-12-19 00:00:00');
INSERT INTO `reviews` (`id`, `user_id`, `movie_id`, `head`, `body`, `created_at`, `updated_at`) VALUES (27, 27, 27, 'occaecati', 'Alice)--\'and perhaps you haven\'t found it made Alice quite hungry to look through into the garden, where Alice could speak again. In a minute or two to think that will be When they take us up and.', '1980-09-26 00:00:00', '2006-03-30 00:00:00');
INSERT INTO `reviews` (`id`, `user_id`, `movie_id`, `head`, `body`, `created_at`, `updated_at`) VALUES (28, 28, 28, 'quasi', 'Twinkle, twinkle--\"\' Here the Dormouse shall!\' they both sat silent for a rabbit! I suppose I ought to have the experiment tried. \'Very true,\' said the King. The White Rabbit interrupted:.', '1973-09-04 00:00:00', '2018-05-13 00:00:00');
INSERT INTO `reviews` (`id`, `user_id`, `movie_id`, `head`, `body`, `created_at`, `updated_at`) VALUES (29, 29, 29, 'totam', 'For some minutes the whole window!\' \'Sure, it does, yer honour: but it\'s an arm for all that.\' \'With extras?\' asked the Gryphon, \'you first form into a large caterpillar, that was trickling down his.', '1979-12-11 00:00:00', '2013-04-23 00:00:00');
INSERT INTO `reviews` (`id`, `user_id`, `movie_id`, `head`, `body`, `created_at`, `updated_at`) VALUES (30, 30, 30, 'autem', 'Queen furiously, throwing an inkstand at the beginning,\' the King hastily said, and went on saying to her chin in salt water. Her first idea was that you couldn\'t cut off a bit hurt, and she went in.', '1995-05-29 00:00:00', '1994-04-29 00:00:00');
INSERT INTO `reviews` (`id`, `user_id`, `movie_id`, `head`, `body`, `created_at`, `updated_at`) VALUES (31, 31, 31, 'dolor', 'March Hare took the hookah out of a feather flock together.\"\' \'Only mustard isn\'t a letter, written by the White Rabbit blew three blasts on the slate. \'Herald, read the accusation!\' said the one.', '2003-07-04 00:00:00', '2009-02-21 00:00:00');
INSERT INTO `reviews` (`id`, `user_id`, `movie_id`, `head`, `body`, `created_at`, `updated_at`) VALUES (32, 32, 32, 'et', 'NOT marked \'poison,\' so Alice went on again:-- \'I didn\'t mean it!\' pleaded poor Alice in a sorrowful tone; \'at least there\'s no use in saying anything more till the puppy\'s bark sounded quite faint.', '1992-03-30 00:00:00', '2002-01-03 00:00:00');
INSERT INTO `reviews` (`id`, `user_id`, `movie_id`, `head`, `body`, `created_at`, `updated_at`) VALUES (33, 33, 33, 'molestiae', 'Duchess,\' she said to herself \'That\'s quite enough--I hope I shan\'t grow any more--As it is, I can\'t quite follow it as she was ready to agree to everything that was sitting on the end of the thing.', '2012-09-11 00:00:00', '2020-12-03 00:00:00');
INSERT INTO `reviews` (`id`, `user_id`, `movie_id`, `head`, `body`, `created_at`, `updated_at`) VALUES (34, 34, 34, 'non', 'He says it kills all the party were placed along the sea-shore--\' \'Two lines!\' cried the Mouse, turning to Alice. \'Only a thimble,\' said Alice aloud, addressing nobody in particular. \'She\'d soon.', '1985-08-06 00:00:00', '2011-12-28 00:00:00');
INSERT INTO `reviews` (`id`, `user_id`, `movie_id`, `head`, `body`, `created_at`, `updated_at`) VALUES (35, 35, 35, 'est', 'Alice, \'to pretend to be executed for having cheated herself in a great hurry; \'this paper has just been reading about; and when Alice had been of late much accustomed to usurpation and conquest..', '1991-09-20 00:00:00', '2016-12-18 00:00:00');
INSERT INTO `reviews` (`id`, `user_id`, `movie_id`, `head`, `body`, `created_at`, `updated_at`) VALUES (36, 36, 36, 'aliquam', 'Knave was standing before them, in chains, with a sigh. \'I only took the hookah out of sight. Alice remained looking thoughtfully at the end of trials, \"There was some attempts at applause, which.', '2016-12-27 00:00:00', '2017-02-18 00:00:00');
INSERT INTO `reviews` (`id`, `user_id`, `movie_id`, `head`, `body`, `created_at`, `updated_at`) VALUES (37, 37, 37, 'ducimus', 'As a duck with its head, it WOULD twist itself round and get ready for your interesting story,\' but she added, to herself, as she had a wink of sleep these three weeks!\' \'I\'m very sorry you\'ve been.', '2002-03-25 00:00:00', '1990-05-31 00:00:00');
INSERT INTO `reviews` (`id`, `user_id`, `movie_id`, `head`, `body`, `created_at`, `updated_at`) VALUES (38, 38, 38, 'iste', 'She\'ll get me executed, as sure as ferrets are ferrets! Where CAN I have done that?\' she thought. \'I must be kind to them,\' thought Alice, \'to pretend to be a great hurry, muttering to itself in a.', '1983-10-14 00:00:00', '2006-11-19 00:00:00');
INSERT INTO `reviews` (`id`, `user_id`, `movie_id`, `head`, `body`, `created_at`, `updated_at`) VALUES (39, 39, 39, 'aut', 'Duchess\'s knee, while plates and dishes crashed around it--once more the pig-baby was sneezing and howling alternately without a great hurry. An enormous puppy was looking down at them, and then.', '2002-01-28 00:00:00', '1996-12-09 00:00:00');
INSERT INTO `reviews` (`id`, `user_id`, `movie_id`, `head`, `body`, `created_at`, `updated_at`) VALUES (40, 40, 40, 'qui', 'March Hare, \'that \"I breathe when I was going to happen next. The first question of course you know the way I ought to speak, but for a moment to think this a good deal frightened at the bottom of a.', '1983-04-30 00:00:00', '2007-12-28 00:00:00');
INSERT INTO `reviews` (`id`, `user_id`, `movie_id`, `head`, `body`, `created_at`, `updated_at`) VALUES (41, 41, 41, 'dolor', 'I--\' \'Oh, don\'t bother ME,\' said Alice in a low voice, \'Your Majesty must cross-examine the next moment she appeared; but she heard a little before she came upon a time there could be beheaded, and.', '1990-06-13 00:00:00', '1982-08-21 00:00:00');
INSERT INTO `reviews` (`id`, `user_id`, `movie_id`, `head`, `body`, `created_at`, `updated_at`) VALUES (42, 42, 42, 'dolor', 'Gryphon, and all would change to dull reality--the grass would be a very respectful tone, but frowning and making quite a long tail, certainly,\' said Alice desperately: \'he\'s perfectly idiotic!\' And.', '1970-04-08 00:00:00', '1999-10-17 00:00:00');
INSERT INTO `reviews` (`id`, `user_id`, `movie_id`, `head`, `body`, `created_at`, `updated_at`) VALUES (43, 43, 43, 'ratione', 'Alice after it, never once considering how in the distance, and she jumped up on tiptoe, and peeped over the jury-box with the glass table as before, \'It\'s all about for a good deal worse off than.', '1981-04-21 00:00:00', '1983-10-06 00:00:00');
INSERT INTO `reviews` (`id`, `user_id`, `movie_id`, `head`, `body`, `created_at`, `updated_at`) VALUES (44, 44, 44, 'aut', 'THAT. Then again--\"BEFORE SHE HAD THIS FIT--\" you never even introduced to a mouse, That he met in the sea, some children digging in the sea. The master was an old Crab took the hookah out of.', '1983-06-23 00:00:00', '1991-02-27 00:00:00');
INSERT INTO `reviews` (`id`, `user_id`, `movie_id`, `head`, `body`, `created_at`, `updated_at`) VALUES (45, 45, 45, 'eos', 'Queen?\' said the Eaglet. \'I don\'t see,\' said the King. \'Nearly two miles high,\' added the Dormouse. \'Don\'t talk nonsense,\' said Alice angrily. \'It wasn\'t very civil of you to offer it,\' said Alice.', '1987-10-05 00:00:00', '1979-02-21 00:00:00');
INSERT INTO `reviews` (`id`, `user_id`, `movie_id`, `head`, `body`, `created_at`, `updated_at`) VALUES (46, 46, 46, 'voluptatem', 'Queen\'s ears--\' the Rabbit angrily. \'Here! Come and help me out of a candle is like after the rest of the trial.\' \'Stupid things!\' Alice thought decidedly uncivil. \'But perhaps he can\'t help it,\'.', '2017-07-21 00:00:00', '1975-08-28 00:00:00');
INSERT INTO `reviews` (`id`, `user_id`, `movie_id`, `head`, `body`, `created_at`, `updated_at`) VALUES (47, 47, 47, 'et', 'I can\'t see you?\' She was walking hand in her pocket, and was going on between the executioner, the King, the Queen, \'Really, my dear, and that if something wasn\'t done about it just at first,.', '1977-07-31 00:00:00', '1976-12-18 00:00:00');
INSERT INTO `reviews` (`id`, `user_id`, `movie_id`, `head`, `body`, `created_at`, `updated_at`) VALUES (48, 48, 48, 'voluptas', 'Queen added to one of the conversation. Alice replied, so eagerly that the Mouse to tell its age, there was room for this, and Alice could hear the very middle of her voice, and see how he did not.', '1985-09-05 00:00:00', '1993-09-15 00:00:00');
INSERT INTO `reviews` (`id`, `user_id`, `movie_id`, `head`, `body`, `created_at`, `updated_at`) VALUES (49, 49, 49, 'porro', 'Queen to-day?\' \'I should like to be sure! However, everything is queer to-day.\' Just then she heard a little bit, and said to herself; \'I should have croqueted the Queen\'s hedgehog just now, only it.', '1995-12-06 00:00:00', '1989-02-13 00:00:00');
INSERT INTO `reviews` (`id`, `user_id`, `movie_id`, `head`, `body`, `created_at`, `updated_at`) VALUES (50, 50, 50, 'repellat', 'Alice, as she passed; it was all finished, the Owl, as a boon, Was kindly permitted to pocket the spoon: While the Duchess said in a low, timid voice, \'If you please, sir--\' The Rabbit Sends in a.', '2014-04-06 00:00:00', '1981-06-09 00:00:00');
INSERT INTO `reviews` (`id`, `user_id`, `movie_id`, `head`, `body`, `created_at`, `updated_at`) VALUES (51, 51, 51, 'perferendis', 'I\'m afraid, but you might knock, and I shall never get to twenty at that rate! However, the Multiplication Table doesn\'t signify: let\'s try the effect: the next witness. It quite makes my forehead.', '1984-04-01 00:00:00', '2010-01-21 00:00:00');
INSERT INTO `reviews` (`id`, `user_id`, `movie_id`, `head`, `body`, `created_at`, `updated_at`) VALUES (52, 52, 52, 'aut', 'There was not quite like the name: however, it only grinned when it saw mine coming!\' \'How do you mean by that?\' said the Gryphon: and Alice rather unwillingly took the hookah out of sight: \'but it.', '1978-03-13 00:00:00', '1987-03-28 00:00:00');
INSERT INTO `reviews` (`id`, `user_id`, `movie_id`, `head`, `body`, `created_at`, `updated_at`) VALUES (53, 53, 53, 'exercitationem', 'Gryphon. \'Do you know about it, even if my head would go anywhere without a grin,\' thought Alice; \'I daresay it\'s a very little! Besides, SHE\'S she, and I\'m sure I can\'t get out at the top of the.', '2007-02-02 00:00:00', '1989-06-14 00:00:00');
INSERT INTO `reviews` (`id`, `user_id`, `movie_id`, `head`, `body`, `created_at`, `updated_at`) VALUES (54, 54, 54, 'ullam', 'Alice was silent. The Dormouse shook its head to feel which way she put her hand in hand with Dinah, and saying \"Come up again, dear!\" I shall have somebody to talk about cats or dogs either, if you.', '2013-11-14 00:00:00', '1978-05-04 00:00:00');
INSERT INTO `reviews` (`id`, `user_id`, `movie_id`, `head`, `body`, `created_at`, `updated_at`) VALUES (55, 55, 55, 'laudantium', 'The Fish-Footman began by producing from under his arm a great deal to come upon them THIS size: why, I should think you could keep it to his son, \'I feared it might injure the brain; But, now that.', '2010-11-09 00:00:00', '2017-09-21 00:00:00');
INSERT INTO `reviews` (`id`, `user_id`, `movie_id`, `head`, `body`, `created_at`, `updated_at`) VALUES (56, 56, 56, 'blanditiis', 'The other guests had taken his watch out of breath, and till the Pigeon went on, \'What HAVE you been doing here?\' \'May it please your Majesty!\' the Duchess to play croquet with the Queen to-day?\' \'I.', '2009-06-01 00:00:00', '1972-02-16 00:00:00');
INSERT INTO `reviews` (`id`, `user_id`, `movie_id`, `head`, `body`, `created_at`, `updated_at`) VALUES (57, 57, 57, 'quo', 'I hate cats and dogs.\' It was all about, and shouting \'Off with his tea spoon at the Gryphon went on, \'--likely to win, that it\'s hardly worth while finishing the game.\' The Queen turned crimson.', '2004-08-17 00:00:00', '1982-03-30 00:00:00');
INSERT INTO `reviews` (`id`, `user_id`, `movie_id`, `head`, `body`, `created_at`, `updated_at`) VALUES (58, 58, 58, 'distinctio', 'Alice; \'and I wish you wouldn\'t squeeze so.\' said the King. \'I can\'t go no lower,\' said the King said gravely, \'and go on till you come and join the dance? Will you, won\'t you, will you, won\'t you,.', '1981-10-01 00:00:00', '2014-07-20 00:00:00');
INSERT INTO `reviews` (`id`, `user_id`, `movie_id`, `head`, `body`, `created_at`, `updated_at`) VALUES (59, 59, 59, 'laudantium', 'I shall have to whisper a hint to Time, and round Alice, every now and then they wouldn\'t be so kind,\' Alice replied, so eagerly that the Gryphon went on. \'We had the door with his head!\"\' \'How.', '1990-06-04 00:00:00', '1996-06-06 00:00:00');
INSERT INTO `reviews` (`id`, `user_id`, `movie_id`, `head`, `body`, `created_at`, `updated_at`) VALUES (60, 60, 60, 'accusamus', 'Mouse, do you like the look of the other guinea-pig cheered, and was looking for the rest were quite silent, and looked at the sudden change, but very politely: \'Did you say it.\' \'That\'s nothing to.', '2018-01-12 00:00:00', '2011-02-15 00:00:00');
INSERT INTO `reviews` (`id`, `user_id`, `movie_id`, `head`, `body`, `created_at`, `updated_at`) VALUES (61, 61, 61, 'reiciendis', 'And yet I don\'t like it, yer honour, at all, as the hall was very uncomfortable, and, as they all spoke at once, with a sudden burst of tears, but said nothing. \'This here young lady,\' said the Mock.', '2003-09-22 00:00:00', '1983-11-01 00:00:00');
INSERT INTO `reviews` (`id`, `user_id`, `movie_id`, `head`, `body`, `created_at`, `updated_at`) VALUES (62, 62, 62, 'adipisci', 'I shall have to beat time when I was going to happen next. First, she tried hard to whistle to it; but she did not like to be managed? I suppose it were nine o\'clock in the lap of her own ears for.', '1978-03-26 00:00:00', '1987-07-29 00:00:00');
INSERT INTO `reviews` (`id`, `user_id`, `movie_id`, `head`, `body`, `created_at`, `updated_at`) VALUES (63, 63, 63, 'dolore', 'White Rabbit interrupted: \'UNimportant, your Majesty means, of course,\' the Gryphon interrupted in a sorrowful tone, \'I\'m afraid I am, sir,\' said Alice; not that she was saying, and the happy summer.', '1978-02-23 00:00:00', '1973-11-05 00:00:00');
INSERT INTO `reviews` (`id`, `user_id`, `movie_id`, `head`, `body`, `created_at`, `updated_at`) VALUES (64, 64, 64, 'perspiciatis', 'White Rabbit read:-- \'They told me he was in March.\' As she said to herself, \'after such a thing. After a minute or two, and the White Rabbit, \'and that\'s a fact.\' Alice did not like the largest.', '2014-03-11 00:00:00', '2007-08-05 00:00:00');
INSERT INTO `reviews` (`id`, `user_id`, `movie_id`, `head`, `body`, `created_at`, `updated_at`) VALUES (65, 65, 65, 'aspernatur', 'VERY good opportunity for repeating his remark, with variations. \'I shall sit here,\' the Footman continued in the night? Let me see--how IS it to be nothing but out-of-the-way things had happened.', '2018-09-07 00:00:00', '2012-11-18 00:00:00');
INSERT INTO `reviews` (`id`, `user_id`, `movie_id`, `head`, `body`, `created_at`, `updated_at`) VALUES (66, 66, 66, 'sit', 'Alice glanced rather anxiously at the Hatter, and here the Mock Turtle went on again: \'Twenty-four hours, I THINK; or is it twelve? I--\' \'Oh, don\'t talk about cats or dogs either, if you like!\' the.', '1975-05-31 00:00:00', '1997-11-27 00:00:00');
INSERT INTO `reviews` (`id`, `user_id`, `movie_id`, `head`, `body`, `created_at`, `updated_at`) VALUES (67, 67, 67, 'odit', 'Dinah, if I shall see it trot away quietly into the book her sister sat still and said to herself, and once again the tiny hands were clasped upon her arm, and timidly said \'Consider, my dear: she.', '1978-09-10 00:00:00', '2002-12-28 00:00:00');
INSERT INTO `reviews` (`id`, `user_id`, `movie_id`, `head`, `body`, `created_at`, `updated_at`) VALUES (68, 68, 68, 'cupiditate', 'The Mock Turtle\'s Story \'You can\'t think how glad I am now? That\'ll be a lesson to you to get her head on her spectacles, and began to tremble. Alice looked very anxiously into her eyes--and still.', '2020-12-17 00:00:00', '2017-10-24 00:00:00');
INSERT INTO `reviews` (`id`, `user_id`, `movie_id`, `head`, `body`, `created_at`, `updated_at`) VALUES (69, 69, 69, 'rem', 'Duchess! Oh my fur and whiskers! She\'ll get me executed, as sure as ferrets are ferrets! Where CAN I have done that?\' she thought. \'I must be getting somewhere near the King said, for about the.', '2020-01-04 00:00:00', '2001-10-27 00:00:00');
INSERT INTO `reviews` (`id`, `user_id`, `movie_id`, `head`, `body`, `created_at`, `updated_at`) VALUES (70, 70, 70, 'sunt', 'Mercia and Northumbria, declared for him: and even Stigand, the patriotic archbishop of Canterbury, found it made no mark; but he would deny it too: but the Mouse to Alice an excellent plan, no.', '2019-08-22 00:00:00', '1980-12-24 00:00:00');
INSERT INTO `reviews` (`id`, `user_id`, `movie_id`, `head`, `body`, `created_at`, `updated_at`) VALUES (71, 71, 71, 'voluptate', 'Time!\' \'Perhaps not,\' Alice replied in an offended tone, and everybody else. \'Leave off that!\' screamed the Pigeon. \'I\'m NOT a serpent, I tell you, you coward!\' and at last it unfolded its arms,.', '1971-03-14 00:00:00', '2016-09-05 00:00:00');
INSERT INTO `reviews` (`id`, `user_id`, `movie_id`, `head`, `body`, `created_at`, `updated_at`) VALUES (72, 72, 72, 'eaque', 'I think you\'d take a fancy to herself that perhaps it was an uncomfortably sharp chin. However, she got used to queer things happening. While she was quite a conversation of it altogether; but after.', '2006-08-25 00:00:00', '1971-09-26 00:00:00');
INSERT INTO `reviews` (`id`, `user_id`, `movie_id`, `head`, `body`, `created_at`, `updated_at`) VALUES (73, 73, 73, 'mollitia', 'YOU are, first.\' \'Why?\' said the Dodo solemnly presented the thimble, saying \'We beg your pardon,\' said Alice indignantly, and she trembled till she had not gone much farther before she came upon a.', '1980-09-04 00:00:00', '2017-09-21 00:00:00');
INSERT INTO `reviews` (`id`, `user_id`, `movie_id`, `head`, `body`, `created_at`, `updated_at`) VALUES (74, 74, 74, 'blanditiis', 'King in a languid, sleepy voice. \'Who are YOU?\' Which brought them back again to the door, staring stupidly up into the garden door. Poor Alice! It was so large a house, that she remained the same.', '1974-03-25 00:00:00', '2001-04-03 00:00:00');
INSERT INTO `reviews` (`id`, `user_id`, `movie_id`, `head`, `body`, `created_at`, `updated_at`) VALUES (75, 75, 75, 'minus', 'Alice. The poor little feet, I wonder what I like\"!\' \'You might just as well. The twelve jurors were writing down \'stupid things!\' on their throne when they liked, and left off sneezing by this.', '1978-06-05 00:00:00', '1980-08-11 00:00:00');
INSERT INTO `reviews` (`id`, `user_id`, `movie_id`, `head`, `body`, `created_at`, `updated_at`) VALUES (76, 76, 76, 'aut', 'I then? Tell me that first, and then, \'we went to the King, with an M?\' said Alice. \'You are,\' said the King, \'that saves a world of trouble, you know, this sort of way, \'Do cats eat bats, I.', '1984-02-15 00:00:00', '1970-03-18 00:00:00');
INSERT INTO `reviews` (`id`, `user_id`, `movie_id`, `head`, `body`, `created_at`, `updated_at`) VALUES (77, 77, 77, 'necessitatibus', 'Queen. \'Never!\' said the Gryphon, half to herself, rather sharply; \'I advise you to learn?\' \'Well, there was no label this time the Queen to-day?\' \'I should like to be sure, this generally happens.', '2016-11-11 00:00:00', '1996-07-19 00:00:00');
INSERT INTO `reviews` (`id`, `user_id`, `movie_id`, `head`, `body`, `created_at`, `updated_at`) VALUES (78, 78, 78, 'modi', 'The executioner\'s argument was, that if something wasn\'t done about it just missed her. Alice caught the flamingo and brought it back, the fight was over, and she very good-naturedly began hunting.', '1972-07-20 00:00:00', '1998-07-24 00:00:00');
INSERT INTO `reviews` (`id`, `user_id`, `movie_id`, `head`, `body`, `created_at`, `updated_at`) VALUES (79, 79, 79, 'provident', 'Dodo solemnly, rising to its feet, \'I move that the Mouse only shook its head down, and felt quite strange at first; but she heard a voice of the Lizard\'s slate-pencil, and the whole pack of cards!\'.', '2016-08-22 00:00:00', '1972-03-15 00:00:00');
INSERT INTO `reviews` (`id`, `user_id`, `movie_id`, `head`, `body`, `created_at`, `updated_at`) VALUES (80, 80, 80, 'illo', 'The Queen turned crimson with fury, and, after glaring at her feet, they seemed to be Number One,\' said Alice. \'Who\'s making personal remarks now?\' the Hatter instead!\' CHAPTER VII. A Mad Tea-Party.', '2008-02-10 00:00:00', '1978-08-02 00:00:00');
INSERT INTO `reviews` (`id`, `user_id`, `movie_id`, `head`, `body`, `created_at`, `updated_at`) VALUES (81, 81, 81, 'non', 'Mock Turtle in a confused way, \'Prizes! Prizes!\' Alice had been would have made a snatch in the air. \'--as far out to sea!\" But the snail replied \"Too far, too far!\" and gave a sudden leap out of a.', '2020-11-18 00:00:00', '1987-05-22 00:00:00');
INSERT INTO `reviews` (`id`, `user_id`, `movie_id`, `head`, `body`, `created_at`, `updated_at`) VALUES (82, 82, 82, 'occaecati', 'I\'m somebody else\"--but, oh dear!\' cried Alice in a confused way, \'Prizes! Prizes!\' Alice had been anxiously looking across the field after it, and they sat down, and felt quite strange at first;.', '2002-10-07 00:00:00', '2000-11-03 00:00:00');
INSERT INTO `reviews` (`id`, `user_id`, `movie_id`, `head`, `body`, `created_at`, `updated_at`) VALUES (83, 83, 83, 'omnis', 'Seven flung down his face, as long as you can--\' \'Swim after them!\' screamed the Queen. \'I haven\'t opened it yet,\' said Alice; \'I can\'t go no lower,\' said the Duchess. An invitation for the Duchess.', '1997-06-09 00:00:00', '2009-07-13 00:00:00');
INSERT INTO `reviews` (`id`, `user_id`, `movie_id`, `head`, `body`, `created_at`, `updated_at`) VALUES (84, 84, 84, 'excepturi', 'However, the Multiplication Table doesn\'t signify: let\'s try Geography. London is the same as the Rabbit, and had come back in their mouths. So they got settled down in an encouraging tone. Alice.', '2009-04-19 00:00:00', '1987-05-26 00:00:00');
INSERT INTO `reviews` (`id`, `user_id`, `movie_id`, `head`, `body`, `created_at`, `updated_at`) VALUES (85, 85, 85, 'dolorem', 'And she\'s such a wretched height to rest her chin upon Alice\'s shoulder, and it put the Dormouse fell asleep instantly, and Alice joined the procession, wondering very much to-night, I should think.', '1982-07-14 00:00:00', '2007-04-06 00:00:00');
INSERT INTO `reviews` (`id`, `user_id`, `movie_id`, `head`, `body`, `created_at`, `updated_at`) VALUES (86, 86, 86, 'suscipit', 'Mock Turtle is.\' \'It\'s the Cheshire Cat, she was now about a whiting to a shriek, \'and just as usual. \'Come, there\'s half my plan done now! How puzzling all these strange Adventures of hers would,.', '2007-10-24 00:00:00', '2005-02-19 00:00:00');
INSERT INTO `reviews` (`id`, `user_id`, `movie_id`, `head`, `body`, `created_at`, `updated_at`) VALUES (87, 87, 87, 'quae', 'Number One,\' said Alice. \'Why?\' \'IT DOES THE BOOTS AND SHOES.\' the Gryphon went on growing, and growing, and growing, and growing, and she very seldom followed it), and sometimes she scolded herself.', '2020-06-01 00:00:00', '1995-05-11 00:00:00');
INSERT INTO `reviews` (`id`, `user_id`, `movie_id`, `head`, `body`, `created_at`, `updated_at`) VALUES (88, 88, 88, 'sed', 'I am in the trial done,\' she thought, \'till its ears have come, or at least one of these cakes,\' she thought, \'it\'s sure to kill it in the sun. (IF you don\'t know what a dear little puppy it was!\'.', '2002-03-04 00:00:00', '1972-04-25 00:00:00');
INSERT INTO `reviews` (`id`, `user_id`, `movie_id`, `head`, `body`, `created_at`, `updated_at`) VALUES (89, 89, 89, 'aliquid', 'CHAPTER X. The Lobster Quadrille The Mock Turtle at last, and they walked off together, Alice heard the Rabbit hastily interrupted. \'There\'s a great letter, nearly as large as himself, and this.', '2001-02-04 00:00:00', '2019-03-27 00:00:00');
INSERT INTO `reviews` (`id`, `user_id`, `movie_id`, `head`, `body`, `created_at`, `updated_at`) VALUES (90, 90, 90, 'et', 'HIM TWO--\" why, that must be really offended. \'We won\'t talk about wasting IT. It\'s HIM.\' \'I don\'t think it\'s at all the unjust things--\' when his eye chanced to fall a long way. So they sat down,.', '1981-10-11 00:00:00', '2018-04-23 00:00:00');
INSERT INTO `reviews` (`id`, `user_id`, `movie_id`, `head`, `body`, `created_at`, `updated_at`) VALUES (91, 91, 91, 'in', 'Queen shrieked out. \'Behead that Dormouse! Turn that Dormouse out of sight before the end of the mushroom, and crawled away in the wood, \'is to grow larger again, and Alice joined the procession,.', '2010-09-12 00:00:00', '2005-05-18 00:00:00');
INSERT INTO `reviews` (`id`, `user_id`, `movie_id`, `head`, `body`, `created_at`, `updated_at`) VALUES (92, 92, 92, 'aliquam', 'So she began: \'O Mouse, do you call him Tortoise, if he thought it must be collected at once in the direction in which you usually see Shakespeare, in the other. \'I beg pardon, your Majesty,\' he.', '2016-03-28 00:00:00', '1976-06-06 00:00:00');
INSERT INTO `reviews` (`id`, `user_id`, `movie_id`, `head`, `body`, `created_at`, `updated_at`) VALUES (93, 93, 93, 'tempora', 'Hatter went on eagerly. \'That\'s enough about lessons,\' the Gryphon never learnt it.\' \'Hadn\'t time,\' said the Footman, and began by producing from under his arm a great deal of thought, and looked.', '2001-10-31 00:00:00', '1984-09-12 00:00:00');
INSERT INTO `reviews` (`id`, `user_id`, `movie_id`, `head`, `body`, `created_at`, `updated_at`) VALUES (94, 94, 94, 'quisquam', 'Bill\'s place for a long argument with the other: he came trotting along in a furious passion, and went on: \'But why did they draw the treacle from?\' \'You can draw water out of sight, he said in a.', '1982-03-30 00:00:00', '1982-01-27 00:00:00');
INSERT INTO `reviews` (`id`, `user_id`, `movie_id`, `head`, `body`, `created_at`, `updated_at`) VALUES (95, 95, 95, 'omnis', 'I ever saw one that size? Why, it fills the whole party look so grave and anxious.) Alice could bear: she got to come once a week: HE taught us Drawling, Stretching, and Fainting in Coils.\' \'What.', '1986-07-03 00:00:00', '2011-04-13 00:00:00');
INSERT INTO `reviews` (`id`, `user_id`, `movie_id`, `head`, `body`, `created_at`, `updated_at`) VALUES (96, 96, 96, 'suscipit', 'I don\'t think,\' Alice went timidly up to them she heard the King was the fan she was now about two feet high, and she set to work shaking him and punching him in the sun. (IF you don\'t know what to.', '2017-08-26 00:00:00', '2002-10-18 00:00:00');
INSERT INTO `reviews` (`id`, `user_id`, `movie_id`, `head`, `body`, `created_at`, `updated_at`) VALUES (97, 97, 97, 'maiores', 'I don\'t understand. Where did they draw the treacle from?\' \'You can draw water out of the pack, she could even make out exactly what they WILL do next! If they had to ask his neighbour to tell.', '1975-08-15 00:00:00', '1998-07-14 00:00:00');
INSERT INTO `reviews` (`id`, `user_id`, `movie_id`, `head`, `body`, `created_at`, `updated_at`) VALUES (98, 98, 98, 'reprehenderit', 'The Queen had only one who had got its head to hide a smile: some of the Queen left off, quite out of the party sat silent and looked along the passage into the wood to listen. The Fish-Footman.', '2018-01-31 00:00:00', '1990-05-08 00:00:00');
INSERT INTO `reviews` (`id`, `user_id`, `movie_id`, `head`, `body`, `created_at`, `updated_at`) VALUES (99, 99, 99, 'adipisci', 'Involved in this way! Stop this moment, and fetch me a good deal frightened by this very sudden change, but very politely: \'Did you say things are worse than ever,\' thought the whole window!\' \'Sure,.', '1993-08-15 00:00:00', '1998-09-05 00:00:00');
INSERT INTO `reviews` (`id`, `user_id`, `movie_id`, `head`, `body`, `created_at`, `updated_at`) VALUES (100, 100, 100, 'perspiciatis', 'These were the verses on his spectacles. \'Where shall I begin, please your Majesty!\' the Duchess to play croquet with the Queen,\' and she tried another question. \'What sort of lullaby to it as far.', '2020-07-06 00:00:00', '1986-03-17 00:00:00');


#
# TABLE STRUCTURE FOR: users
#

DROP TABLE IF EXISTS `users`;

CREATE TABLE `users` (
  `id` int(10) unsigned NOT NULL AUTO_INCREMENT COMMENT 'Идентификатор строки',
  `user_first_name` varchar(100) COLLATE utf8mb4_unicode_ci NOT NULL COMMENT 'Имя пользователя',
  `user_last_name` varchar(100) COLLATE utf8mb4_unicode_ci NOT NULL COMMENT 'Фамилия пользователя',
  `email` varchar(100) COLLATE utf8mb4_unicode_ci NOT NULL COMMENT 'Почта',
  `created_at` datetime DEFAULT current_timestamp() COMMENT 'Время создания строки',
  `updated_at` datetime DEFAULT current_timestamp() ON UPDATE current_timestamp() COMMENT 'Время обновления строки',
  PRIMARY KEY (`id`),
  UNIQUE KEY `email` (`email`)
) ENGINE=InnoDB AUTO_INCREMENT=101 DEFAULT CHARSET=utf8mb4 COLLATE=utf8mb4_unicode_ci COMMENT='Пользователи';

INSERT INTO `users` (`id`, `user_first_name`, `user_last_name`, `email`, `created_at`, `updated_at`) VALUES (1, 'Aliya', 'Olson', 'bailee.beer@example.com', '2020-02-06 03:26:22', '2014-03-06 13:19:18');
INSERT INTO `users` (`id`, `user_first_name`, `user_last_name`, `email`, `created_at`, `updated_at`) VALUES (2, 'Paige', 'Klein', 'kiel.veum@example.org', '2021-02-06 04:52:36', '2014-09-10 19:40:49');
INSERT INTO `users` (`id`, `user_first_name`, `user_last_name`, `email`, `created_at`, `updated_at`) VALUES (3, 'Peggie', 'Reynolds', 'twolff@example.net', '2017-03-02 04:39:13', '2018-03-09 18:58:28');
INSERT INTO `users` (`id`, `user_first_name`, `user_last_name`, `email`, `created_at`, `updated_at`) VALUES (4, 'Vivian', 'McKenzie', 'rocky23@example.com', '2019-09-05 12:12:06', '2018-05-09 03:36:11');
INSERT INTO `users` (`id`, `user_first_name`, `user_last_name`, `email`, `created_at`, `updated_at`) VALUES (5, 'Freida', 'Sawayn', 'lubowitz.timmothy@example.com', '2017-06-11 14:30:47', '2017-12-25 03:05:04');
INSERT INTO `users` (`id`, `user_first_name`, `user_last_name`, `email`, `created_at`, `updated_at`) VALUES (6, 'Joany', 'Goldner', 'morissette.guy@example.com', '2015-01-22 10:13:47', '2015-03-08 07:18:10');
INSERT INTO `users` (`id`, `user_first_name`, `user_last_name`, `email`, `created_at`, `updated_at`) VALUES (7, 'Kathleen', 'Gutmann', 'mthiel@example.com', '2020-08-01 07:44:21', '2014-09-06 21:57:37');
INSERT INTO `users` (`id`, `user_first_name`, `user_last_name`, `email`, `created_at`, `updated_at`) VALUES (8, 'Orion', 'Howe', 'obecker@example.org', '2018-03-05 06:57:05', '2015-12-19 18:30:08');
INSERT INTO `users` (`id`, `user_first_name`, `user_last_name`, `email`, `created_at`, `updated_at`) VALUES (9, 'Lisette', 'O\'Keefe', 'fcronin@example.net', '2012-03-02 17:51:06', '2015-07-11 08:20:28');
INSERT INTO `users` (`id`, `user_first_name`, `user_last_name`, `email`, `created_at`, `updated_at`) VALUES (10, 'Carissa', 'Ortiz', 'cathryn.runte@example.com', '2011-11-02 09:03:24', '2014-12-22 18:11:07');
INSERT INTO `users` (`id`, `user_first_name`, `user_last_name`, `email`, `created_at`, `updated_at`) VALUES (11, 'Eladio', 'Waters', 'orval90@example.org', '2020-07-03 10:53:58', '2011-07-13 03:31:31');
INSERT INTO `users` (`id`, `user_first_name`, `user_last_name`, `email`, `created_at`, `updated_at`) VALUES (12, 'Susan', 'Spinka', 'jwatsica@example.net', '2016-10-06 05:57:56', '2018-03-02 11:46:01');
INSERT INTO `users` (`id`, `user_first_name`, `user_last_name`, `email`, `created_at`, `updated_at`) VALUES (13, 'Keshawn', 'Howell', 'sheidenreich@example.org', '2015-12-29 18:53:06', '2016-10-03 09:19:42');
INSERT INTO `users` (`id`, `user_first_name`, `user_last_name`, `email`, `created_at`, `updated_at`) VALUES (14, 'Ignacio', 'Beatty', 'macejkovic.hope@example.net', '2011-10-24 17:50:38', '2016-05-28 00:14:36');
INSERT INTO `users` (`id`, `user_first_name`, `user_last_name`, `email`, `created_at`, `updated_at`) VALUES (15, 'Nelle', 'Wunsch', 'hintz.aurelio@example.net', '2019-08-02 12:48:49', '2013-02-16 01:03:55');
INSERT INTO `users` (`id`, `user_first_name`, `user_last_name`, `email`, `created_at`, `updated_at`) VALUES (16, 'Joey', 'Kilback', 'daugherty.cyril@example.net', '2019-02-23 22:35:33', '2012-12-06 13:21:17');
INSERT INTO `users` (`id`, `user_first_name`, `user_last_name`, `email`, `created_at`, `updated_at`) VALUES (17, 'Aaron', 'Brakus', 'legros.eric@example.com', '2013-09-02 10:09:49', '2018-09-11 10:46:11');
INSERT INTO `users` (`id`, `user_first_name`, `user_last_name`, `email`, `created_at`, `updated_at`) VALUES (18, 'Florence', 'Gutkowski', 'olin.bins@example.net', '2013-02-28 08:54:38', '2014-08-26 23:52:02');
INSERT INTO `users` (`id`, `user_first_name`, `user_last_name`, `email`, `created_at`, `updated_at`) VALUES (19, 'Lela', 'Cummings', 'brown.bonita@example.org', '2016-07-22 22:58:59', '2020-08-25 11:41:07');
INSERT INTO `users` (`id`, `user_first_name`, `user_last_name`, `email`, `created_at`, `updated_at`) VALUES (20, 'Coby', 'Spencer', 'ibailey@example.org', '2011-12-13 00:53:36', '2012-02-11 19:58:37');
INSERT INTO `users` (`id`, `user_first_name`, `user_last_name`, `email`, `created_at`, `updated_at`) VALUES (21, 'Shea', 'Baumbach', 'elaina83@example.com', '2018-06-30 19:38:41', '2019-07-09 16:15:56');
INSERT INTO `users` (`id`, `user_first_name`, `user_last_name`, `email`, `created_at`, `updated_at`) VALUES (22, 'Rocio', 'Medhurst', 'roberta93@example.org', '2021-03-20 03:45:40', '2012-12-02 20:53:50');
INSERT INTO `users` (`id`, `user_first_name`, `user_last_name`, `email`, `created_at`, `updated_at`) VALUES (23, 'Kavon', 'Okuneva', 'addie91@example.com', '2015-02-09 17:43:00', '2021-04-14 00:06:13');
INSERT INTO `users` (`id`, `user_first_name`, `user_last_name`, `email`, `created_at`, `updated_at`) VALUES (24, 'Domenick', 'Ward', 'lilyan.kilback@example.net', '2014-04-17 05:59:29', '2011-06-10 05:21:03');
INSERT INTO `users` (`id`, `user_first_name`, `user_last_name`, `email`, `created_at`, `updated_at`) VALUES (25, 'Janice', 'Leffler', 'nrath@example.com', '2018-07-22 14:20:59', '2018-01-25 16:55:51');
INSERT INTO `users` (`id`, `user_first_name`, `user_last_name`, `email`, `created_at`, `updated_at`) VALUES (26, 'Margaret', 'Marks', 'chauncey20@example.net', '2019-09-27 15:02:39', '2019-10-24 20:34:04');
INSERT INTO `users` (`id`, `user_first_name`, `user_last_name`, `email`, `created_at`, `updated_at`) VALUES (27, 'Santa', 'Schowalter', 'mathias.jakubowski@example.com', '2019-06-27 05:53:58', '2017-12-16 16:26:12');
INSERT INTO `users` (`id`, `user_first_name`, `user_last_name`, `email`, `created_at`, `updated_at`) VALUES (28, 'Moshe', 'Dach', 'tromp.michale@example.org', '2014-10-14 14:13:58', '2015-04-12 11:25:59');
INSERT INTO `users` (`id`, `user_first_name`, `user_last_name`, `email`, `created_at`, `updated_at`) VALUES (29, 'Tierra', 'Kuhlman', 'mcdermott.carolyne@example.org', '2015-07-16 18:30:25', '2013-07-07 21:37:06');
INSERT INTO `users` (`id`, `user_first_name`, `user_last_name`, `email`, `created_at`, `updated_at`) VALUES (30, 'Madie', 'Grimes', 'kamron97@example.org', '2013-09-16 05:51:08', '2011-05-24 12:36:41');
INSERT INTO `users` (`id`, `user_first_name`, `user_last_name`, `email`, `created_at`, `updated_at`) VALUES (31, 'Eloisa', 'Hermann', 'wilderman.renee@example.com', '2020-07-16 12:09:13', '2020-05-14 18:39:34');
INSERT INTO `users` (`id`, `user_first_name`, `user_last_name`, `email`, `created_at`, `updated_at`) VALUES (32, 'Ernest', 'Wiegand', 'casimir.goldner@example.net', '2014-07-17 01:59:33', '2014-06-19 23:47:31');
INSERT INTO `users` (`id`, `user_first_name`, `user_last_name`, `email`, `created_at`, `updated_at`) VALUES (33, 'Stephany', 'Runolfsson', 'cole.terence@example.org', '2016-06-12 04:49:01', '2012-05-12 16:03:23');
INSERT INTO `users` (`id`, `user_first_name`, `user_last_name`, `email`, `created_at`, `updated_at`) VALUES (34, 'Lynn', 'Hagenes', 'meggie.fahey@example.com', '2015-01-09 05:20:56', '2015-05-26 05:53:59');
INSERT INTO `users` (`id`, `user_first_name`, `user_last_name`, `email`, `created_at`, `updated_at`) VALUES (35, 'Dora', 'Kihn', 'jovan.renner@example.org', '2012-12-10 19:24:16', '2014-05-01 06:10:00');
INSERT INTO `users` (`id`, `user_first_name`, `user_last_name`, `email`, `created_at`, `updated_at`) VALUES (36, 'Frederic', 'Torphy', 'tabitha.heathcote@example.com', '2020-11-17 03:47:32', '2018-06-12 10:33:52');
INSERT INTO `users` (`id`, `user_first_name`, `user_last_name`, `email`, `created_at`, `updated_at`) VALUES (37, 'Elmira', 'Greenfelder', 'kaylee.treutel@example.net', '2017-09-23 07:05:49', '2017-01-08 23:27:43');
INSERT INTO `users` (`id`, `user_first_name`, `user_last_name`, `email`, `created_at`, `updated_at`) VALUES (38, 'Aniyah', 'Oberbrunner', 'gabe96@example.org', '2018-08-23 09:50:11', '2017-01-04 06:17:33');
INSERT INTO `users` (`id`, `user_first_name`, `user_last_name`, `email`, `created_at`, `updated_at`) VALUES (39, 'Rogers', 'Padberg', 'nkoepp@example.net', '2015-04-20 06:15:16', '2018-07-17 05:12:26');
INSERT INTO `users` (`id`, `user_first_name`, `user_last_name`, `email`, `created_at`, `updated_at`) VALUES (40, 'Willard', 'Sipes', 'leffler.bianka@example.org', '2014-02-09 18:36:50', '2018-10-07 09:26:05');
INSERT INTO `users` (`id`, `user_first_name`, `user_last_name`, `email`, `created_at`, `updated_at`) VALUES (41, 'Ashlynn', 'Kemmer', 'rheller@example.org', '2019-07-29 08:36:15', '2018-11-11 12:50:25');
INSERT INTO `users` (`id`, `user_first_name`, `user_last_name`, `email`, `created_at`, `updated_at`) VALUES (42, 'Tyler', 'Crona', 'alyson05@example.net', '2014-11-10 00:02:59', '2015-04-03 20:56:49');
INSERT INTO `users` (`id`, `user_first_name`, `user_last_name`, `email`, `created_at`, `updated_at`) VALUES (43, 'Isaias', 'Stiedemann', 'morton.howell@example.net', '2016-02-06 20:09:13', '2018-03-30 13:20:43');
INSERT INTO `users` (`id`, `user_first_name`, `user_last_name`, `email`, `created_at`, `updated_at`) VALUES (44, 'Cassandra', 'Tremblay', 'lockman.vernie@example.net', '2018-06-03 05:01:10', '2012-11-18 13:53:35');
INSERT INTO `users` (`id`, `user_first_name`, `user_last_name`, `email`, `created_at`, `updated_at`) VALUES (45, 'Keyshawn', 'Stehr', 'parker.magali@example.org', '2016-10-23 12:58:07', '2013-03-15 03:48:19');
INSERT INTO `users` (`id`, `user_first_name`, `user_last_name`, `email`, `created_at`, `updated_at`) VALUES (46, 'Doug', 'Jaskolski', 'west.mary@example.com', '2012-07-29 13:05:34', '2016-03-28 15:57:32');
INSERT INTO `users` (`id`, `user_first_name`, `user_last_name`, `email`, `created_at`, `updated_at`) VALUES (47, 'Giovanny', 'Bosco', 'granville.kozey@example.org', '2021-02-28 18:01:45', '2017-01-19 09:16:41');
INSERT INTO `users` (`id`, `user_first_name`, `user_last_name`, `email`, `created_at`, `updated_at`) VALUES (48, 'Isabel', 'Glover', 'ilebsack@example.org', '2016-09-01 04:12:51', '2014-11-28 03:51:46');
INSERT INTO `users` (`id`, `user_first_name`, `user_last_name`, `email`, `created_at`, `updated_at`) VALUES (49, 'Vallie', 'Ortiz', 'christiana.wilkinson@example.com', '2015-06-17 16:00:43', '2012-04-15 17:37:35');
INSERT INTO `users` (`id`, `user_first_name`, `user_last_name`, `email`, `created_at`, `updated_at`) VALUES (50, 'Rosalinda', 'Jaskolski', 'prudence22@example.org', '2019-10-14 18:52:39', '2012-03-30 13:49:27');
INSERT INTO `users` (`id`, `user_first_name`, `user_last_name`, `email`, `created_at`, `updated_at`) VALUES (51, 'Santa', 'Schumm', 'rowena58@example.net', '2012-03-30 21:00:09', '2013-05-22 10:39:01');
INSERT INTO `users` (`id`, `user_first_name`, `user_last_name`, `email`, `created_at`, `updated_at`) VALUES (52, 'Torrey', 'Beier', 'zbotsford@example.net', '2019-07-15 06:07:19', '2013-06-09 23:22:18');
INSERT INTO `users` (`id`, `user_first_name`, `user_last_name`, `email`, `created_at`, `updated_at`) VALUES (53, 'Carmella', 'Kreiger', 'graciela.nienow@example.com', '2018-09-13 14:51:38', '2020-02-20 04:13:19');
INSERT INTO `users` (`id`, `user_first_name`, `user_last_name`, `email`, `created_at`, `updated_at`) VALUES (54, 'Kamille', 'Zieme', 'yesenia.brekke@example.net', '2013-03-17 03:35:40', '2020-08-28 10:26:04');
INSERT INTO `users` (`id`, `user_first_name`, `user_last_name`, `email`, `created_at`, `updated_at`) VALUES (55, 'Sean', 'Grady', 'kaya01@example.org', '2012-12-22 00:08:32', '2018-04-27 18:24:51');
INSERT INTO `users` (`id`, `user_first_name`, `user_last_name`, `email`, `created_at`, `updated_at`) VALUES (56, 'Brennan', 'Rowe', 'cormier.francis@example.org', '2015-10-24 21:10:02', '2013-05-30 23:25:31');
INSERT INTO `users` (`id`, `user_first_name`, `user_last_name`, `email`, `created_at`, `updated_at`) VALUES (57, 'Jonas', 'Windler', 'tmayer@example.com', '2017-08-17 10:42:31', '2018-12-19 23:27:07');
INSERT INTO `users` (`id`, `user_first_name`, `user_last_name`, `email`, `created_at`, `updated_at`) VALUES (58, 'Stacy', 'Berge', 'avonrueden@example.org', '2019-11-14 07:57:28', '2012-09-30 10:28:39');
INSERT INTO `users` (`id`, `user_first_name`, `user_last_name`, `email`, `created_at`, `updated_at`) VALUES (59, 'Tito', 'Howell', 'laisha02@example.org', '2013-11-15 14:41:27', '2020-02-14 17:47:06');
INSERT INTO `users` (`id`, `user_first_name`, `user_last_name`, `email`, `created_at`, `updated_at`) VALUES (60, 'Francesca', 'Boyle', 'annabel.koss@example.com', '2011-08-14 17:17:13', '2018-09-13 21:26:05');
INSERT INTO `users` (`id`, `user_first_name`, `user_last_name`, `email`, `created_at`, `updated_at`) VALUES (61, 'Hank', 'Dicki', 'alanis.hauck@example.org', '2017-07-17 06:08:46', '2011-07-23 19:49:47');
INSERT INTO `users` (`id`, `user_first_name`, `user_last_name`, `email`, `created_at`, `updated_at`) VALUES (62, 'Connie', 'Ernser', 'estevan80@example.org', '2014-07-22 00:38:24', '2019-10-31 06:30:31');
INSERT INTO `users` (`id`, `user_first_name`, `user_last_name`, `email`, `created_at`, `updated_at`) VALUES (63, 'Dimitri', 'Halvorson', 'lkassulke@example.com', '2016-06-30 15:26:34', '2018-07-08 06:59:43');
INSERT INTO `users` (`id`, `user_first_name`, `user_last_name`, `email`, `created_at`, `updated_at`) VALUES (64, 'Brown', 'Lubowitz', 'dan.schumm@example.com', '2019-04-25 23:13:25', '2013-05-20 16:50:46');
INSERT INTO `users` (`id`, `user_first_name`, `user_last_name`, `email`, `created_at`, `updated_at`) VALUES (65, 'Twila', 'Hintz', 'kwindler@example.com', '2013-12-07 02:23:27', '2019-09-14 05:18:57');
INSERT INTO `users` (`id`, `user_first_name`, `user_last_name`, `email`, `created_at`, `updated_at`) VALUES (66, 'Elijah', 'McDermott', 'madeline38@example.com', '2021-02-26 18:37:28', '2021-01-27 02:55:04');
INSERT INTO `users` (`id`, `user_first_name`, `user_last_name`, `email`, `created_at`, `updated_at`) VALUES (67, 'Frederique', 'Lockman', 'uupton@example.com', '2015-02-16 20:50:23', '2017-07-06 13:01:01');
INSERT INTO `users` (`id`, `user_first_name`, `user_last_name`, `email`, `created_at`, `updated_at`) VALUES (68, 'Casper', 'Padberg', 'rolfson.johnson@example.net', '2011-06-26 13:50:56', '2014-03-19 23:55:30');
INSERT INTO `users` (`id`, `user_first_name`, `user_last_name`, `email`, `created_at`, `updated_at`) VALUES (69, 'Zackary', 'Veum', 'kihn.kyle@example.org', '2011-05-12 11:12:51', '2015-04-24 17:29:39');
INSERT INTO `users` (`id`, `user_first_name`, `user_last_name`, `email`, `created_at`, `updated_at`) VALUES (70, 'Joshuah', 'Johnson', 'eusebio50@example.net', '2013-07-03 02:17:05', '2018-09-03 18:58:35');
INSERT INTO `users` (`id`, `user_first_name`, `user_last_name`, `email`, `created_at`, `updated_at`) VALUES (71, 'Albert', 'Braun', 'altenwerth.kraig@example.net', '2018-11-01 11:17:59', '2015-05-01 17:18:24');
INSERT INTO `users` (`id`, `user_first_name`, `user_last_name`, `email`, `created_at`, `updated_at`) VALUES (72, 'Aliya', 'Kunze', 'igaylord@example.net', '2021-03-09 18:59:07', '2019-08-30 19:12:21');
INSERT INTO `users` (`id`, `user_first_name`, `user_last_name`, `email`, `created_at`, `updated_at`) VALUES (73, 'Ismael', 'Goodwin', 'jessie.gislason@example.com', '2012-06-13 13:50:42', '2013-09-06 09:34:57');
INSERT INTO `users` (`id`, `user_first_name`, `user_last_name`, `email`, `created_at`, `updated_at`) VALUES (74, 'Dereck', 'Towne', 'mhilpert@example.com', '2015-06-01 07:36:50', '2012-02-07 05:11:34');
INSERT INTO `users` (`id`, `user_first_name`, `user_last_name`, `email`, `created_at`, `updated_at`) VALUES (75, 'Eusebio', 'Hand', 'precious62@example.net', '2020-12-15 20:13:30', '2018-10-29 10:11:39');
INSERT INTO `users` (`id`, `user_first_name`, `user_last_name`, `email`, `created_at`, `updated_at`) VALUES (76, 'Piper', 'Koepp', 'heaney.lessie@example.org', '2017-12-05 12:55:53', '2019-01-24 08:38:24');
INSERT INTO `users` (`id`, `user_first_name`, `user_last_name`, `email`, `created_at`, `updated_at`) VALUES (77, 'Keanu', 'Weber', 'eschneider@example.org', '2015-08-20 05:46:58', '2013-08-02 14:33:54');
INSERT INTO `users` (`id`, `user_first_name`, `user_last_name`, `email`, `created_at`, `updated_at`) VALUES (78, 'Aubree', 'Dicki', 'jaycee83@example.org', '2016-10-09 07:43:48', '2011-10-28 15:53:10');
INSERT INTO `users` (`id`, `user_first_name`, `user_last_name`, `email`, `created_at`, `updated_at`) VALUES (79, 'Jacky', 'Weimann', 'kihn.julien@example.com', '2016-12-03 15:15:09', '2015-05-15 22:25:27');
INSERT INTO `users` (`id`, `user_first_name`, `user_last_name`, `email`, `created_at`, `updated_at`) VALUES (80, 'Keegan', 'Jacobson', 'smitham.antonina@example.com', '2013-01-15 02:30:03', '2016-03-16 12:05:23');
INSERT INTO `users` (`id`, `user_first_name`, `user_last_name`, `email`, `created_at`, `updated_at`) VALUES (81, 'Tod', 'Little', 'tara.grant@example.org', '2020-06-08 00:37:28', '2015-02-07 19:56:45');
INSERT INTO `users` (`id`, `user_first_name`, `user_last_name`, `email`, `created_at`, `updated_at`) VALUES (82, 'Sonya', 'Denesik', 'fschowalter@example.org', '2019-08-09 09:58:22', '2012-04-29 21:40:42');
INSERT INTO `users` (`id`, `user_first_name`, `user_last_name`, `email`, `created_at`, `updated_at`) VALUES (83, 'Novella', 'O\'Keefe', 'kaylie87@example.com', '2016-07-21 21:00:47', '2015-05-06 11:31:15');
INSERT INTO `users` (`id`, `user_first_name`, `user_last_name`, `email`, `created_at`, `updated_at`) VALUES (84, 'Nelson', 'Barton', 'flemke@example.net', '2018-09-21 09:14:01', '2016-11-22 18:06:39');
INSERT INTO `users` (`id`, `user_first_name`, `user_last_name`, `email`, `created_at`, `updated_at`) VALUES (85, 'Jerrell', 'Pouros', 'leannon.morton@example.net', '2013-02-28 05:36:43', '2018-02-14 08:06:47');
INSERT INTO `users` (`id`, `user_first_name`, `user_last_name`, `email`, `created_at`, `updated_at`) VALUES (86, 'Maynard', 'Keebler', 'sdibbert@example.org', '2017-04-27 17:32:42', '2014-01-15 20:57:08');
INSERT INTO `users` (`id`, `user_first_name`, `user_last_name`, `email`, `created_at`, `updated_at`) VALUES (87, 'Luis', 'Murphy', 'vesta.schowalter@example.net', '2019-09-19 14:51:46', '2020-04-20 05:23:13');
INSERT INTO `users` (`id`, `user_first_name`, `user_last_name`, `email`, `created_at`, `updated_at`) VALUES (88, 'Amalia', 'Murphy', 'lueilwitz.asia@example.org', '2015-02-07 12:53:11', '2015-02-21 21:15:46');
INSERT INTO `users` (`id`, `user_first_name`, `user_last_name`, `email`, `created_at`, `updated_at`) VALUES (89, 'Jakayla', 'Kuhlman', 'coralie.renner@example.com', '2012-12-06 02:05:57', '2015-01-12 02:12:35');
INSERT INTO `users` (`id`, `user_first_name`, `user_last_name`, `email`, `created_at`, `updated_at`) VALUES (90, 'Irving', 'Gorczany', 'herman57@example.net', '2011-08-11 07:05:29', '2018-08-20 09:23:32');
INSERT INTO `users` (`id`, `user_first_name`, `user_last_name`, `email`, `created_at`, `updated_at`) VALUES (91, 'Ladarius', 'Bogisich', 'skrajcik@example.com', '2018-02-08 16:06:41', '2018-04-12 07:57:54');
INSERT INTO `users` (`id`, `user_first_name`, `user_last_name`, `email`, `created_at`, `updated_at`) VALUES (92, 'Kareem', 'Mills', 'bkoch@example.com', '2016-09-13 05:00:16', '2015-11-12 06:45:08');
INSERT INTO `users` (`id`, `user_first_name`, `user_last_name`, `email`, `created_at`, `updated_at`) VALUES (93, 'Electa', 'Cummerata', 'burley.hahn@example.com', '2012-02-23 05:02:42', '2013-03-15 03:35:01');
INSERT INTO `users` (`id`, `user_first_name`, `user_last_name`, `email`, `created_at`, `updated_at`) VALUES (94, 'Esta', 'Batz', 'stevie41@example.org', '2013-09-30 14:30:05', '2014-03-09 17:01:59');
INSERT INTO `users` (`id`, `user_first_name`, `user_last_name`, `email`, `created_at`, `updated_at`) VALUES (95, 'Cooper', 'Bins', 'elisa.pfannerstill@example.net', '2019-10-22 21:40:56', '2013-10-13 18:57:52');
INSERT INTO `users` (`id`, `user_first_name`, `user_last_name`, `email`, `created_at`, `updated_at`) VALUES (96, 'Estel', 'Harvey', 'gkris@example.net', '2019-12-10 17:17:19', '2013-10-13 07:00:31');
INSERT INTO `users` (`id`, `user_first_name`, `user_last_name`, `email`, `created_at`, `updated_at`) VALUES (97, 'Makenzie', 'Jones', 'friedrich87@example.com', '2020-02-27 01:15:00', '2011-05-18 13:16:53');
INSERT INTO `users` (`id`, `user_first_name`, `user_last_name`, `email`, `created_at`, `updated_at`) VALUES (98, 'Pablo', 'Cruickshank', 'santino24@example.net', '2019-08-31 05:17:47', '2012-09-16 14:53:51');
INSERT INTO `users` (`id`, `user_first_name`, `user_last_name`, `email`, `created_at`, `updated_at`) VALUES (99, 'Mitchel', 'Stehr', 'tzulauf@example.net', '2019-08-07 14:48:05', '2018-08-09 02:26:33');
INSERT INTO `users` (`id`, `user_first_name`, `user_last_name`, `email`, `created_at`, `updated_at`) VALUES (100, 'Bella', 'Haag', 'nicolas01@example.org', '2011-12-10 18:19:21', '2015-09-21 17:38:19');


#
# TABLE STRUCTURE FOR: users_profiles
#

DROP TABLE IF EXISTS `users_profiles`;

CREATE TABLE `users_profiles` (
  `user_id` int(10) unsigned NOT NULL COMMENT 'Ссылка на пользователя',
  `gender` char(1) COLLATE utf8mb4_unicode_ci NOT NULL COMMENT 'Пол',
  `birthday` date DEFAULT NULL COMMENT 'Дата рождения',
  `city` varchar(130) COLLATE utf8mb4_unicode_ci DEFAULT NULL COMMENT 'Город проживания',
  `country` varchar(130) COLLATE utf8mb4_unicode_ci DEFAULT NULL COMMENT 'Страна проживания',
  `last_login` datetime DEFAULT NULL COMMENT 'Последний вход в систему',
  `created_at` datetime DEFAULT current_timestamp() COMMENT 'Время создания строки',
  `updated_at` datetime DEFAULT current_timestamp() ON UPDATE current_timestamp() COMMENT 'Время обновления строки',
  PRIMARY KEY (`user_id`)
) ENGINE=InnoDB DEFAULT CHARSET=utf8mb4 COLLATE=utf8mb4_unicode_ci COMMENT='Профили пользователей';

INSERT INTO `users_profiles` (`user_id`, `gender`, `birthday`, `city`, `country`, `last_login`, `created_at`, `updated_at`) VALUES (1, 'm', '1988-10-18', 'North Noemi', 'Kuwait', '1977-05-09 00:00:00', '1971-12-24 00:00:00', '2002-03-29 00:00:00');
INSERT INTO `users_profiles` (`user_id`, `gender`, `birthday`, `city`, `country`, `last_login`, `created_at`, `updated_at`) VALUES (2, 'm', '1995-05-08', 'Israelton', 'Bouvet Island (Bouvetoya)', '2000-01-31 00:00:00', '1982-07-21 00:00:00', '1978-04-14 00:00:00');
INSERT INTO `users_profiles` (`user_id`, `gender`, `birthday`, `city`, `country`, `last_login`, `created_at`, `updated_at`) VALUES (3, 'f', '2017-03-31', 'Kirlinside', 'Anguilla', '2012-02-20 00:00:00', '2010-12-08 00:00:00', '2005-04-22 00:00:00');
INSERT INTO `users_profiles` (`user_id`, `gender`, `birthday`, `city`, `country`, `last_login`, `created_at`, `updated_at`) VALUES (4, 'f', '1970-06-26', 'West Betsystad', 'Niger', '2009-12-13 00:00:00', '2004-03-28 00:00:00', '2017-05-26 00:00:00');
INSERT INTO `users_profiles` (`user_id`, `gender`, `birthday`, `city`, `country`, `last_login`, `created_at`, `updated_at`) VALUES (5, 'f', '2000-01-25', 'West Minerva', 'Brazil', '2007-07-25 00:00:00', '1985-08-07 00:00:00', '2013-04-06 00:00:00');
INSERT INTO `users_profiles` (`user_id`, `gender`, `birthday`, `city`, `country`, `last_login`, `created_at`, `updated_at`) VALUES (6, 'm', '2005-12-10', 'New Rudy', 'Switzerland', '2020-09-05 00:00:00', '1998-08-27 00:00:00', '2011-06-13 00:00:00');
INSERT INTO `users_profiles` (`user_id`, `gender`, `birthday`, `city`, `country`, `last_login`, `created_at`, `updated_at`) VALUES (7, 'm', '1984-10-26', 'South Mathew', 'Portugal', '1983-01-01 00:00:00', '2004-04-12 00:00:00', '2014-10-02 00:00:00');
INSERT INTO `users_profiles` (`user_id`, `gender`, `birthday`, `city`, `country`, `last_login`, `created_at`, `updated_at`) VALUES (8, 'f', '1974-01-22', 'Lake Daniellaland', 'Lebanon', '1976-07-15 00:00:00', '2015-11-02 00:00:00', '1993-02-18 00:00:00');
INSERT INTO `users_profiles` (`user_id`, `gender`, `birthday`, `city`, `country`, `last_login`, `created_at`, `updated_at`) VALUES (9, 'f', '1978-09-29', 'Lake Santaberg', 'Denmark', '2000-10-18 00:00:00', '1973-11-02 00:00:00', '1997-11-01 00:00:00');
INSERT INTO `users_profiles` (`user_id`, `gender`, `birthday`, `city`, `country`, `last_login`, `created_at`, `updated_at`) VALUES (10, 'm', '2008-08-03', 'Schmelerfort', 'Kyrgyz Republic', '2018-01-24 00:00:00', '1983-10-03 00:00:00', '1995-01-13 00:00:00');
INSERT INTO `users_profiles` (`user_id`, `gender`, `birthday`, `city`, `country`, `last_login`, `created_at`, `updated_at`) VALUES (11, 'f', '1982-05-15', 'Morarchester', 'Monaco', '2000-03-26 00:00:00', '1985-01-06 00:00:00', '1991-03-02 00:00:00');
INSERT INTO `users_profiles` (`user_id`, `gender`, `birthday`, `city`, `country`, `last_login`, `created_at`, `updated_at`) VALUES (12, 'f', '1975-09-25', 'North Karleyland', 'Yemen', '1996-03-13 00:00:00', '1984-07-21 00:00:00', '2010-10-19 00:00:00');
INSERT INTO `users_profiles` (`user_id`, `gender`, `birthday`, `city`, `country`, `last_login`, `created_at`, `updated_at`) VALUES (13, 'f', '1990-09-07', 'Bayermouth', 'Jordan', '2012-05-14 00:00:00', '1982-08-28 00:00:00', '2020-05-06 00:00:00');
INSERT INTO `users_profiles` (`user_id`, `gender`, `birthday`, `city`, `country`, `last_login`, `created_at`, `updated_at`) VALUES (14, 'm', '1975-06-05', 'East Carter', 'Suriname', '1999-10-31 00:00:00', '2002-04-30 00:00:00', '1989-06-04 00:00:00');
INSERT INTO `users_profiles` (`user_id`, `gender`, `birthday`, `city`, `country`, `last_login`, `created_at`, `updated_at`) VALUES (15, 'm', '2018-02-12', 'East Dorthaside', 'Martinique', '2010-12-04 00:00:00', '2003-09-08 00:00:00', '1978-02-15 00:00:00');
INSERT INTO `users_profiles` (`user_id`, `gender`, `birthday`, `city`, `country`, `last_login`, `created_at`, `updated_at`) VALUES (16, 'm', '1989-01-15', 'Klingmouth', 'Cocos (Keeling) Islands', '1974-09-25 00:00:00', '1974-09-05 00:00:00', '1971-03-15 00:00:00');
INSERT INTO `users_profiles` (`user_id`, `gender`, `birthday`, `city`, `country`, `last_login`, `created_at`, `updated_at`) VALUES (17, 'm', '2002-03-27', 'New Scottieport', 'Grenada', '1975-02-06 00:00:00', '1974-05-15 00:00:00', '1971-09-17 00:00:00');
INSERT INTO `users_profiles` (`user_id`, `gender`, `birthday`, `city`, `country`, `last_login`, `created_at`, `updated_at`) VALUES (18, 'f', '1986-04-24', 'Haleyburgh', 'Tanzania', '1980-03-31 00:00:00', '1972-04-04 00:00:00', '2012-09-24 00:00:00');
INSERT INTO `users_profiles` (`user_id`, `gender`, `birthday`, `city`, `country`, `last_login`, `created_at`, `updated_at`) VALUES (19, 'm', '1975-08-11', 'Port Stuartbury', 'Korea', '1994-02-11 00:00:00', '1997-05-17 00:00:00', '1978-01-31 00:00:00');
INSERT INTO `users_profiles` (`user_id`, `gender`, `birthday`, `city`, `country`, `last_login`, `created_at`, `updated_at`) VALUES (20, 'f', '1978-11-04', 'Willmston', 'Mauritius', '2013-03-03 00:00:00', '2006-01-04 00:00:00', '2013-08-12 00:00:00');
INSERT INTO `users_profiles` (`user_id`, `gender`, `birthday`, `city`, `country`, `last_login`, `created_at`, `updated_at`) VALUES (21, 'm', '1985-12-29', 'West Holden', 'Bahamas', '1982-03-01 00:00:00', '1984-03-18 00:00:00', '1975-06-06 00:00:00');
INSERT INTO `users_profiles` (`user_id`, `gender`, `birthday`, `city`, `country`, `last_login`, `created_at`, `updated_at`) VALUES (22, 'f', '1988-02-06', 'Lolitashire', 'Vietnam', '2014-03-20 00:00:00', '2012-02-12 00:00:00', '1990-05-23 00:00:00');
INSERT INTO `users_profiles` (`user_id`, `gender`, `birthday`, `city`, `country`, `last_login`, `created_at`, `updated_at`) VALUES (23, 'm', '2008-06-30', 'Douglasfurt', 'Panama', '2013-07-01 00:00:00', '2006-07-21 00:00:00', '1970-09-15 00:00:00');
INSERT INTO `users_profiles` (`user_id`, `gender`, `birthday`, `city`, `country`, `last_login`, `created_at`, `updated_at`) VALUES (24, 'f', '2006-10-28', 'Herzogberg', 'Saint Helena', '1991-05-10 00:00:00', '1981-09-20 00:00:00', '1989-02-27 00:00:00');
INSERT INTO `users_profiles` (`user_id`, `gender`, `birthday`, `city`, `country`, `last_login`, `created_at`, `updated_at`) VALUES (25, 'f', '1991-04-19', 'Flofort', 'Moldova', '1980-12-06 00:00:00', '1991-05-01 00:00:00', '2012-04-12 00:00:00');
INSERT INTO `users_profiles` (`user_id`, `gender`, `birthday`, `city`, `country`, `last_login`, `created_at`, `updated_at`) VALUES (26, 'f', '2011-09-08', 'East Orpha', 'Falkland Islands (Malvinas)', '1989-08-24 00:00:00', '1991-06-30 00:00:00', '2019-05-30 00:00:00');
INSERT INTO `users_profiles` (`user_id`, `gender`, `birthday`, `city`, `country`, `last_login`, `created_at`, `updated_at`) VALUES (27, 'f', '2001-04-22', 'Audreanneton', 'Equatorial Guinea', '2010-11-27 00:00:00', '1993-03-22 00:00:00', '1973-12-26 00:00:00');
INSERT INTO `users_profiles` (`user_id`, `gender`, `birthday`, `city`, `country`, `last_login`, `created_at`, `updated_at`) VALUES (28, 'm', '1974-04-14', 'Port Karellehaven', 'Egypt', '1991-01-11 00:00:00', '1978-07-25 00:00:00', '1983-10-17 00:00:00');
INSERT INTO `users_profiles` (`user_id`, `gender`, `birthday`, `city`, `country`, `last_login`, `created_at`, `updated_at`) VALUES (29, 'f', '1990-02-26', 'Alton', 'Fiji', '1989-10-09 00:00:00', '1982-08-11 00:00:00', '1988-03-04 00:00:00');
INSERT INTO `users_profiles` (`user_id`, `gender`, `birthday`, `city`, `country`, `last_login`, `created_at`, `updated_at`) VALUES (30, 'f', '1980-09-26', 'Casperburgh', 'Guyana', '1991-01-09 00:00:00', '1985-06-17 00:00:00', '2014-04-19 00:00:00');
INSERT INTO `users_profiles` (`user_id`, `gender`, `birthday`, `city`, `country`, `last_login`, `created_at`, `updated_at`) VALUES (31, 'm', '2019-11-16', 'South Deja', 'Rwanda', '1981-05-19 00:00:00', '1980-08-06 00:00:00', '2020-01-26 00:00:00');
INSERT INTO `users_profiles` (`user_id`, `gender`, `birthday`, `city`, `country`, `last_login`, `created_at`, `updated_at`) VALUES (32, 'm', '1999-05-01', 'Port Candelariohaven', 'Timor-Leste', '1994-06-06 00:00:00', '1993-07-05 00:00:00', '2015-11-10 00:00:00');
INSERT INTO `users_profiles` (`user_id`, `gender`, `birthday`, `city`, `country`, `last_login`, `created_at`, `updated_at`) VALUES (33, 'f', '1970-02-24', 'Kulasshire', 'Micronesia', '2017-07-09 00:00:00', '1982-05-06 00:00:00', '2004-03-15 00:00:00');
INSERT INTO `users_profiles` (`user_id`, `gender`, `birthday`, `city`, `country`, `last_login`, `created_at`, `updated_at`) VALUES (34, 'f', '1993-02-02', 'Keshawnberg', 'Mozambique', '1999-10-31 00:00:00', '2001-08-16 00:00:00', '1978-03-14 00:00:00');
INSERT INTO `users_profiles` (`user_id`, `gender`, `birthday`, `city`, `country`, `last_login`, `created_at`, `updated_at`) VALUES (35, 'm', '1976-01-12', 'New Maybellefurt', 'Gibraltar', '1973-08-06 00:00:00', '1983-06-13 00:00:00', '2004-02-26 00:00:00');
INSERT INTO `users_profiles` (`user_id`, `gender`, `birthday`, `city`, `country`, `last_login`, `created_at`, `updated_at`) VALUES (36, 'm', '1970-08-12', 'Port Malindachester', 'Luxembourg', '2003-06-26 00:00:00', '2015-02-27 00:00:00', '2004-11-20 00:00:00');
INSERT INTO `users_profiles` (`user_id`, `gender`, `birthday`, `city`, `country`, `last_login`, `created_at`, `updated_at`) VALUES (37, 'f', '2007-12-12', 'West Moses', 'Vietnam', '1980-01-22 00:00:00', '1977-10-07 00:00:00', '1976-08-19 00:00:00');
INSERT INTO `users_profiles` (`user_id`, `gender`, `birthday`, `city`, `country`, `last_login`, `created_at`, `updated_at`) VALUES (38, 'f', '2006-07-09', 'Farrellside', 'Antarctica (the territory South of 60 deg S)', '1995-03-13 00:00:00', '1974-06-27 00:00:00', '2003-05-13 00:00:00');
INSERT INTO `users_profiles` (`user_id`, `gender`, `birthday`, `city`, `country`, `last_login`, `created_at`, `updated_at`) VALUES (39, 'm', '1991-02-11', 'Port Shayleeshire', 'Equatorial Guinea', '2008-09-02 00:00:00', '2020-12-24 00:00:00', '2014-02-02 00:00:00');
INSERT INTO `users_profiles` (`user_id`, `gender`, `birthday`, `city`, `country`, `last_login`, `created_at`, `updated_at`) VALUES (40, 'm', '1992-12-10', 'Jackieville', 'Sudan', '1978-10-30 00:00:00', '1979-04-21 00:00:00', '1972-06-01 00:00:00');
INSERT INTO `users_profiles` (`user_id`, `gender`, `birthday`, `city`, `country`, `last_login`, `created_at`, `updated_at`) VALUES (41, 'f', '1972-09-18', 'Wilsonville', 'Bangladesh', '2003-02-27 00:00:00', '1976-08-05 00:00:00', '2016-09-15 00:00:00');
INSERT INTO `users_profiles` (`user_id`, `gender`, `birthday`, `city`, `country`, `last_login`, `created_at`, `updated_at`) VALUES (42, 'm', '2001-05-03', 'Hodkiewicztown', 'Nepal', '1994-01-04 00:00:00', '1993-01-31 00:00:00', '1982-03-01 00:00:00');
INSERT INTO `users_profiles` (`user_id`, `gender`, `birthday`, `city`, `country`, `last_login`, `created_at`, `updated_at`) VALUES (43, 'f', '1999-05-31', 'Effertzberg', 'Tanzania', '1997-04-28 00:00:00', '2006-12-13 00:00:00', '1987-12-29 00:00:00');
INSERT INTO `users_profiles` (`user_id`, `gender`, `birthday`, `city`, `country`, `last_login`, `created_at`, `updated_at`) VALUES (44, 'm', '2015-03-28', 'Konopelskiborough', 'Nepal', '2003-09-21 00:00:00', '2012-11-14 00:00:00', '1990-04-22 00:00:00');
INSERT INTO `users_profiles` (`user_id`, `gender`, `birthday`, `city`, `country`, `last_login`, `created_at`, `updated_at`) VALUES (45, 'm', '2002-07-19', 'Parkerburgh', 'Guinea-Bissau', '2004-06-20 00:00:00', '1991-05-06 00:00:00', '1989-11-29 00:00:00');
INSERT INTO `users_profiles` (`user_id`, `gender`, `birthday`, `city`, `country`, `last_login`, `created_at`, `updated_at`) VALUES (46, 'f', '2004-09-10', 'Greenholtborough', 'India', '2015-08-15 00:00:00', '1972-01-30 00:00:00', '1978-10-01 00:00:00');
INSERT INTO `users_profiles` (`user_id`, `gender`, `birthday`, `city`, `country`, `last_login`, `created_at`, `updated_at`) VALUES (47, 'f', '1990-07-25', 'Hudsonfurt', 'Guernsey', '2020-10-18 00:00:00', '1970-01-27 00:00:00', '1988-07-22 00:00:00');
INSERT INTO `users_profiles` (`user_id`, `gender`, `birthday`, `city`, `country`, `last_login`, `created_at`, `updated_at`) VALUES (48, 'm', '1983-06-21', 'Israelborough', 'Estonia', '2001-03-05 00:00:00', '1982-03-14 00:00:00', '1986-03-29 00:00:00');
INSERT INTO `users_profiles` (`user_id`, `gender`, `birthday`, `city`, `country`, `last_login`, `created_at`, `updated_at`) VALUES (49, 'm', '1986-04-26', 'Lake Jeffry', 'Comoros', '2005-10-05 00:00:00', '2016-08-25 00:00:00', '1988-08-30 00:00:00');
INSERT INTO `users_profiles` (`user_id`, `gender`, `birthday`, `city`, `country`, `last_login`, `created_at`, `updated_at`) VALUES (50, 'f', '1976-09-24', 'Port Daija', 'Saint Lucia', '1970-12-09 00:00:00', '1994-01-28 00:00:00', '1991-07-18 00:00:00');
INSERT INTO `users_profiles` (`user_id`, `gender`, `birthday`, `city`, `country`, `last_login`, `created_at`, `updated_at`) VALUES (51, 'm', '1974-10-23', 'Brettbury', 'Denmark', '1982-09-27 00:00:00', '1978-08-24 00:00:00', '2004-11-08 00:00:00');
INSERT INTO `users_profiles` (`user_id`, `gender`, `birthday`, `city`, `country`, `last_login`, `created_at`, `updated_at`) VALUES (52, 'm', '1977-10-14', 'Romaguerachester', 'Georgia', '2000-01-24 00:00:00', '2014-03-03 00:00:00', '1985-12-22 00:00:00');
INSERT INTO `users_profiles` (`user_id`, `gender`, `birthday`, `city`, `country`, `last_login`, `created_at`, `updated_at`) VALUES (53, 'f', '2012-03-19', 'Champlinmouth', 'Gabon', '2016-01-04 00:00:00', '1970-12-18 00:00:00', '2018-10-03 00:00:00');
INSERT INTO `users_profiles` (`user_id`, `gender`, `birthday`, `city`, `country`, `last_login`, `created_at`, `updated_at`) VALUES (54, 'm', '2004-06-30', 'Lake Marianne', 'Peru', '2007-03-01 00:00:00', '1990-02-11 00:00:00', '2012-03-10 00:00:00');
INSERT INTO `users_profiles` (`user_id`, `gender`, `birthday`, `city`, `country`, `last_login`, `created_at`, `updated_at`) VALUES (55, 'm', '2008-11-03', 'Reaganside', 'Tuvalu', '1998-11-10 00:00:00', '1989-12-23 00:00:00', '1983-03-15 00:00:00');
INSERT INTO `users_profiles` (`user_id`, `gender`, `birthday`, `city`, `country`, `last_login`, `created_at`, `updated_at`) VALUES (56, 'm', '1989-10-24', 'Mariaview', 'Nepal', '2019-12-09 00:00:00', '1982-09-12 00:00:00', '2001-05-11 00:00:00');
INSERT INTO `users_profiles` (`user_id`, `gender`, `birthday`, `city`, `country`, `last_login`, `created_at`, `updated_at`) VALUES (57, 'm', '2001-06-13', 'West Alf', 'Cote d\'Ivoire', '2008-09-13 00:00:00', '2009-02-19 00:00:00', '2014-06-13 00:00:00');
INSERT INTO `users_profiles` (`user_id`, `gender`, `birthday`, `city`, `country`, `last_login`, `created_at`, `updated_at`) VALUES (58, 'm', '2017-01-09', 'Lake Salvatoreland', 'Tokelau', '1972-10-25 00:00:00', '1980-05-31 00:00:00', '2019-01-08 00:00:00');
INSERT INTO `users_profiles` (`user_id`, `gender`, `birthday`, `city`, `country`, `last_login`, `created_at`, `updated_at`) VALUES (59, 'm', '2018-03-10', 'Auerbury', 'Bhutan', '2005-11-01 00:00:00', '1998-05-29 00:00:00', '1992-08-28 00:00:00');
INSERT INTO `users_profiles` (`user_id`, `gender`, `birthday`, `city`, `country`, `last_login`, `created_at`, `updated_at`) VALUES (60, 'f', '1995-09-24', 'Tillmanstad', 'Samoa', '1984-11-14 00:00:00', '2020-04-11 00:00:00', '1985-07-20 00:00:00');
INSERT INTO `users_profiles` (`user_id`, `gender`, `birthday`, `city`, `country`, `last_login`, `created_at`, `updated_at`) VALUES (61, 'f', '1983-01-21', 'Lake Raoul', 'Namibia', '1972-02-29 00:00:00', '1974-12-26 00:00:00', '2009-03-04 00:00:00');
INSERT INTO `users_profiles` (`user_id`, `gender`, `birthday`, `city`, `country`, `last_login`, `created_at`, `updated_at`) VALUES (62, 'm', '1980-09-23', 'Fosterchester', 'Benin', '2005-01-09 00:00:00', '2011-04-01 00:00:00', '1982-12-23 00:00:00');
INSERT INTO `users_profiles` (`user_id`, `gender`, `birthday`, `city`, `country`, `last_login`, `created_at`, `updated_at`) VALUES (63, 'f', '2000-11-01', 'Darienfurt', 'Ukraine', '2011-10-18 00:00:00', '2016-10-28 00:00:00', '2019-09-01 00:00:00');
INSERT INTO `users_profiles` (`user_id`, `gender`, `birthday`, `city`, `country`, `last_login`, `created_at`, `updated_at`) VALUES (64, 'm', '1970-06-30', 'Harveyburgh', 'Oman', '1995-08-07 00:00:00', '1999-03-16 00:00:00', '2001-10-02 00:00:00');
INSERT INTO `users_profiles` (`user_id`, `gender`, `birthday`, `city`, `country`, `last_login`, `created_at`, `updated_at`) VALUES (65, 'f', '1970-02-17', 'South Pascale', 'Micronesia', '2003-12-11 00:00:00', '1973-04-14 00:00:00', '2003-08-27 00:00:00');
INSERT INTO `users_profiles` (`user_id`, `gender`, `birthday`, `city`, `country`, `last_login`, `created_at`, `updated_at`) VALUES (66, 'm', '2014-12-31', 'Lake Adrielhaven', 'Grenada', '2012-08-12 00:00:00', '1989-08-14 00:00:00', '1989-07-03 00:00:00');
INSERT INTO `users_profiles` (`user_id`, `gender`, `birthday`, `city`, `country`, `last_login`, `created_at`, `updated_at`) VALUES (67, 'm', '2019-03-05', 'Wildermanville', 'Brazil', '1981-08-20 00:00:00', '2017-06-25 00:00:00', '1995-07-17 00:00:00');
INSERT INTO `users_profiles` (`user_id`, `gender`, `birthday`, `city`, `country`, `last_login`, `created_at`, `updated_at`) VALUES (68, 'm', '2019-06-22', 'Boyerfurt', 'Saudi Arabia', '1990-11-28 00:00:00', '2002-12-28 00:00:00', '1995-07-03 00:00:00');
INSERT INTO `users_profiles` (`user_id`, `gender`, `birthday`, `city`, `country`, `last_login`, `created_at`, `updated_at`) VALUES (69, 'f', '1989-05-31', 'Kuphalton', 'Bulgaria', '1975-09-05 00:00:00', '1995-11-20 00:00:00', '2008-12-01 00:00:00');
INSERT INTO `users_profiles` (`user_id`, `gender`, `birthday`, `city`, `country`, `last_login`, `created_at`, `updated_at`) VALUES (70, 'f', '2002-10-09', 'Hoseaberg', 'Niue', '1975-05-06 00:00:00', '1977-07-21 00:00:00', '1993-07-04 00:00:00');
INSERT INTO `users_profiles` (`user_id`, `gender`, `birthday`, `city`, `country`, `last_login`, `created_at`, `updated_at`) VALUES (71, 'f', '2019-11-18', 'East Izaiahshire', 'Peru', '1972-01-16 00:00:00', '1974-08-19 00:00:00', '2002-07-14 00:00:00');
INSERT INTO `users_profiles` (`user_id`, `gender`, `birthday`, `city`, `country`, `last_login`, `created_at`, `updated_at`) VALUES (72, 'f', '2014-10-15', 'South Maudeside', 'Christmas Island', '1982-06-28 00:00:00', '1998-05-24 00:00:00', '2014-08-11 00:00:00');
INSERT INTO `users_profiles` (`user_id`, `gender`, `birthday`, `city`, `country`, `last_login`, `created_at`, `updated_at`) VALUES (73, 'f', '1991-07-17', 'Kearaview', 'Albania', '2019-05-09 00:00:00', '2001-09-07 00:00:00', '2017-05-09 00:00:00');
INSERT INTO `users_profiles` (`user_id`, `gender`, `birthday`, `city`, `country`, `last_login`, `created_at`, `updated_at`) VALUES (74, 'm', '2006-08-10', 'Elysefurt', 'Malta', '2000-03-21 00:00:00', '1982-12-31 00:00:00', '2007-08-12 00:00:00');
INSERT INTO `users_profiles` (`user_id`, `gender`, `birthday`, `city`, `country`, `last_login`, `created_at`, `updated_at`) VALUES (75, 'f', '1996-12-10', 'New Busterland', 'Montenegro', '1988-07-18 00:00:00', '2009-12-13 00:00:00', '1984-07-25 00:00:00');
INSERT INTO `users_profiles` (`user_id`, `gender`, `birthday`, `city`, `country`, `last_login`, `created_at`, `updated_at`) VALUES (76, 'f', '1988-11-20', 'Port Rahul', 'Taiwan', '1986-09-06 00:00:00', '1983-11-22 00:00:00', '1987-06-23 00:00:00');
INSERT INTO `users_profiles` (`user_id`, `gender`, `birthday`, `city`, `country`, `last_login`, `created_at`, `updated_at`) VALUES (77, 'f', '1972-03-17', 'West Alfredaton', 'Pakistan', '1977-04-17 00:00:00', '1984-08-18 00:00:00', '1998-02-18 00:00:00');
INSERT INTO `users_profiles` (`user_id`, `gender`, `birthday`, `city`, `country`, `last_login`, `created_at`, `updated_at`) VALUES (78, 'f', '1997-07-11', 'North Rosanna', 'Tanzania', '1983-04-08 00:00:00', '2002-04-15 00:00:00', '1985-06-20 00:00:00');
INSERT INTO `users_profiles` (`user_id`, `gender`, `birthday`, `city`, `country`, `last_login`, `created_at`, `updated_at`) VALUES (79, 'm', '1976-02-23', 'Monahanborough', 'Austria', '2010-04-07 00:00:00', '1986-05-20 00:00:00', '2005-02-21 00:00:00');
INSERT INTO `users_profiles` (`user_id`, `gender`, `birthday`, `city`, `country`, `last_login`, `created_at`, `updated_at`) VALUES (80, 'f', '1981-08-10', 'Port Betsyport', 'Guyana', '2019-07-31 00:00:00', '1999-05-05 00:00:00', '2002-11-13 00:00:00');
INSERT INTO `users_profiles` (`user_id`, `gender`, `birthday`, `city`, `country`, `last_login`, `created_at`, `updated_at`) VALUES (81, 'm', '1983-05-12', 'East Reillyton', 'South Georgia and the South Sandwich Islands', '2004-10-19 00:00:00', '2005-08-14 00:00:00', '1982-11-04 00:00:00');
INSERT INTO `users_profiles` (`user_id`, `gender`, `birthday`, `city`, `country`, `last_login`, `created_at`, `updated_at`) VALUES (82, 'm', '2001-04-01', 'Wildermanmouth', 'Saint Vincent and the Grenadines', '2002-03-06 00:00:00', '1972-11-20 00:00:00', '1997-02-16 00:00:00');
INSERT INTO `users_profiles` (`user_id`, `gender`, `birthday`, `city`, `country`, `last_login`, `created_at`, `updated_at`) VALUES (83, 'm', '1977-01-01', 'East Gracielaside', 'Mexico', '1981-01-29 00:00:00', '2010-12-11 00:00:00', '2007-10-08 00:00:00');
INSERT INTO `users_profiles` (`user_id`, `gender`, `birthday`, `city`, `country`, `last_login`, `created_at`, `updated_at`) VALUES (84, 'f', '1983-02-23', 'Beattybury', 'Anguilla', '2012-10-01 00:00:00', '1989-09-20 00:00:00', '2014-06-21 00:00:00');
INSERT INTO `users_profiles` (`user_id`, `gender`, `birthday`, `city`, `country`, `last_login`, `created_at`, `updated_at`) VALUES (85, 'm', '1986-01-27', 'North Gay', 'Malawi', '1998-11-09 00:00:00', '2019-10-28 00:00:00', '1987-05-10 00:00:00');
INSERT INTO `users_profiles` (`user_id`, `gender`, `birthday`, `city`, `country`, `last_login`, `created_at`, `updated_at`) VALUES (86, 'f', '2011-06-21', 'Haagton', 'Denmark', '2007-12-24 00:00:00', '1991-09-16 00:00:00', '2006-11-05 00:00:00');
INSERT INTO `users_profiles` (`user_id`, `gender`, `birthday`, `city`, `country`, `last_login`, `created_at`, `updated_at`) VALUES (87, 'f', '1997-01-02', 'South Estella', 'Pakistan', '2018-07-15 00:00:00', '1990-12-03 00:00:00', '2015-12-11 00:00:00');
INSERT INTO `users_profiles` (`user_id`, `gender`, `birthday`, `city`, `country`, `last_login`, `created_at`, `updated_at`) VALUES (88, 'm', '1994-03-16', 'Prosaccoport', 'Nigeria', '1998-10-19 00:00:00', '1970-03-08 00:00:00', '1971-06-22 00:00:00');
INSERT INTO `users_profiles` (`user_id`, `gender`, `birthday`, `city`, `country`, `last_login`, `created_at`, `updated_at`) VALUES (89, 'f', '2017-08-28', 'New Hector', 'British Virgin Islands', '2012-08-01 00:00:00', '2000-11-03 00:00:00', '1971-04-10 00:00:00');
INSERT INTO `users_profiles` (`user_id`, `gender`, `birthday`, `city`, `country`, `last_login`, `created_at`, `updated_at`) VALUES (90, 'f', '1972-05-27', 'New Masonmouth', 'Bahrain', '1975-11-02 00:00:00', '2011-02-10 00:00:00', '2013-01-10 00:00:00');
INSERT INTO `users_profiles` (`user_id`, `gender`, `birthday`, `city`, `country`, `last_login`, `created_at`, `updated_at`) VALUES (91, 'f', '2004-10-16', 'North Ardith', 'Mauritius', '1993-07-08 00:00:00', '1997-12-15 00:00:00', '2020-02-14 00:00:00');
INSERT INTO `users_profiles` (`user_id`, `gender`, `birthday`, `city`, `country`, `last_login`, `created_at`, `updated_at`) VALUES (92, 'm', '1989-07-06', 'Jaymechester', 'Kenya', '2003-03-05 00:00:00', '1973-02-06 00:00:00', '1989-09-21 00:00:00');
INSERT INTO `users_profiles` (`user_id`, `gender`, `birthday`, `city`, `country`, `last_login`, `created_at`, `updated_at`) VALUES (93, 'm', '1990-02-06', 'Hermanfort', 'South Africa', '1997-03-22 00:00:00', '1989-01-14 00:00:00', '1979-02-17 00:00:00');
INSERT INTO `users_profiles` (`user_id`, `gender`, `birthday`, `city`, `country`, `last_login`, `created_at`, `updated_at`) VALUES (94, 'm', '2010-07-26', 'Lake Amani', 'Dominican Republic', '1995-12-15 00:00:00', '2020-12-15 00:00:00', '1981-09-04 00:00:00');
INSERT INTO `users_profiles` (`user_id`, `gender`, `birthday`, `city`, `country`, `last_login`, `created_at`, `updated_at`) VALUES (95, 'm', '1986-03-24', 'Quitzonhaven', 'Serbia', '1986-01-12 00:00:00', '2016-09-10 00:00:00', '1995-10-27 00:00:00');
INSERT INTO `users_profiles` (`user_id`, `gender`, `birthday`, `city`, `country`, `last_login`, `created_at`, `updated_at`) VALUES (96, 'f', '1992-06-04', 'West Ernesto', 'Uruguay', '2002-09-19 00:00:00', '1992-06-28 00:00:00', '2002-10-24 00:00:00');
INSERT INTO `users_profiles` (`user_id`, `gender`, `birthday`, `city`, `country`, `last_login`, `created_at`, `updated_at`) VALUES (97, 'f', '1996-12-29', 'New Zaria', 'Guadeloupe', '2013-08-30 00:00:00', '1979-05-25 00:00:00', '1988-03-19 00:00:00');
INSERT INTO `users_profiles` (`user_id`, `gender`, `birthday`, `city`, `country`, `last_login`, `created_at`, `updated_at`) VALUES (98, 'f', '2009-11-05', 'South Mayramouth', 'Costa Rica', '2011-01-11 00:00:00', '1988-01-31 00:00:00', '1996-08-29 00:00:00');
INSERT INTO `users_profiles` (`user_id`, `gender`, `birthday`, `city`, `country`, `last_login`, `created_at`, `updated_at`) VALUES (99, 'f', '2002-09-23', 'West Myronchester', 'Anguilla', '2003-01-15 00:00:00', '1979-07-11 00:00:00', '1978-06-29 00:00:00');
INSERT INTO `users_profiles` (`user_id`, `gender`, `birthday`, `city`, `country`, `last_login`, `created_at`, `updated_at`) VALUES (100, 'm', '1972-12-20', 'West Arno', 'Egypt', '2006-04-17 00:00:00', '1997-10-01 00:00:00', '1986-04-19 00:00:00');


