-- MySQL dump 10.13  Distrib 8.0.23, for Linux (x86_64)
--
-- Host: localhost    Database: kinopoisk2
-- ------------------------------------------------------
-- Server version	8.0.23-0ubuntu0.20.04.1

/*!40101 SET @OLD_CHARACTER_SET_CLIENT=@@CHARACTER_SET_CLIENT */;
/*!40101 SET @OLD_CHARACTER_SET_RESULTS=@@CHARACTER_SET_RESULTS */;
/*!40101 SET @OLD_COLLATION_CONNECTION=@@COLLATION_CONNECTION */;
/*!50503 SET NAMES utf8mb4 */;
/*!40103 SET @OLD_TIME_ZONE=@@TIME_ZONE */;
/*!40103 SET TIME_ZONE='+00:00' */;
/*!40014 SET @OLD_UNIQUE_CHECKS=@@UNIQUE_CHECKS, UNIQUE_CHECKS=0 */;
/*!40014 SET @OLD_FOREIGN_KEY_CHECKS=@@FOREIGN_KEY_CHECKS, FOREIGN_KEY_CHECKS=0 */;
/*!40101 SET @OLD_SQL_MODE=@@SQL_MODE, SQL_MODE='NO_AUTO_VALUE_ON_ZERO' */;
/*!40111 SET @OLD_SQL_NOTES=@@SQL_NOTES, SQL_NOTES=0 */;

--
-- Table structure for table `actors`
--

DROP TABLE IF EXISTS `actors`;
/*!40101 SET @saved_cs_client     = @@character_set_client */;
/*!50503 SET character_set_client = utf8mb4 */;
CREATE TABLE `actors` (
  `id` int unsigned NOT NULL AUTO_INCREMENT COMMENT 'Идентификатор строки',
  `actor_first_name` varchar(100) CHARACTER SET utf8mb4 COLLATE utf8mb4_unicode_ci NOT NULL COMMENT 'Имя актера',
  `actor_last_name` varchar(100) CHARACTER SET utf8mb4 COLLATE utf8mb4_unicode_ci NOT NULL COMMENT 'Фамилия актера',
  `created_at` datetime DEFAULT CURRENT_TIMESTAMP COMMENT 'Время создания строки',
  `updated_at` datetime DEFAULT CURRENT_TIMESTAMP ON UPDATE CURRENT_TIMESTAMP COMMENT 'Время обновления строки',
  PRIMARY KEY (`id`)
) ENGINE=InnoDB AUTO_INCREMENT=101 DEFAULT CHARSET=utf8mb4 COLLATE=utf8mb4_unicode_ci COMMENT='Актеры';
/*!40101 SET character_set_client = @saved_cs_client */;

--
-- Dumping data for table `actors`
--

LOCK TABLES `actors` WRITE;
/*!40000 ALTER TABLE `actors` DISABLE KEYS */;
INSERT INTO `actors` VALUES (1,'Desiree','Prohaska','2015-02-02 01:29:22','2021-05-01 05:19:36'),(2,'Arvilla','Lemke','2016-09-14 02:22:30','2020-07-09 13:35:19'),(3,'Donavon','Towne','2013-11-06 17:38:50','2021-03-30 18:53:30'),(4,'Esmeralda','Heidenreich','2012-11-01 17:21:01','2018-09-20 20:39:05'),(5,'Ford','Bergnaum','2012-08-26 11:36:04','2014-06-05 12:22:33'),(6,'Maude','Herman','2012-03-23 22:48:24','2016-12-20 20:48:32'),(7,'Nicole','Runolfsdottir','2021-01-15 17:07:11','2021-05-01 05:19:36'),(8,'Bulah','Monahan','2011-12-02 15:17:44','2019-03-31 17:41:49'),(9,'Norbert','Hilpert','2012-06-15 18:05:22','2012-07-30 18:44:12'),(10,'Sandy','Mueller','2017-07-11 03:18:02','2020-06-11 17:02:58'),(11,'Annette','Denesik','2013-04-23 06:09:09','2020-02-28 19:54:59'),(12,'Shirley','Mayert','2016-01-17 23:57:36','2019-12-10 18:46:15'),(13,'Rickey','Stehr','2019-01-11 17:41:57','2020-06-28 17:46:10'),(14,'Kale','O\'Reilly','2013-07-07 17:50:55','2014-03-29 00:51:07'),(15,'Woodrow','O\'Connell','2018-06-08 01:35:57','2021-05-01 05:19:36'),(16,'Tyrese','Heaney','2018-07-25 10:49:49','2021-05-01 05:19:36'),(17,'Colleen','Ward','2019-12-17 15:57:26','2020-12-21 08:53:57'),(18,'Manley','Baumbach','2013-01-21 05:19:38','2015-10-07 10:27:44'),(19,'Bert','Roberts','2016-09-18 02:22:27','2019-10-10 19:58:39'),(20,'Rachael','Crooks','2014-04-28 21:20:54','2020-02-25 07:23:03'),(21,'Amelia','Schiller','2015-10-22 23:21:52','2017-01-16 09:31:13'),(22,'Hermann','Wilkinson','2012-06-19 12:26:45','2012-09-04 13:54:50'),(23,'Deontae','Hills','2020-08-15 05:55:58','2021-05-01 05:19:36'),(24,'Beverly','Kautzer','2013-12-17 22:44:10','2017-08-25 18:34:12'),(25,'Marvin','Pagac','2018-07-14 13:37:40','2021-05-01 05:19:36'),(26,'Elise','Purdy','2016-07-22 08:45:04','2017-01-27 15:14:13'),(27,'Andres','Wunsch','2017-01-20 12:51:37','2021-05-01 05:19:36'),(28,'Orion','Feil','2013-10-27 03:18:02','2021-05-01 05:19:36'),(29,'Raheem','Anderson','2018-04-28 03:58:16','2019-12-18 14:16:43'),(30,'Lucas','Wintheiser','2020-01-12 07:21:06','2021-05-01 05:19:36'),(31,'Eveline','Corkery','2014-01-02 20:30:20','2017-12-09 20:35:00'),(32,'Emerson','King','2018-08-05 16:42:13','2021-05-01 05:19:36'),(33,'Kieran','Littel','2019-04-25 07:34:16','2021-05-01 05:19:36'),(34,'Norris','Gerhold','2014-10-02 07:54:57','2021-05-01 05:19:36'),(35,'Coleman','Abernathy','2016-03-28 14:03:38','2017-09-21 15:14:26'),(36,'Koby','Schuster','2012-09-12 07:20:22','2013-02-26 18:00:30'),(37,'Madaline','Lehner','2012-05-24 00:19:04','2014-01-15 07:31:42'),(38,'Chyna','Langosh','2011-05-17 09:11:15','2018-06-14 20:53:39'),(39,'Lizeth','Kreiger','2011-11-28 11:02:54','2021-05-01 05:19:36'),(40,'Raleigh','Blanda','2014-08-11 06:11:36','2018-06-20 10:58:01'),(41,'Lorna','Herzog','2016-04-08 11:20:08','2020-10-02 01:22:37'),(42,'Jayme','Grant','2012-03-16 21:55:07','2013-08-19 03:08:55'),(43,'Judy','Zulauf','2016-02-27 23:04:21','2021-02-20 19:09:41'),(44,'Britney','Mueller','2011-10-10 17:33:53','2015-08-19 18:36:23'),(45,'Kianna','Shanahan','2015-06-09 18:58:36','2021-05-01 05:19:36'),(46,'Brody','Zieme','2012-03-04 17:34:05','2021-01-01 11:30:24'),(47,'Carlie','Crooks','2011-09-10 02:35:02','2014-10-23 22:22:41'),(48,'Christy','Schinner','2011-07-22 05:40:50','2013-07-24 10:28:42'),(49,'Erika','Cole','2015-12-03 03:10:01','2021-05-01 05:19:36'),(50,'Etha','Swaniawski','2019-08-09 07:58:12','2021-05-01 05:19:36'),(51,'Wilhelm','Crist','2017-04-15 07:19:22','2021-05-01 05:19:36'),(52,'Alexie','Bechtelar','2020-12-29 05:24:47','2021-05-01 05:19:36'),(53,'Rosalind','Blick','2017-01-02 08:18:45','2021-05-01 05:19:36'),(54,'Theresa','Heathcote','2011-12-27 02:23:56','2020-01-20 17:53:38'),(55,'Kara','Waelchi','2020-02-23 05:07:29','2021-05-01 05:19:36'),(56,'Demetris','Greenfelder','2012-04-06 01:34:35','2020-05-08 06:33:31'),(57,'Clair','Koch','2018-08-18 04:56:32','2021-05-01 05:19:36'),(58,'Kelley','Glover','2013-06-08 06:58:50','2016-03-04 02:33:20'),(59,'Tyson','Rice','2020-06-22 05:35:04','2021-05-01 05:19:36'),(60,'Weston','Ferry','2016-09-07 05:32:12','2021-05-01 05:19:36'),(61,'Demond','Grant','2020-10-15 04:19:09','2021-05-01 05:19:36'),(62,'Amanda','Goodwin','2014-11-02 14:03:10','2021-05-01 05:19:36'),(63,'Sven','Gleason','2014-10-21 11:47:17','2021-05-01 05:19:36'),(64,'Lessie','Stokes','2017-12-16 21:06:52','2021-05-01 05:19:36'),(65,'Amari','Kuphal','2013-11-27 09:22:12','2021-01-27 08:30:31'),(66,'Cleo','Crona','2012-09-28 09:19:25','2020-05-18 01:44:40'),(67,'Rubie','Fritsch','2020-12-06 10:13:44','2021-05-01 05:19:36'),(68,'Dariana','Runolfsson','2017-07-04 18:49:13','2021-05-01 05:19:36'),(69,'Aida','Wehner','2014-07-28 11:59:40','2021-05-01 05:19:36'),(70,'London','Considine','2013-01-19 19:54:51','2018-09-27 02:41:18'),(71,'Domenic','Reilly','2017-12-21 03:07:49','2021-05-01 05:19:36'),(72,'Bryana','Kuhn','2018-04-23 01:09:25','2021-05-01 05:19:36'),(73,'Brady','Reilly','2019-10-02 02:42:17','2021-05-01 05:19:36'),(74,'Cicero','Dare','2013-03-09 11:05:19','2015-07-29 13:01:39'),(75,'Jalon','Davis','2015-01-12 08:53:57','2021-05-01 05:19:36'),(76,'Lina','Romaguera','2015-01-29 10:51:44','2021-05-01 05:19:36'),(77,'Manuela','Denesik','2011-08-10 21:41:25','2016-02-08 06:45:41'),(78,'Katelyn','Auer','2013-02-21 10:37:05','2013-11-14 13:57:34'),(79,'Dawson','Kuvalis','2012-08-15 18:37:36','2021-02-05 20:04:29'),(80,'Timmothy','Powlowski','2014-06-22 10:07:30','2019-11-23 11:36:37'),(81,'Corrine','Hackett','2014-09-13 07:46:22','2021-05-01 05:19:36'),(82,'Brayan','Klocko','2016-12-17 00:28:24','2018-12-09 19:06:29'),(83,'Jayda','Wuckert','2018-10-19 12:31:15','2021-05-01 05:19:36'),(84,'Jewell','Huels','2015-01-26 08:21:54','2018-01-08 18:17:02'),(85,'Efren','Prosacco','2017-01-11 22:16:02','2020-03-08 01:30:35'),(86,'Miguel','Rohan','2017-06-09 05:15:29','2019-07-29 06:03:38'),(87,'Stella','Muller','2020-05-24 22:49:53','2021-05-01 05:19:36'),(88,'Alexie','Labadie','2017-06-30 07:59:58','2021-05-01 05:19:36'),(89,'Maxime','Mann','2012-12-24 10:50:44','2016-08-19 12:04:14'),(90,'Shyanne','Treutel','2015-08-28 02:57:30','2021-01-06 00:54:14'),(91,'Merlin','Lakin','2013-01-10 21:44:14','2021-05-01 05:19:36'),(92,'Aliya','Kohler','2016-11-30 10:45:22','2021-05-01 05:19:36'),(93,'Jaylon','Bahringer','2020-03-18 09:25:53','2021-05-01 05:19:36'),(94,'Name','Homenick','2019-07-08 20:16:03','2021-05-01 05:19:36'),(95,'Brisa','Wisozk','2013-01-07 13:56:19','2013-11-16 22:15:16'),(96,'Geovanni','Barrows','2021-03-26 20:55:04','2021-05-01 05:19:36'),(97,'Kellie','Howell','2018-03-05 11:43:09','2020-09-23 11:21:49'),(98,'Kathleen','Waters','2014-12-06 10:15:55','2020-05-17 19:15:23'),(99,'Zane','Hagenes','2014-04-07 15:06:31','2017-09-03 21:04:55'),(100,'Irma','Rogahn','2012-09-04 23:55:25','2014-04-22 21:27:28');
/*!40000 ALTER TABLE `actors` ENABLE KEYS */;
UNLOCK TABLES;

--
-- Table structure for table `actors_profiles`
--

DROP TABLE IF EXISTS `actors_profiles`;
/*!40101 SET @saved_cs_client     = @@character_set_client */;
/*!50503 SET character_set_client = utf8mb4 */;
CREATE TABLE `actors_profiles` (
  `actor_id` int unsigned NOT NULL COMMENT 'Ссылка на актера',
  `gender` char(1) CHARACTER SET utf8mb4 COLLATE utf8mb4_unicode_ci NOT NULL COMMENT 'Пол',
  `birthday` date DEFAULT NULL COMMENT 'Дата рождения',
  `city` varchar(130) CHARACTER SET utf8mb4 COLLATE utf8mb4_unicode_ci DEFAULT NULL COMMENT 'Город проживания',
  `country` varchar(130) CHARACTER SET utf8mb4 COLLATE utf8mb4_unicode_ci DEFAULT NULL COMMENT 'Страна проживания',
  `created_at` datetime DEFAULT CURRENT_TIMESTAMP COMMENT 'Время создания строки',
  `updated_at` datetime DEFAULT CURRENT_TIMESTAMP ON UPDATE CURRENT_TIMESTAMP COMMENT 'Время обновления строки',
  PRIMARY KEY (`actor_id`),
  CONSTRAINT `actors_profiles_actor_id_fk` FOREIGN KEY (`actor_id`) REFERENCES `actors` (`id`) ON DELETE CASCADE
) ENGINE=InnoDB DEFAULT CHARSET=utf8mb4 COLLATE=utf8mb4_unicode_ci COMMENT='Профили актеров';
/*!40101 SET character_set_client = @saved_cs_client */;

--
-- Dumping data for table `actors_profiles`
--

LOCK TABLES `actors_profiles` WRITE;
/*!40000 ALTER TABLE `actors_profiles` DISABLE KEYS */;
INSERT INTO `actors_profiles` VALUES (1,'m','1971-05-31','East Damonside','Saint Vincent and the Grenadines','2013-09-23 14:49:45','2021-05-01 05:20:30'),(2,'f','2013-04-08','Lelahland','New Caledonia','2018-12-25 02:15:34','2021-05-01 05:20:30'),(3,'m','1988-11-05','South Vidatown','San Marino','2021-03-19 08:41:05','2021-05-01 05:20:30'),(4,'m','1991-08-16','Nikkofort','Latvia','2020-02-05 04:08:18','2021-05-01 05:20:30'),(5,'f','1989-05-12','New Sigridfort','United Kingdom','2019-07-05 10:53:28','2021-05-01 05:20:30'),(6,'m','1981-05-28','Stanleychester','Guatemala','2014-05-19 01:04:17','2015-07-25 10:01:14'),(7,'f','1991-04-20','Pfefferberg','Lao People\'s Democratic Republic','2012-02-25 17:29:20','2014-08-10 06:47:15'),(8,'f','1987-06-29','Port Hillary','Lesotho','2017-03-05 00:40:57','2021-05-01 05:20:30'),(9,'m','1990-06-19','Maebury','Tuvalu','2014-08-26 11:15:57','2015-01-13 14:01:15'),(10,'m','2005-03-29','New Jaydabury','Wallis and Futuna','2012-01-06 14:30:29','2018-04-21 10:18:34'),(11,'m','1986-06-10','Strosinmouth','Martinique','2011-12-31 19:01:21','2017-11-25 22:08:05'),(12,'m','1993-01-21','East Curtisfort','Monaco','2016-07-19 14:23:48','2019-08-05 23:37:45'),(13,'f','1996-12-24','Kautzerland','Lao People\'s Democratic Republic','2016-10-26 21:51:40','2021-05-01 05:20:30'),(14,'f','1989-05-22','East Keatonland','Turks and Caicos Islands','2011-06-10 13:15:49','2021-04-21 15:55:52'),(15,'f','2012-01-06','West Marionland','Sweden','2013-03-31 22:04:56','2017-10-01 02:04:02'),(16,'f','1975-02-16','Port Domenicochester','Gabon','2017-05-24 23:58:19','2021-05-01 05:20:30'),(17,'f','1981-10-22','Simonismouth','Venezuela','2019-07-10 00:34:46','2021-05-01 05:20:30'),(18,'m','2003-08-03','Luellastad','Austria','2020-07-20 04:34:45','2021-05-01 05:20:30'),(19,'f','1991-01-02','Gradystad','Luxembourg','2019-09-20 04:18:40','2021-05-01 05:20:30'),(20,'m','2007-05-09','East Leola','Reunion','2016-11-17 20:35:18','2021-05-01 05:20:30'),(21,'f','2019-02-04','Jenkinschester','Belize','2015-04-12 17:17:27','2021-05-01 05:20:30'),(22,'m','1972-03-31','East Arvid','Qatar','2013-02-07 06:31:39','2021-05-01 05:20:30'),(23,'f','2020-04-07','Dachburgh','Honduras','2017-11-24 16:03:54','2021-05-01 05:20:30'),(24,'f','1979-03-14','North Kian','Fiji','2018-03-17 10:45:45','2021-05-01 05:20:30'),(25,'f','1974-10-28','Rueckerville','Indonesia','2011-07-12 18:46:11','2016-03-24 23:15:02'),(26,'f','1974-06-28','Jaymeshire','Swaziland','2012-10-22 17:01:18','2014-08-01 23:40:58'),(27,'f','2004-02-22','Port Fae','Nigeria','2021-02-24 04:49:36','2021-05-01 05:20:30'),(28,'m','1990-03-03','Marlinmouth','Cuba','2021-01-18 07:21:30','2021-05-01 05:20:30'),(29,'m','2002-05-20','Port Wendy','Saudi Arabia','2021-03-03 20:52:35','2021-05-01 05:20:30'),(30,'m','2005-03-02','West Myrtie','Namibia','2015-02-11 18:28:13','2019-12-25 02:47:40'),(31,'f','2002-04-03','West Kendrick','Philippines','2012-02-15 12:56:47','2017-02-11 10:15:34'),(32,'f','2020-08-29','Leoneberg','New Caledonia','2018-06-16 01:55:03','2021-05-01 05:20:30'),(33,'f','2020-04-05','West Mathildeville','Brazil','2012-10-10 03:54:22','2013-08-05 01:21:59'),(34,'f','2020-06-22','Morarchester','Bouvet Island (Bouvetoya)','2018-06-26 14:07:32','2021-01-26 14:45:18'),(35,'f','1977-02-23','Asaport','Central African Republic','2013-11-08 05:07:29','2021-05-01 05:20:30'),(36,'f','1971-06-06','North Christelle','Malaysia','2015-05-05 23:04:56','2017-07-09 09:15:35'),(37,'m','2018-01-29','West Cordia','Paraguay','2017-04-15 11:01:50','2021-05-01 05:20:30'),(38,'m','2003-12-01','New Janaemouth','Mali','2013-07-30 06:22:30','2021-05-01 05:20:30'),(39,'f','1990-10-06','Kiarachester','Madagascar','2019-03-14 18:51:10','2021-05-01 05:20:30'),(40,'f','2011-03-10','Lake Carlo','Uruguay','2014-10-21 23:16:41','2016-01-12 02:07:38'),(41,'f','1990-03-06','Reneestad','Norway','2015-06-27 11:54:20','2018-10-28 23:09:43'),(42,'f','1989-12-05','North Brigitte','Saint Vincent and the Grenadines','2020-09-18 18:26:37','2021-05-01 05:20:30'),(43,'f','2012-05-24','New Savion','Nigeria','2020-03-02 23:46:49','2020-05-02 05:14:57'),(44,'m','1971-07-10','West Eastonchester','Cook Islands','2020-12-09 15:36:50','2021-05-01 05:20:30'),(45,'f','1988-10-23','East Howardfort','Sao Tome and Principe','2012-09-22 01:51:31','2014-05-05 19:11:14'),(46,'f','2007-07-10','Emilioville','Svalbard & Jan Mayen Islands','2012-03-29 04:04:00','2019-12-22 17:28:34'),(47,'f','1988-03-20','Port Isai','Dominican Republic','2013-02-08 21:47:21','2021-05-01 05:20:30'),(48,'f','2012-10-25','North Dixiestad','Maldives','2020-01-07 23:09:25','2021-05-01 05:20:30'),(49,'f','1985-05-16','Dereckmouth','Mongolia','2013-05-30 16:46:22','2021-03-05 18:06:55'),(50,'f','1998-07-11','Demarcusburgh','Djibouti','2016-11-05 02:26:22','2021-05-01 05:20:30'),(51,'m','1987-04-12','Port Rosella','New Caledonia','2014-10-17 18:54:13','2015-03-01 01:56:31'),(52,'f','1979-11-22','Elinoreside','Trinidad and Tobago','2013-10-14 10:32:25','2014-09-07 02:08:25'),(53,'f','1973-03-18','Elyssaborough','Cote d\'Ivoire','2011-05-04 10:41:36','2018-05-06 14:51:40'),(54,'f','1977-02-11','Valentinport','Lao People\'s Democratic Republic','2015-10-28 11:18:07','2021-05-01 05:20:30'),(55,'m','2008-09-06','Connland','Cote d\'Ivoire','2016-04-15 10:11:13','2021-05-01 05:20:30'),(56,'f','1995-09-26','Christiansenburgh','Ghana','2020-02-05 01:07:25','2021-05-01 05:20:30'),(57,'f','1972-04-08','South Bonnieland','Morocco','2015-08-18 16:32:45','2019-06-11 01:16:05'),(58,'f','1971-03-13','Marvinville','French Polynesia','2019-02-20 14:25:58','2021-05-01 05:20:30'),(59,'m','1984-01-01','Turnerborough','Colombia','2015-11-12 21:42:18','2021-05-01 05:20:30'),(60,'f','1978-03-01','Boydchester','Bahamas','2019-07-16 00:57:10','2021-05-01 05:20:30'),(61,'f','1988-04-08','Wymanfurt','Ghana','2011-12-16 14:55:56','2012-12-22 15:24:28'),(62,'f','1993-06-29','Kuhlmanchester','Vanuatu','2018-03-12 14:24:54','2021-05-01 05:20:30'),(63,'m','2006-10-29','North Herminiofort','Maldives','2016-09-30 04:03:40','2020-02-01 02:19:54'),(64,'m','1995-04-07','South Paigemouth','Saint Barthelemy','2011-11-17 22:33:38','2021-04-14 03:06:40'),(65,'f','1988-02-03','Port Ashaton','Puerto Rico','2014-05-06 11:58:47','2017-12-23 20:51:50'),(66,'m','1982-07-11','Mathewburgh','Botswana','2013-08-24 07:51:09','2019-02-17 01:33:47'),(67,'m','1981-06-20','North Stephanyfort','French Polynesia','2016-01-03 16:33:30','2021-05-01 05:20:30'),(68,'m','1987-01-18','Lake Donna','Serbia','2021-03-24 05:33:52','2021-05-01 05:20:30'),(69,'m','2004-10-29','South Ruthefort','French Guiana','2018-04-25 22:48:09','2019-08-25 13:17:26'),(70,'m','1979-09-25','East Dallasmouth','Eritrea','2014-11-07 18:42:23','2021-05-01 05:20:30'),(71,'m','1972-07-30','Bruenstad','El Salvador','2015-03-30 19:07:02','2015-08-04 21:44:50'),(72,'f','1985-06-11','Pfefferhaven','Mexico','2012-03-10 21:53:42','2016-12-21 14:05:42'),(73,'f','2004-05-05','Reillyland','Equatorial Guinea','2018-11-01 07:21:35','2019-11-27 21:07:25'),(74,'f','1981-01-02','West Myahburgh','Trinidad and Tobago','2015-09-29 13:00:06','2021-05-01 05:20:30'),(75,'f','1999-04-13','New Zechariahview','Maldives','2012-05-28 14:38:32','2014-06-29 03:26:25'),(76,'f','1977-05-14','Eloisaside','Liberia','2019-10-14 09:41:04','2021-05-01 05:20:30'),(77,'f','1989-09-07','New Mekhi','Nicaragua','2016-10-28 11:35:30','2020-04-05 10:24:37'),(78,'f','2015-08-19','Jenkinsland','Svalbard & Jan Mayen Islands','2014-05-22 03:07:09','2015-12-17 13:44:26'),(79,'f','1984-05-14','Prudencetown','Somalia','2016-10-28 08:24:17','2019-05-17 04:41:52'),(80,'f','2007-07-13','North Madison','United States Minor Outlying Islands','2016-12-23 18:10:06','2017-03-20 08:54:43'),(81,'f','1999-09-11','Steuberfort','China','2012-08-13 15:08:30','2021-05-01 05:20:30'),(82,'m','1976-05-23','Felipaton','Thailand','2014-10-24 10:10:45','2017-06-05 02:31:54'),(83,'m','1981-06-30','Raymondburgh','Spain','2018-12-14 23:21:48','2021-05-01 05:20:30'),(84,'m','1971-12-05','Gregoriotown','Thailand','2020-12-12 13:48:51','2021-05-01 05:20:30'),(85,'m','1971-10-09','Bruenchester','Honduras','2017-02-11 07:46:44','2021-05-01 05:20:30'),(86,'m','1994-01-31','Ebbaport','Holy See (Vatican City State)','2019-08-25 14:53:42','2021-05-01 05:20:30'),(87,'m','2012-08-13','Lake Blanche','French Southern Territories','2021-01-28 02:53:30','2021-05-01 05:20:30'),(88,'m','2015-06-17','Karlfort','Macedonia','2014-10-20 15:13:20','2015-10-23 00:49:09'),(89,'m','1976-06-18','South Gaylordchester','Slovenia','2013-08-07 22:22:27','2021-05-01 05:20:30'),(90,'m','1976-10-16','Janellehaven','Cuba','2016-08-05 03:12:16','2020-11-05 13:18:13'),(91,'m','2018-11-21','New Sid','Finland','2011-07-28 01:58:52','2013-11-16 16:44:23'),(92,'m','1984-05-16','Kuhnfurt','Croatia','2016-08-30 00:58:40','2021-05-01 05:20:30'),(93,'f','2002-12-31','South Horace','Somalia','2011-05-31 08:45:10','2019-05-20 20:17:48'),(94,'f','2015-06-15','Lebsackburgh','Bahamas','2020-03-02 12:25:27','2021-05-01 05:20:30'),(95,'m','2014-10-14','North Trevahaven','Rwanda','2019-11-30 19:46:18','2021-05-01 05:20:30'),(96,'m','1986-11-30','Port Josuestad','Somalia','2014-06-20 22:32:00','2020-04-08 04:23:44'),(97,'f','2017-08-08','Mayerside','Timor-Leste','2021-04-28 13:24:32','2021-05-01 05:20:30'),(98,'m','2009-11-03','South Kevon','Isle of Man','2018-04-28 02:56:09','2021-05-01 05:20:30'),(99,'f','1971-11-06','West Lola','Azerbaijan','2020-09-22 10:44:55','2021-05-01 05:20:30'),(100,'m','1970-04-06','Abbottstad','Botswana','2015-08-16 11:17:33','2016-09-30 09:39:03');
/*!40000 ALTER TABLE `actors_profiles` ENABLE KEYS */;
UNLOCK TABLES;

--
-- Table structure for table `directors`
--

DROP TABLE IF EXISTS `directors`;
/*!40101 SET @saved_cs_client     = @@character_set_client */;
/*!50503 SET character_set_client = utf8mb4 */;
CREATE TABLE `directors` (
  `id` int unsigned NOT NULL AUTO_INCREMENT COMMENT 'Идентификатор строки',
  `director_first_name` varchar(100) CHARACTER SET utf8mb4 COLLATE utf8mb4_unicode_ci NOT NULL COMMENT 'Имя режиссера',
  `director_last_name` varchar(100) CHARACTER SET utf8mb4 COLLATE utf8mb4_unicode_ci NOT NULL COMMENT 'Фамилия режиссера',
  `created_at` datetime DEFAULT CURRENT_TIMESTAMP COMMENT 'Время создания строки',
  `updated_at` datetime DEFAULT CURRENT_TIMESTAMP ON UPDATE CURRENT_TIMESTAMP COMMENT 'Время обновления строки',
  PRIMARY KEY (`id`)
) ENGINE=InnoDB AUTO_INCREMENT=11 DEFAULT CHARSET=utf8mb4 COLLATE=utf8mb4_unicode_ci COMMENT='Режиссеры';
/*!40101 SET character_set_client = @saved_cs_client */;

--
-- Dumping data for table `directors`
--

LOCK TABLES `directors` WRITE;
/*!40000 ALTER TABLE `directors` DISABLE KEYS */;
INSERT INTO `directors` VALUES (1,'Gust','Lind','2020-01-20 18:54:33','2020-05-27 14:43:25'),(2,'Bradford','Reichel','2012-06-30 13:24:51','2014-09-15 15:05:42'),(3,'Davonte','Legros','2012-03-02 19:14:00','2021-05-01 05:21:23'),(4,'Roel','Bauch','2014-03-11 14:29:17','2014-12-19 02:21:01'),(5,'Norma','Carroll','2012-10-30 01:09:52','2015-03-07 16:06:08'),(6,'Salvador','McKenzie','2016-04-07 23:43:42','2016-05-08 07:12:22'),(7,'Gracie','Glover','2020-07-16 00:46:30','2021-05-01 05:21:23'),(8,'Idella','Blick','2014-05-06 14:35:47','2018-03-14 21:54:18'),(9,'Nathan','Hammes','2019-08-12 19:16:07','2021-05-01 05:21:23'),(10,'Betty','Bradtke','2016-05-25 11:46:11','2017-12-06 19:36:19');
/*!40000 ALTER TABLE `directors` ENABLE KEYS */;
UNLOCK TABLES;

--
-- Table structure for table `directors_profiles`
--

DROP TABLE IF EXISTS `directors_profiles`;
/*!40101 SET @saved_cs_client     = @@character_set_client */;
/*!50503 SET character_set_client = utf8mb4 */;
CREATE TABLE `directors_profiles` (
  `director_id` int unsigned NOT NULL COMMENT 'Ссылка на режиссера',
  `gender` char(1) CHARACTER SET utf8mb4 COLLATE utf8mb4_unicode_ci NOT NULL COMMENT 'Пол',
  `birthday` date DEFAULT NULL COMMENT 'Дата рождения',
  `city` varchar(130) CHARACTER SET utf8mb4 COLLATE utf8mb4_unicode_ci DEFAULT NULL COMMENT 'Город проживания',
  `country` varchar(130) CHARACTER SET utf8mb4 COLLATE utf8mb4_unicode_ci DEFAULT NULL COMMENT 'Страна проживания',
  `created_at` datetime DEFAULT CURRENT_TIMESTAMP COMMENT 'Время создания строки',
  `updated_at` datetime DEFAULT CURRENT_TIMESTAMP ON UPDATE CURRENT_TIMESTAMP COMMENT 'Время обновления строки',
  PRIMARY KEY (`director_id`),
  CONSTRAINT `directors_profiles_director_id_fk` FOREIGN KEY (`director_id`) REFERENCES `directors` (`id`) ON DELETE CASCADE
) ENGINE=InnoDB DEFAULT CHARSET=utf8mb4 COLLATE=utf8mb4_unicode_ci COMMENT='Профили режиссеров';
/*!40101 SET character_set_client = @saved_cs_client */;

--
-- Dumping data for table `directors_profiles`
--

LOCK TABLES `directors_profiles` WRITE;
/*!40000 ALTER TABLE `directors_profiles` DISABLE KEYS */;
INSERT INTO `directors_profiles` VALUES (1,'m','1987-07-27','Abbottport','Honduras','2012-04-27 23:52:43','2015-07-29 06:59:13'),(2,'f','2016-05-05','Jefferyport','Mali','2016-01-15 09:08:46','2020-01-20 13:08:28'),(3,'m','1977-07-08','Evelinefurt','Comoros','2021-01-05 04:34:47','2021-05-01 05:21:49'),(4,'f','1999-10-06','South Nigel','French Southern Territories','2011-06-01 20:04:45','2020-07-07 15:47:01'),(5,'m','1997-01-22','North Fritzmouth','Argentina','2015-07-20 07:11:03','2020-11-24 16:14:23'),(6,'m','2001-11-28','East Williamville','Cameroon','2014-04-13 16:02:19','2021-05-01 05:21:49'),(7,'f','1975-07-08','Port Naomie','Iran','2014-10-20 07:48:46','2019-06-29 19:09:02'),(8,'m','1996-05-22','North Dudley','Luxembourg','2016-02-24 04:27:44','2018-03-04 12:39:59'),(9,'f','1999-04-02','Lubowitzstad','Saint Vincent and the Grenadines','2015-07-07 17:54:59','2019-02-16 16:10:11'),(10,'m','1979-12-19','Port Catharine','Trinidad and Tobago','2015-08-14 11:50:13','2019-07-09 16:40:28');
/*!40000 ALTER TABLE `directors_profiles` ENABLE KEYS */;
UNLOCK TABLES;

--
-- Table structure for table `genres`
--

DROP TABLE IF EXISTS `genres`;
/*!40101 SET @saved_cs_client     = @@character_set_client */;
/*!50503 SET character_set_client = utf8mb4 */;
CREATE TABLE `genres` (
  `id` int unsigned NOT NULL AUTO_INCREMENT,
  `name` varchar(255) CHARACTER SET utf8mb4 COLLATE utf8mb4_unicode_ci NOT NULL,
  `created_at` datetime DEFAULT CURRENT_TIMESTAMP,
  PRIMARY KEY (`id`),
  UNIQUE KEY `name` (`name`)
) ENGINE=InnoDB AUTO_INCREMENT=7 DEFAULT CHARSET=utf8mb4 COLLATE=utf8mb4_unicode_ci COMMENT='Жанры';
/*!40101 SET character_set_client = @saved_cs_client */;

--
-- Dumping data for table `genres`
--

LOCK TABLES `genres` WRITE;
/*!40000 ALTER TABLE `genres` DISABLE KEYS */;
INSERT INTO `genres` VALUES (1,'comedy','2021-05-01 05:34:35'),(2,'detective','2021-05-01 05:34:35'),(3,'action','2021-05-01 05:34:35'),(4,'drama','2021-05-01 05:34:35'),(5,'adventure','2021-05-01 05:34:35'),(6,'history','2021-05-01 05:34:35');
/*!40000 ALTER TABLE `genres` ENABLE KEYS */;
UNLOCK TABLES;

--
-- Table structure for table `media`
--

DROP TABLE IF EXISTS `media`;
/*!40101 SET @saved_cs_client     = @@character_set_client */;
/*!50503 SET character_set_client = utf8mb4 */;
CREATE TABLE `media` (
  `id` int unsigned NOT NULL AUTO_INCREMENT COMMENT 'Идентификатор строки',
  `movie_id` int unsigned NOT NULL COMMENT 'Ссылка на фильм, к которому относится файл',
  `filename` varchar(255) CHARACTER SET utf8mb4 COLLATE utf8mb4_unicode_ci NOT NULL COMMENT 'Путь к файлу',
  `size` int NOT NULL COMMENT 'Размер файла',
  `metadata` longtext CHARACTER SET utf8mb4 COLLATE utf8mb4_bin COMMENT 'Метаданные файла',
  `media_type_id` int unsigned NOT NULL COMMENT 'Ссылка на тип контента',
  `created_at` datetime DEFAULT CURRENT_TIMESTAMP COMMENT 'Время создания строки',
  `updated_at` datetime DEFAULT CURRENT_TIMESTAMP ON UPDATE CURRENT_TIMESTAMP COMMENT 'Время обновления строки',
  PRIMARY KEY (`id`),
  KEY `media_media_type_id_fk` (`media_type_id`),
  KEY `media_movie_id_fk` (`movie_id`),
  CONSTRAINT `media_media_type_id_fk` FOREIGN KEY (`media_type_id`) REFERENCES `media_types` (`id`) ON DELETE CASCADE,
  CONSTRAINT `media_movie_id_fk` FOREIGN KEY (`movie_id`) REFERENCES `movies` (`id`) ON DELETE CASCADE,
  CONSTRAINT `media_chk_1` CHECK (json_valid(`metadata`))
) ENGINE=InnoDB AUTO_INCREMENT=301 DEFAULT CHARSET=utf8mb4 COLLATE=utf8mb4_unicode_ci COMMENT='Медиафайлы';
/*!40101 SET character_set_client = @saved_cs_client */;

--
-- Dumping data for table `media`
--

LOCK TABLES `media` WRITE;
/*!40000 ALTER TABLE `media` DISABLE KEYS */;
INSERT INTO `media` VALUES (1,1,'http://kinopoisk.ru/photos/http://kinopoisk.ru/photos/sunt.jpeg.jpeg',174,NULL,1,'2018-05-19 12:59:52','2021-05-01 06:11:45'),(2,2,'http://kinopoisk.ru/photos/aut.jpeg',30,NULL,1,'2019-02-14 11:16:13','2021-05-01 06:11:45'),(3,3,'http://kinopoisk.ru/photos/http://kinopoisk.ru/photos/quae.jpeg.jpeg',82,NULL,1,'2011-09-07 08:46:06','2021-05-01 06:11:45'),(4,4,'http://kinopoisk.ru/photos/facilis.jpeg',41,NULL,1,'2017-05-18 03:03:03','2021-05-01 06:11:45'),(5,5,'http://kinopoisk.ru/videos/http://kinopoisk.ru/photos/harum.jpeg.mpeg',125,NULL,2,'2019-02-02 14:55:27','2021-05-01 06:13:02'),(6,6,'http://kinopoisk.ru/videos/qui.mpeg',139,NULL,2,'2016-06-08 04:30:23','2021-05-01 06:13:02'),(7,7,'http://kinopoisk.ru/photos/http://kinopoisk.ru/photos/dolore.jpeg.jpeg',58,NULL,1,'2020-07-21 08:13:03','2021-05-01 06:11:45'),(8,8,'http://kinopoisk.ru/videos/expedita.mpeg',184,NULL,2,'2017-03-17 23:14:41','2021-05-01 06:13:02'),(9,9,'http://kinopoisk.ru/photos/http://kinopoisk.ru/photos/excepturi.jpeg.jpeg',97,NULL,1,'2014-08-28 22:38:27','2021-05-01 06:11:45'),(10,10,'http://kinopoisk.ru/videos/veniam.mpeg',130,NULL,2,'2015-01-27 15:26:00','2021-05-01 06:13:02'),(11,11,'http://kinopoisk.ru/videos/http://kinopoisk.ru/photos/sed.jpeg.mpeg',29,NULL,2,'2016-04-23 12:46:30','2021-05-01 06:13:02'),(12,12,'http://kinopoisk.ru/photos/quia.jpeg',11,NULL,1,'2019-10-30 14:43:48','2021-05-01 06:11:45'),(13,13,'http://kinopoisk.ru/photos/http://kinopoisk.ru/photos/culpa.jpeg.jpeg',129,NULL,1,'2018-10-09 07:34:09','2021-05-01 06:11:45'),(14,14,'http://kinopoisk.ru/videos/doloribus.mpeg',75,NULL,2,'2016-02-13 14:10:06','2021-05-01 06:13:02'),(15,15,'http://kinopoisk.ru/videos/http://kinopoisk.ru/photos/hic.jpeg.mpeg',137,NULL,2,'2016-09-12 04:58:05','2021-05-01 06:13:02'),(16,16,'http://kinopoisk.ru/photos/dolores.jpeg',25,NULL,1,'2012-01-29 05:16:28','2021-05-01 06:11:45'),(17,17,'http://kinopoisk.ru/videos/http://kinopoisk.ru/photos/eum.jpeg.mpeg',164,NULL,2,'2020-02-26 14:51:35','2021-05-01 06:13:02'),(18,18,'http://kinopoisk.ru/videos/excepturi.mpeg',194,NULL,2,'2016-05-03 12:55:38','2021-05-01 06:13:02'),(19,19,'http://kinopoisk.ru/videos/http://kinopoisk.ru/photos/consequatur.jpeg.mpeg',179,NULL,2,'2018-03-09 15:42:42','2021-05-01 06:13:02'),(20,20,'http://kinopoisk.ru/photos/excepturi.jpeg',82,NULL,1,'2012-07-08 08:10:54','2021-05-01 06:11:45'),(21,21,'http://kinopoisk.ru/videos/http://kinopoisk.ru/photos/quia.jpeg.mpeg',71,NULL,2,'2013-03-07 17:34:49','2021-05-01 06:13:02'),(22,22,'http://kinopoisk.ru/videos/sequi.mpeg',70,NULL,2,'2011-08-22 02:41:14','2021-05-01 06:13:02'),(23,23,'http://kinopoisk.ru/photos/http://kinopoisk.ru/photos/sit.jpeg.jpeg',102,NULL,1,'2017-07-14 12:04:55','2021-05-01 06:11:45'),(24,24,'http://kinopoisk.ru/videos/sint.mpeg',40,NULL,2,'2017-01-24 23:49:08','2021-05-01 06:13:02'),(25,25,'http://kinopoisk.ru/videos/http://kinopoisk.ru/photos/cum.jpeg.mpeg',55,NULL,2,'2015-02-27 19:29:12','2021-05-01 06:13:02'),(26,26,'http://kinopoisk.ru/videos/magnam.mpeg',152,NULL,2,'2017-08-05 18:48:04','2021-05-01 06:13:02'),(27,27,'http://kinopoisk.ru/photos/http://kinopoisk.ru/photos/unde.jpeg.jpeg',95,NULL,1,'2019-06-09 10:46:20','2021-05-01 06:11:45'),(28,28,'http://kinopoisk.ru/photos/omnis.jpeg',61,NULL,1,'2011-08-05 15:31:22','2021-05-01 06:11:45'),(29,29,'http://kinopoisk.ru/photos/http://kinopoisk.ru/photos/omnis.jpeg.jpeg',151,NULL,1,'2013-10-12 17:12:13','2021-05-01 06:11:45'),(30,30,'http://kinopoisk.ru/photos/beatae.jpeg',125,NULL,1,'2013-09-20 12:33:07','2021-05-01 06:11:45'),(31,31,'http://kinopoisk.ru/photos/http://kinopoisk.ru/photos/officiis.jpeg.jpeg',178,NULL,1,'2021-02-27 11:34:45','2021-05-01 06:11:45'),(32,32,'http://kinopoisk.ru/videos/enim.mpeg',80,NULL,2,'2014-06-04 21:44:37','2021-05-01 06:13:02'),(33,33,'http://kinopoisk.ru/videos/http://kinopoisk.ru/photos/error.jpeg.mpeg',95,NULL,2,'2014-01-22 05:18:54','2021-05-01 06:13:02'),(34,34,'http://kinopoisk.ru/photos/illo.jpeg',137,NULL,1,'2014-03-16 00:42:09','2021-05-01 06:11:45'),(35,35,'http://kinopoisk.ru/videos/http://kinopoisk.ru/photos/illo.jpeg.mpeg',188,NULL,2,'2018-05-11 13:54:00','2021-05-01 06:13:02'),(36,36,'http://kinopoisk.ru/videos/autem.mpeg',17,NULL,2,'2018-09-18 18:43:16','2021-05-01 06:13:02'),(37,37,'http://kinopoisk.ru/photos/http://kinopoisk.ru/photos/laboriosam.jpeg.jpeg',128,NULL,1,'2021-03-29 18:17:07','2021-05-01 06:11:45'),(38,38,'http://kinopoisk.ru/photos/nulla.jpeg',17,NULL,1,'2011-09-23 23:57:49','2021-05-01 06:11:45'),(39,39,'http://kinopoisk.ru/photos/http://kinopoisk.ru/photos/porro.jpeg.jpeg',33,NULL,1,'2015-12-02 07:15:30','2021-05-01 06:11:45'),(40,40,'http://kinopoisk.ru/videos/voluptatibus.mpeg',72,NULL,2,'2020-05-27 21:32:44','2021-05-01 06:13:02'),(41,41,'http://kinopoisk.ru/videos/http://kinopoisk.ru/photos/consequatur.jpeg.mpeg',79,NULL,2,'2016-04-13 03:34:12','2021-05-01 06:13:02'),(42,42,'http://kinopoisk.ru/photos/distinctio.jpeg',67,NULL,1,'2015-11-23 09:54:21','2021-05-01 06:11:45'),(43,43,'http://kinopoisk.ru/photos/http://kinopoisk.ru/photos/consequatur.jpeg.jpeg',110,NULL,1,'2013-09-13 10:18:15','2021-05-01 06:11:45'),(44,44,'http://kinopoisk.ru/videos/facilis.mpeg',148,NULL,2,'2020-03-15 04:22:11','2021-05-01 06:13:02'),(45,45,'http://kinopoisk.ru/photos/http://kinopoisk.ru/photos/rerum.jpeg.jpeg',151,NULL,1,'2015-06-14 20:40:28','2021-05-01 06:11:45'),(46,46,'http://kinopoisk.ru/photos/non.jpeg',141,NULL,1,'2013-09-06 18:47:17','2021-05-01 06:11:45'),(47,47,'http://kinopoisk.ru/videos/http://kinopoisk.ru/photos/autem.jpeg.mpeg',77,NULL,2,'2016-08-12 17:15:14','2021-05-01 06:13:02'),(48,48,'http://kinopoisk.ru/videos/qui.mpeg',142,NULL,2,'2012-12-17 20:01:52','2021-05-01 06:13:02'),(49,49,'http://kinopoisk.ru/photos/http://kinopoisk.ru/photos/esse.jpeg.jpeg',120,NULL,1,'2015-07-20 16:03:08','2021-05-01 06:11:45'),(50,50,'http://kinopoisk.ru/photos/veritatis.jpeg',133,NULL,1,'2016-07-29 09:30:16','2021-05-01 06:11:45'),(51,51,'http://kinopoisk.ru/photos/http://kinopoisk.ru/photos/quia.jpeg.jpeg',62,NULL,1,'2021-02-12 07:59:55','2021-05-01 06:11:45'),(52,52,'http://kinopoisk.ru/videos/quibusdam.mpeg',200,NULL,2,'2020-08-28 10:12:20','2021-05-01 06:13:02'),(53,53,'http://kinopoisk.ru/videos/http://kinopoisk.ru/photos/quis.jpeg.mpeg',18,NULL,2,'2012-03-29 14:13:11','2021-05-01 06:13:02'),(54,54,'http://kinopoisk.ru/photos/cupiditate.jpeg',69,NULL,1,'2018-11-24 21:34:47','2021-05-01 06:11:45'),(55,55,'http://kinopoisk.ru/photos/http://kinopoisk.ru/photos/culpa.jpeg.jpeg',113,NULL,1,'2020-12-09 20:46:11','2021-05-01 06:11:45'),(56,56,'http://kinopoisk.ru/videos/et.mpeg',96,NULL,2,'2020-10-21 06:48:16','2021-05-01 06:13:02'),(57,57,'http://kinopoisk.ru/photos/http://kinopoisk.ru/photos/atque.jpeg.jpeg',108,NULL,1,'2019-08-26 13:04:24','2021-05-01 06:11:45'),(58,58,'http://kinopoisk.ru/videos/aut.mpeg',52,NULL,2,'2017-09-17 22:24:29','2021-05-01 06:13:02'),(59,59,'http://kinopoisk.ru/videos/http://kinopoisk.ru/photos/tempore.jpeg.mpeg',182,NULL,2,'2020-05-26 15:34:54','2021-05-01 06:13:02'),(60,60,'http://kinopoisk.ru/photos/sit.jpeg',195,NULL,1,'2021-01-23 15:13:44','2021-05-01 06:11:45'),(61,61,'http://kinopoisk.ru/videos/http://kinopoisk.ru/photos/dicta.jpeg.mpeg',29,NULL,2,'2020-03-19 02:09:12','2021-05-01 06:13:02'),(62,62,'http://kinopoisk.ru/videos/maxime.mpeg',131,NULL,2,'2018-11-15 22:10:07','2021-05-01 06:13:02'),(63,63,'http://kinopoisk.ru/photos/http://kinopoisk.ru/photos/corrupti.jpeg.jpeg',129,NULL,1,'2016-09-23 16:31:52','2021-05-01 06:11:45'),(64,64,'http://kinopoisk.ru/photos/voluptas.jpeg',107,NULL,1,'2013-02-01 19:01:37','2021-05-01 06:11:45'),(65,65,'http://kinopoisk.ru/videos/http://kinopoisk.ru/photos/pariatur.jpeg.mpeg',144,NULL,2,'2015-06-05 08:57:08','2021-05-01 06:13:02'),(66,66,'http://kinopoisk.ru/videos/quo.mpeg',189,NULL,2,'2013-01-14 02:29:44','2021-05-01 06:13:02'),(67,67,'http://kinopoisk.ru/videos/http://kinopoisk.ru/photos/omnis.jpeg.mpeg',143,NULL,2,'2018-11-29 03:41:46','2021-05-01 06:13:02'),(68,68,'http://kinopoisk.ru/videos/tenetur.mpeg',19,NULL,2,'2013-08-15 13:18:20','2021-05-01 06:13:02'),(69,69,'http://kinopoisk.ru/photos/http://kinopoisk.ru/photos/velit.jpeg.jpeg',60,NULL,1,'2015-05-08 07:37:54','2021-05-01 06:11:45'),(70,70,'http://kinopoisk.ru/videos/expedita.mpeg',123,NULL,2,'2017-07-01 09:13:11','2021-05-01 06:13:02'),(71,71,'http://kinopoisk.ru/photos/http://kinopoisk.ru/photos/quia.jpeg.jpeg',28,NULL,1,'2011-11-20 15:24:53','2021-05-01 06:11:45'),(72,72,'http://kinopoisk.ru/photos/ducimus.jpeg',27,NULL,1,'2011-09-12 00:12:05','2021-05-01 06:11:45'),(73,73,'http://kinopoisk.ru/videos/http://kinopoisk.ru/photos/dolorum.jpeg.mpeg',22,NULL,2,'2017-05-18 17:17:30','2021-05-01 06:13:02'),(74,74,'http://kinopoisk.ru/videos/est.mpeg',105,NULL,2,'2016-07-24 22:57:41','2021-05-01 06:13:02'),(75,75,'http://kinopoisk.ru/videos/http://kinopoisk.ru/photos/eum.jpeg.mpeg',152,NULL,2,'2016-11-27 09:06:53','2021-05-01 06:13:02'),(76,76,'http://kinopoisk.ru/photos/eos.jpeg',70,NULL,1,'2012-02-16 18:20:00','2021-05-01 06:11:45'),(77,77,'http://kinopoisk.ru/videos/http://kinopoisk.ru/photos/magni.jpeg.mpeg',67,NULL,2,'2013-04-16 06:12:50','2021-05-01 06:13:02'),(78,78,'http://kinopoisk.ru/photos/aut.jpeg',43,NULL,1,'2019-05-27 02:42:49','2021-05-01 06:11:45'),(79,79,'http://kinopoisk.ru/videos/http://kinopoisk.ru/photos/aut.jpeg.mpeg',62,NULL,2,'2014-09-19 21:14:17','2021-05-01 06:13:02'),(80,80,'http://kinopoisk.ru/videos/labore.mpeg',11,NULL,2,'2013-06-23 01:09:42','2021-05-01 06:13:02'),(81,81,'http://kinopoisk.ru/photos/http://kinopoisk.ru/photos/quia.jpeg.jpeg',36,NULL,1,'2012-02-02 09:26:20','2021-05-01 06:11:45'),(82,82,'http://kinopoisk.ru/photos/ut.jpeg',72,NULL,1,'2014-01-16 07:41:34','2021-05-01 06:11:45'),(83,83,'http://kinopoisk.ru/videos/http://kinopoisk.ru/photos/aperiam.jpeg.mpeg',167,NULL,2,'2012-07-16 19:08:15','2021-05-01 06:13:02'),(84,84,'http://kinopoisk.ru/photos/corporis.jpeg',105,NULL,1,'2018-10-30 10:04:09','2021-05-01 06:11:45'),(85,85,'http://kinopoisk.ru/videos/http://kinopoisk.ru/photos/rerum.jpeg.mpeg',43,NULL,2,'2014-02-28 08:36:53','2021-05-01 06:13:02'),(86,86,'http://kinopoisk.ru/videos/autem.mpeg',85,NULL,2,'2014-08-11 13:32:24','2021-05-01 06:13:02'),(87,87,'http://kinopoisk.ru/photos/http://kinopoisk.ru/photos/incidunt.jpeg.jpeg',29,NULL,1,'2020-05-24 03:49:23','2021-05-01 06:11:45'),(88,88,'http://kinopoisk.ru/photos/facilis.jpeg',152,NULL,1,'2015-05-04 08:28:19','2021-05-01 06:11:45'),(89,89,'http://kinopoisk.ru/photos/http://kinopoisk.ru/photos/est.jpeg.jpeg',117,NULL,1,'2019-02-22 01:45:03','2021-05-01 06:11:45'),(90,90,'http://kinopoisk.ru/photos/quaerat.jpeg',82,NULL,1,'2016-02-28 13:23:18','2021-05-01 06:11:45'),(91,91,'http://kinopoisk.ru/videos/http://kinopoisk.ru/photos/excepturi.jpeg.mpeg',183,NULL,2,'2021-04-15 00:51:54','2021-05-01 06:13:02'),(92,92,'http://kinopoisk.ru/videos/accusantium.mpeg',68,NULL,2,'2016-02-28 19:05:26','2021-05-01 06:13:02'),(93,93,'http://kinopoisk.ru/photos/http://kinopoisk.ru/photos/explicabo.jpeg.jpeg',196,NULL,1,'2018-03-27 23:43:37','2021-05-01 06:11:45'),(94,94,'http://kinopoisk.ru/photos/dolorem.jpeg',140,NULL,1,'2013-07-19 13:47:28','2021-05-01 06:11:45'),(95,95,'http://kinopoisk.ru/videos/http://kinopoisk.ru/photos/officia.jpeg.mpeg',161,NULL,2,'2014-10-30 20:16:05','2021-05-01 06:13:02'),(96,96,'http://kinopoisk.ru/videos/ipsam.mpeg',34,NULL,2,'2017-10-04 01:55:39','2021-05-01 06:13:02'),(97,97,'http://kinopoisk.ru/videos/http://kinopoisk.ru/photos/aut.jpeg.mpeg',186,NULL,2,'2016-03-13 17:15:14','2021-05-01 06:13:02'),(98,98,'http://kinopoisk.ru/photos/nam.jpeg',181,NULL,1,'2020-02-16 20:47:10','2021-05-01 06:11:45'),(99,99,'http://kinopoisk.ru/videos/http://kinopoisk.ru/photos/aspernatur.jpeg.mpeg',103,NULL,2,'2014-04-05 23:02:06','2021-05-01 06:13:02'),(100,100,'http://kinopoisk.ru/videos/in.mpeg',40,NULL,2,'2016-01-16 14:59:37','2021-05-01 06:13:02'),(101,1,'http://kinopoisk.ru/videos/http://kinopoisk.ru/photos/enim.jpeg.mpeg',173,NULL,2,'2013-12-13 04:10:39','2021-05-01 06:13:02'),(102,2,'http://kinopoisk.ru/photos/rerum.jpeg',147,NULL,1,'2019-05-26 04:09:20','2021-05-01 06:11:45'),(103,3,'http://kinopoisk.ru/videos/http://kinopoisk.ru/photos/eveniet.jpeg.mpeg',81,NULL,2,'2012-10-07 07:06:54','2021-05-01 06:13:02'),(104,4,'http://kinopoisk.ru/photos/excepturi.jpeg',62,NULL,1,'2020-06-11 20:34:23','2021-05-01 06:11:45'),(105,5,'http://kinopoisk.ru/photos/http://kinopoisk.ru/photos/assumenda.jpeg.jpeg',14,NULL,1,'2013-02-08 23:03:25','2021-05-01 06:11:45'),(106,6,'http://kinopoisk.ru/photos/quia.jpeg',151,NULL,1,'2020-06-09 21:02:08','2021-05-01 06:11:45'),(107,7,'http://kinopoisk.ru/videos/http://kinopoisk.ru/photos/aliquam.jpeg.mpeg',9,NULL,2,'2015-08-03 20:24:48','2021-05-01 06:13:02'),(108,8,'http://kinopoisk.ru/videos/placeat.mpeg',91,NULL,2,'2019-05-28 08:24:33','2021-05-01 06:13:02'),(109,9,'http://kinopoisk.ru/photos/http://kinopoisk.ru/photos/quidem.jpeg.jpeg',46,NULL,1,'2015-10-03 21:48:00','2021-05-01 06:11:45'),(110,10,'http://kinopoisk.ru/videos/voluptas.mpeg',117,NULL,2,'2015-09-04 05:46:42','2021-05-01 06:13:02'),(111,11,'http://kinopoisk.ru/photos/http://kinopoisk.ru/photos/corrupti.jpeg.jpeg',179,NULL,1,'2017-11-10 08:01:06','2021-05-01 06:11:45'),(112,12,'http://kinopoisk.ru/videos/aspernatur.mpeg',154,NULL,2,'2016-07-18 03:23:16','2021-05-01 06:13:02'),(113,13,'http://kinopoisk.ru/videos/http://kinopoisk.ru/photos/voluptates.jpeg.mpeg',38,NULL,2,'2016-04-02 10:00:48','2021-05-01 06:13:02'),(114,14,'http://kinopoisk.ru/videos/dolorem.mpeg',169,NULL,2,'2011-10-28 12:26:36','2021-05-01 06:13:02'),(115,15,'http://kinopoisk.ru/videos/http://kinopoisk.ru/photos/occaecati.jpeg.mpeg',157,NULL,2,'2012-05-11 09:50:18','2021-05-01 06:13:02'),(116,16,'http://kinopoisk.ru/photos/harum.jpeg',166,NULL,1,'2013-10-21 13:11:50','2021-05-01 06:11:45'),(117,17,'http://kinopoisk.ru/photos/http://kinopoisk.ru/photos/nisi.jpeg.jpeg',85,NULL,1,'2013-10-23 17:15:37','2021-05-01 06:11:45'),(118,18,'http://kinopoisk.ru/videos/omnis.mpeg',158,NULL,2,'2020-03-16 06:16:21','2021-05-01 06:13:02'),(119,19,'http://kinopoisk.ru/photos/http://kinopoisk.ru/photos/enim.jpeg.jpeg',21,NULL,1,'2019-05-23 08:44:08','2021-05-01 06:11:45'),(120,20,'http://kinopoisk.ru/videos/sit.mpeg',33,NULL,2,'2015-11-21 05:04:11','2021-05-01 06:13:02'),(121,21,'http://kinopoisk.ru/videos/http://kinopoisk.ru/photos/totam.jpeg.mpeg',154,NULL,2,'2014-07-19 15:52:27','2021-05-01 06:13:02'),(122,22,'http://kinopoisk.ru/photos/occaecati.jpeg',144,NULL,1,'2011-05-17 18:50:14','2021-05-01 06:11:45'),(123,23,'http://kinopoisk.ru/photos/http://kinopoisk.ru/photos/consequatur.jpeg.jpeg',24,NULL,1,'2017-08-17 13:45:07','2021-05-01 06:11:45'),(124,24,'http://kinopoisk.ru/videos/ullam.mpeg',93,NULL,2,'2016-03-06 06:00:46','2021-05-01 06:13:02'),(125,25,'http://kinopoisk.ru/photos/http://kinopoisk.ru/photos/labore.jpeg.jpeg',30,NULL,1,'2019-11-21 07:19:13','2021-05-01 06:11:45'),(126,26,'http://kinopoisk.ru/videos/maxime.mpeg',10,NULL,2,'2015-02-02 14:25:19','2021-05-01 06:13:02'),(127,27,'http://kinopoisk.ru/photos/http://kinopoisk.ru/photos/cum.jpeg.jpeg',109,NULL,1,'2018-08-11 16:06:13','2021-05-01 06:11:45'),(128,28,'http://kinopoisk.ru/photos/voluptate.jpeg',18,NULL,1,'2014-02-26 07:36:14','2021-05-01 06:11:45'),(129,29,'http://kinopoisk.ru/photos/http://kinopoisk.ru/photos/tenetur.jpeg.jpeg',183,NULL,1,'2016-01-01 04:55:20','2021-05-01 06:11:45'),(130,30,'http://kinopoisk.ru/videos/sed.mpeg',96,NULL,2,'2015-07-21 22:57:09','2021-05-01 06:13:02'),(131,31,'http://kinopoisk.ru/videos/http://kinopoisk.ru/photos/eius.jpeg.mpeg',133,NULL,2,'2019-02-02 23:14:43','2021-05-01 06:13:02'),(132,32,'http://kinopoisk.ru/photos/possimus.jpeg',72,NULL,1,'2017-06-26 22:14:46','2021-05-01 06:11:45'),(133,33,'http://kinopoisk.ru/videos/http://kinopoisk.ru/photos/et.jpeg.mpeg',166,NULL,2,'2013-10-13 15:32:38','2021-05-01 06:13:02'),(134,34,'http://kinopoisk.ru/photos/omnis.jpeg',23,NULL,1,'2013-08-23 02:51:10','2021-05-01 06:11:45'),(135,35,'http://kinopoisk.ru/photos/http://kinopoisk.ru/photos/saepe.jpeg.jpeg',23,NULL,1,'2020-08-07 07:14:34','2021-05-01 06:11:45'),(136,36,'http://kinopoisk.ru/photos/quia.jpeg',47,NULL,1,'2019-04-20 17:00:38','2021-05-01 06:11:45'),(137,37,'http://kinopoisk.ru/videos/http://kinopoisk.ru/photos/voluptatum.jpeg.mpeg',131,NULL,2,'2019-11-18 02:53:50','2021-05-01 06:13:02'),(138,38,'http://kinopoisk.ru/videos/quidem.mpeg',98,NULL,2,'2019-08-26 00:02:37','2021-05-01 06:13:02'),(139,39,'http://kinopoisk.ru/videos/http://kinopoisk.ru/photos/placeat.jpeg.mpeg',132,NULL,2,'2020-11-24 21:18:06','2021-05-01 06:13:02'),(140,40,'http://kinopoisk.ru/videos/cupiditate.mpeg',18,NULL,2,'2011-07-05 03:56:24','2021-05-01 06:13:02'),(141,41,'http://kinopoisk.ru/videos/http://kinopoisk.ru/photos/tenetur.jpeg.mpeg',71,NULL,2,'2012-12-21 11:56:31','2021-05-01 06:13:02'),(142,42,'http://kinopoisk.ru/videos/pariatur.mpeg',28,NULL,2,'2012-01-20 05:22:53','2021-05-01 06:13:02'),(143,43,'http://kinopoisk.ru/photos/http://kinopoisk.ru/photos/voluptatibus.jpeg.jpeg',164,NULL,1,'2013-04-05 17:58:05','2021-05-01 06:11:45'),(144,44,'http://kinopoisk.ru/videos/non.mpeg',199,NULL,2,'2020-10-27 23:20:48','2021-05-01 06:13:02'),(145,45,'http://kinopoisk.ru/photos/http://kinopoisk.ru/photos/ab.jpeg.jpeg',159,NULL,1,'2015-06-12 06:14:55','2021-05-01 06:11:45'),(146,46,'http://kinopoisk.ru/videos/omnis.mpeg',20,NULL,2,'2017-10-12 18:44:54','2021-05-01 06:13:02'),(147,47,'http://kinopoisk.ru/photos/http://kinopoisk.ru/photos/optio.jpeg.jpeg',32,NULL,1,'2019-09-26 20:05:03','2021-05-01 06:11:45'),(148,48,'http://kinopoisk.ru/photos/nihil.jpeg',154,NULL,1,'2014-10-10 13:11:18','2021-05-01 06:11:45'),(149,49,'http://kinopoisk.ru/videos/http://kinopoisk.ru/photos/voluptates.jpeg.mpeg',108,NULL,2,'2016-07-06 22:37:27','2021-05-01 06:13:02'),(150,50,'http://kinopoisk.ru/videos/officia.mpeg',75,NULL,2,'2015-05-07 04:53:38','2021-05-01 06:13:02'),(151,51,'http://kinopoisk.ru/videos/http://kinopoisk.ru/photos/quos.jpeg.mpeg',145,NULL,2,'2016-07-26 09:19:25','2021-05-01 06:13:02'),(152,52,'http://kinopoisk.ru/photos/necessitatibus.jpeg',42,NULL,1,'2013-06-20 21:56:14','2021-05-01 06:11:45'),(153,53,'http://kinopoisk.ru/photos/http://kinopoisk.ru/photos/voluptatibus.jpeg.jpeg',177,NULL,1,'2018-04-13 17:45:52','2021-05-01 06:11:45'),(154,54,'http://kinopoisk.ru/videos/quas.mpeg',81,NULL,2,'2018-12-31 02:57:08','2021-05-01 06:13:02'),(155,55,'http://kinopoisk.ru/photos/http://kinopoisk.ru/photos/et.jpeg.jpeg',123,NULL,1,'2015-08-12 09:46:12','2021-05-01 06:11:45'),(156,56,'http://kinopoisk.ru/photos/ipsam.jpeg',68,NULL,1,'2017-03-19 10:06:17','2021-05-01 06:11:45'),(157,57,'http://kinopoisk.ru/photos/http://kinopoisk.ru/photos/debitis.jpeg.jpeg',67,NULL,1,'2016-01-27 09:42:17','2021-05-01 06:11:45'),(158,58,'http://kinopoisk.ru/videos/voluptatem.mpeg',69,NULL,2,'2018-02-10 18:32:45','2021-05-01 06:13:02'),(159,59,'http://kinopoisk.ru/videos/http://kinopoisk.ru/photos/rem.jpeg.mpeg',28,NULL,2,'2018-03-21 21:00:00','2021-05-01 06:13:02'),(160,60,'http://kinopoisk.ru/photos/illum.jpeg',120,NULL,1,'2020-02-12 12:12:19','2021-05-01 06:11:45'),(161,61,'http://kinopoisk.ru/videos/http://kinopoisk.ru/photos/omnis.jpeg.mpeg',117,NULL,2,'2013-06-26 12:32:33','2021-05-01 06:13:02'),(162,62,'http://kinopoisk.ru/videos/sint.mpeg',32,NULL,2,'2014-01-10 06:37:39','2021-05-01 06:13:02'),(163,63,'http://kinopoisk.ru/photos/http://kinopoisk.ru/photos/odit.jpeg.jpeg',101,NULL,1,'2014-05-04 17:36:06','2021-05-01 06:11:45'),(164,64,'http://kinopoisk.ru/photos/quos.jpeg',137,NULL,1,'2012-05-04 15:27:22','2021-05-01 06:11:45'),(165,65,'http://kinopoisk.ru/photos/http://kinopoisk.ru/photos/veritatis.jpeg.jpeg',139,NULL,1,'2020-04-02 00:02:05','2021-05-01 06:11:45'),(166,66,'http://kinopoisk.ru/videos/est.mpeg',32,NULL,2,'2015-01-26 09:09:56','2021-05-01 06:13:02'),(167,67,'http://kinopoisk.ru/videos/http://kinopoisk.ru/photos/aliquid.jpeg.mpeg',123,NULL,2,'2019-01-09 22:21:15','2021-05-01 06:13:02'),(168,68,'http://kinopoisk.ru/photos/eaque.jpeg',53,NULL,1,'2012-03-09 02:45:50','2021-05-01 06:11:45'),(169,69,'http://kinopoisk.ru/videos/http://kinopoisk.ru/photos/recusandae.jpeg.mpeg',135,NULL,2,'2018-08-02 02:28:41','2021-05-01 06:13:02'),(170,70,'http://kinopoisk.ru/videos/officia.mpeg',40,NULL,2,'2018-10-17 18:23:56','2021-05-01 06:13:02'),(171,71,'http://kinopoisk.ru/photos/http://kinopoisk.ru/photos/nisi.jpeg.jpeg',113,NULL,1,'2014-01-04 09:49:57','2021-05-01 06:11:45'),(172,72,'http://kinopoisk.ru/videos/quo.mpeg',59,NULL,2,'2017-12-19 16:35:10','2021-05-01 06:13:02'),(173,73,'http://kinopoisk.ru/photos/http://kinopoisk.ru/photos/incidunt.jpeg.jpeg',142,NULL,1,'2017-09-12 07:44:56','2021-05-01 06:11:45'),(174,74,'http://kinopoisk.ru/photos/eos.jpeg',36,NULL,1,'2017-03-11 18:13:07','2021-05-01 06:11:45'),(175,75,'http://kinopoisk.ru/photos/http://kinopoisk.ru/photos/assumenda.jpeg.jpeg',196,NULL,1,'2017-09-28 07:39:49','2021-05-01 06:11:45'),(176,76,'http://kinopoisk.ru/photos/quae.jpeg',102,NULL,1,'2020-12-31 23:46:53','2021-05-01 06:11:45'),(177,77,'http://kinopoisk.ru/videos/http://kinopoisk.ru/photos/iure.jpeg.mpeg',127,NULL,2,'2014-05-05 12:58:34','2021-05-01 06:13:02'),(178,78,'http://kinopoisk.ru/photos/libero.jpeg',67,NULL,1,'2015-08-08 18:57:18','2021-05-01 06:11:45'),(179,79,'http://kinopoisk.ru/photos/http://kinopoisk.ru/photos/ea.jpeg.jpeg',89,NULL,1,'2013-09-18 08:28:41','2021-05-01 06:11:45'),(180,80,'http://kinopoisk.ru/photos/qui.jpeg',168,NULL,1,'2014-10-22 07:50:31','2021-05-01 06:11:45'),(181,81,'http://kinopoisk.ru/photos/http://kinopoisk.ru/photos/rerum.jpeg.jpeg',158,NULL,1,'2017-02-05 07:33:44','2021-05-01 06:11:45'),(182,82,'http://kinopoisk.ru/videos/perferendis.mpeg',104,NULL,2,'2013-06-24 05:12:46','2021-05-01 06:13:02'),(183,83,'http://kinopoisk.ru/videos/http://kinopoisk.ru/photos/sit.jpeg.mpeg',167,NULL,2,'2012-02-27 19:13:35','2021-05-01 06:13:02'),(184,84,'http://kinopoisk.ru/videos/eum.mpeg',76,NULL,2,'2016-04-26 22:57:18','2021-05-01 06:13:02'),(185,85,'http://kinopoisk.ru/videos/http://kinopoisk.ru/photos/quo.jpeg.mpeg',39,NULL,2,'2015-08-30 09:37:47','2021-05-01 06:13:02'),(186,86,'http://kinopoisk.ru/videos/est.mpeg',168,NULL,2,'2011-11-20 20:35:56','2021-05-01 06:13:02'),(187,87,'http://kinopoisk.ru/videos/http://kinopoisk.ru/photos/qui.jpeg.mpeg',68,NULL,2,'2019-04-15 00:43:25','2021-05-01 06:13:02'),(188,88,'http://kinopoisk.ru/photos/qui.jpeg',64,NULL,1,'2019-04-19 00:28:11','2021-05-01 06:11:45'),(189,89,'http://kinopoisk.ru/photos/http://kinopoisk.ru/photos/quisquam.jpeg.jpeg',58,NULL,1,'2020-11-19 12:44:45','2021-05-01 06:11:45'),(190,90,'http://kinopoisk.ru/photos/et.jpeg',149,NULL,1,'2012-06-23 03:10:47','2021-05-01 06:11:45'),(191,91,'http://kinopoisk.ru/photos/http://kinopoisk.ru/photos/dolor.jpeg.jpeg',91,NULL,1,'2019-04-20 14:09:32','2021-05-01 06:11:45'),(192,92,'http://kinopoisk.ru/videos/magnam.mpeg',142,NULL,2,'2012-07-17 11:21:48','2021-05-01 06:13:02'),(193,93,'http://kinopoisk.ru/photos/http://kinopoisk.ru/photos/rerum.jpeg.jpeg',122,NULL,1,'2011-08-30 07:40:14','2021-05-01 06:11:45'),(194,94,'http://kinopoisk.ru/photos/tempore.jpeg',185,NULL,1,'2017-02-23 00:46:09','2021-05-01 06:11:45'),(195,95,'http://kinopoisk.ru/videos/http://kinopoisk.ru/photos/officiis.jpeg.mpeg',84,NULL,2,'2019-09-27 14:23:32','2021-05-01 06:13:02'),(196,96,'http://kinopoisk.ru/videos/quasi.mpeg',165,NULL,2,'2018-07-18 18:22:23','2021-05-01 06:13:02'),(197,97,'http://kinopoisk.ru/videos/http://kinopoisk.ru/photos/aut.jpeg.mpeg',130,NULL,2,'2011-09-21 06:28:59','2021-05-01 06:13:02'),(198,98,'http://kinopoisk.ru/videos/repudiandae.mpeg',158,NULL,2,'2013-05-26 22:23:45','2021-05-01 06:13:02'),(199,99,'http://kinopoisk.ru/videos/http://kinopoisk.ru/photos/vitae.jpeg.mpeg',17,NULL,2,'2015-12-15 04:47:26','2021-05-01 06:13:02'),(200,100,'http://kinopoisk.ru/photos/officia.jpeg',145,NULL,1,'2014-12-17 13:17:38','2021-05-01 06:11:45'),(201,1,'http://kinopoisk.ru/photos/http://kinopoisk.ru/photos/tenetur.jpeg.jpeg',180,NULL,1,'2019-08-16 03:51:38','2021-05-01 06:11:45'),(202,2,'http://kinopoisk.ru/photos/dolore.jpeg',146,NULL,1,'2019-09-20 12:17:06','2021-05-01 06:11:45'),(203,3,'http://kinopoisk.ru/videos/http://kinopoisk.ru/photos/aliquid.jpeg.mpeg',99,NULL,2,'2012-06-03 07:40:10','2021-05-01 06:13:02'),(204,4,'http://kinopoisk.ru/videos/deleniti.mpeg',84,NULL,2,'2020-06-23 00:22:59','2021-05-01 06:13:02'),(205,5,'http://kinopoisk.ru/photos/http://kinopoisk.ru/photos/consequuntur.jpeg.jpeg',133,NULL,1,'2021-03-26 00:43:26','2021-05-01 06:11:45'),(206,6,'http://kinopoisk.ru/videos/cupiditate.mpeg',121,NULL,2,'2014-05-07 09:28:48','2021-05-01 06:13:02'),(207,7,'http://kinopoisk.ru/videos/http://kinopoisk.ru/photos/fugit.jpeg.mpeg',77,NULL,2,'2019-09-10 05:03:22','2021-05-01 06:13:02'),(208,8,'http://kinopoisk.ru/videos/voluptatibus.mpeg',61,NULL,2,'2014-06-07 00:09:23','2021-05-01 06:13:02'),(209,9,'http://kinopoisk.ru/photos/http://kinopoisk.ru/photos/quia.jpeg.jpeg',173,NULL,1,'2019-12-28 22:08:59','2021-05-01 06:11:45'),(210,10,'http://kinopoisk.ru/photos/cum.jpeg',14,NULL,1,'2013-11-30 21:21:11','2021-05-01 06:11:45'),(211,11,'http://kinopoisk.ru/videos/http://kinopoisk.ru/photos/voluptatem.jpeg.mpeg',19,NULL,2,'2017-01-11 13:52:12','2021-05-01 06:13:02'),(212,12,'http://kinopoisk.ru/videos/hic.mpeg',52,NULL,2,'2014-12-31 20:53:06','2021-05-01 06:13:02'),(213,13,'http://kinopoisk.ru/videos/http://kinopoisk.ru/photos/tempore.jpeg.mpeg',81,NULL,2,'2021-02-20 16:16:59','2021-05-01 06:13:02'),(214,14,'http://kinopoisk.ru/videos/dolores.mpeg',81,NULL,2,'2016-04-07 10:55:32','2021-05-01 06:13:02'),(215,15,'http://kinopoisk.ru/videos/http://kinopoisk.ru/photos/ducimus.jpeg.mpeg',88,NULL,2,'2012-01-05 00:22:51','2021-05-01 06:13:02'),(216,16,'http://kinopoisk.ru/videos/molestiae.mpeg',122,NULL,2,'2016-09-15 08:52:35','2021-05-01 06:13:02'),(217,17,'http://kinopoisk.ru/videos/http://kinopoisk.ru/photos/natus.jpeg.mpeg',196,NULL,2,'2018-03-06 11:15:28','2021-05-01 06:13:02'),(218,18,'http://kinopoisk.ru/videos/dolores.mpeg',139,NULL,2,'2017-11-03 13:01:49','2021-05-01 06:13:02'),(219,19,'http://kinopoisk.ru/videos/http://kinopoisk.ru/photos/et.jpeg.mpeg',182,NULL,2,'2019-05-09 07:44:39','2021-05-01 06:13:02'),(220,20,'http://kinopoisk.ru/videos/dolores.mpeg',167,NULL,2,'2014-04-28 06:58:47','2021-05-01 06:13:02'),(221,21,'http://kinopoisk.ru/videos/http://kinopoisk.ru/photos/ut.jpeg.mpeg',19,NULL,2,'2014-09-02 02:27:47','2021-05-01 06:13:02'),(222,22,'http://kinopoisk.ru/videos/assumenda.mpeg',74,NULL,2,'2020-11-24 06:48:03','2021-05-01 06:13:02'),(223,23,'http://kinopoisk.ru/photos/http://kinopoisk.ru/photos/neque.jpeg.jpeg',41,NULL,1,'2019-01-24 06:37:37','2021-05-01 06:11:45'),(224,24,'http://kinopoisk.ru/photos/debitis.jpeg',15,NULL,1,'2011-12-14 19:18:30','2021-05-01 06:11:45'),(225,25,'http://kinopoisk.ru/photos/http://kinopoisk.ru/photos/ut.jpeg.jpeg',64,NULL,1,'2020-06-26 14:45:59','2021-05-01 06:11:45'),(226,26,'http://kinopoisk.ru/videos/voluptas.mpeg',71,NULL,2,'2016-12-03 10:23:41','2021-05-01 06:13:02'),(227,27,'http://kinopoisk.ru/videos/http://kinopoisk.ru/photos/cum.jpeg.mpeg',16,NULL,2,'2014-12-28 20:10:26','2021-05-01 06:13:02'),(228,28,'http://kinopoisk.ru/photos/beatae.jpeg',109,NULL,1,'2021-04-18 17:35:07','2021-05-01 06:11:45'),(229,29,'http://kinopoisk.ru/photos/http://kinopoisk.ru/photos/eveniet.jpeg.jpeg',101,NULL,1,'2016-08-09 07:59:34','2021-05-01 06:11:45'),(230,30,'http://kinopoisk.ru/photos/ipsa.jpeg',82,NULL,1,'2020-01-05 13:09:38','2021-05-01 06:11:45'),(231,31,'http://kinopoisk.ru/videos/http://kinopoisk.ru/photos/consequatur.jpeg.mpeg',36,NULL,2,'2014-03-20 08:53:36','2021-05-01 06:13:02'),(232,32,'http://kinopoisk.ru/photos/dolores.jpeg',66,NULL,1,'2018-12-06 20:59:53','2021-05-01 06:11:45'),(233,33,'http://kinopoisk.ru/videos/http://kinopoisk.ru/photos/quo.jpeg.mpeg',118,NULL,2,'2013-01-10 00:35:57','2021-05-01 06:13:02'),(234,34,'http://kinopoisk.ru/photos/eveniet.jpeg',112,NULL,1,'2012-11-15 11:20:24','2021-05-01 06:11:45'),(235,35,'http://kinopoisk.ru/videos/http://kinopoisk.ru/photos/ducimus.jpeg.mpeg',145,NULL,2,'2014-12-01 21:01:51','2021-05-01 06:13:02'),(236,36,'http://kinopoisk.ru/videos/quasi.mpeg',100,NULL,2,'2017-12-05 05:44:57','2021-05-01 06:13:02'),(237,37,'http://kinopoisk.ru/photos/http://kinopoisk.ru/photos/qui.jpeg.jpeg',25,NULL,1,'2016-03-26 00:40:54','2021-05-01 06:11:45'),(238,38,'http://kinopoisk.ru/photos/sed.jpeg',179,NULL,1,'2017-09-15 13:59:06','2021-05-01 06:11:45'),(239,39,'http://kinopoisk.ru/photos/http://kinopoisk.ru/photos/beatae.jpeg.jpeg',61,NULL,1,'2018-01-18 04:53:31','2021-05-01 06:11:45'),(240,40,'http://kinopoisk.ru/videos/ad.mpeg',155,NULL,2,'2021-03-18 18:05:53','2021-05-01 06:13:02'),(241,41,'http://kinopoisk.ru/photos/http://kinopoisk.ru/photos/quae.jpeg.jpeg',132,NULL,1,'2016-10-28 09:23:02','2021-05-01 06:11:45'),(242,42,'http://kinopoisk.ru/videos/quae.mpeg',107,NULL,2,'2013-08-10 00:28:24','2021-05-01 06:13:02'),(243,43,'http://kinopoisk.ru/videos/http://kinopoisk.ru/photos/dolorum.jpeg.mpeg',41,NULL,2,'2014-06-06 08:33:43','2021-05-01 06:13:02'),(244,44,'http://kinopoisk.ru/photos/assumenda.jpeg',79,NULL,1,'2011-09-30 10:39:31','2021-05-01 06:11:45'),(245,45,'http://kinopoisk.ru/videos/http://kinopoisk.ru/photos/dignissimos.jpeg.mpeg',99,NULL,2,'2021-02-20 18:07:13','2021-05-01 06:13:02'),(246,46,'http://kinopoisk.ru/videos/et.mpeg',107,NULL,2,'2011-10-12 08:04:59','2021-05-01 06:13:02'),(247,47,'http://kinopoisk.ru/photos/http://kinopoisk.ru/photos/officiis.jpeg.jpeg',138,NULL,1,'2011-07-08 17:50:33','2021-05-01 06:11:45'),(248,48,'http://kinopoisk.ru/photos/molestiae.jpeg',164,NULL,1,'2015-06-02 11:51:08','2021-05-01 06:11:45'),(249,49,'http://kinopoisk.ru/videos/http://kinopoisk.ru/photos/tenetur.jpeg.mpeg',137,NULL,2,'2015-05-22 07:47:35','2021-05-01 06:13:02'),(250,50,'http://kinopoisk.ru/videos/laboriosam.mpeg',168,NULL,2,'2012-04-09 01:37:46','2021-05-01 06:13:02'),(251,51,'http://kinopoisk.ru/videos/http://kinopoisk.ru/photos/voluptate.jpeg.mpeg',61,NULL,2,'2019-12-01 13:46:07','2021-05-01 06:13:02'),(252,52,'http://kinopoisk.ru/photos/repellat.jpeg',36,NULL,1,'2018-09-03 03:55:33','2021-05-01 06:11:45'),(253,53,'http://kinopoisk.ru/videos/http://kinopoisk.ru/photos/exercitationem.jpeg.mpeg',143,NULL,2,'2011-08-22 02:40:19','2021-05-01 06:13:02'),(254,54,'http://kinopoisk.ru/photos/harum.jpeg',96,NULL,1,'2019-06-18 21:42:27','2021-05-01 06:11:45'),(255,55,'http://kinopoisk.ru/photos/http://kinopoisk.ru/photos/ut.jpeg.jpeg',36,NULL,1,'2016-08-04 17:55:04','2021-05-01 06:11:45'),(256,56,'http://kinopoisk.ru/photos/dolores.jpeg',145,NULL,1,'2018-11-13 18:08:57','2021-05-01 06:11:45'),(257,57,'http://kinopoisk.ru/videos/http://kinopoisk.ru/photos/autem.jpeg.mpeg',81,NULL,2,'2014-08-02 02:25:43','2021-05-01 06:13:02'),(258,58,'http://kinopoisk.ru/videos/adipisci.mpeg',35,NULL,2,'2012-10-25 13:50:24','2021-05-01 06:13:02'),(259,59,'http://kinopoisk.ru/videos/http://kinopoisk.ru/photos/aperiam.jpeg.mpeg',50,NULL,2,'2012-11-03 03:44:02','2021-05-01 06:13:02'),(260,60,'http://kinopoisk.ru/photos/repellat.jpeg',114,NULL,1,'2020-12-04 12:15:36','2021-05-01 06:11:45'),(261,61,'http://kinopoisk.ru/photos/http://kinopoisk.ru/photos/ut.jpeg.jpeg',126,NULL,1,'2020-08-21 10:30:34','2021-05-01 06:11:45'),(262,62,'http://kinopoisk.ru/photos/enim.jpeg',130,NULL,1,'2018-03-11 01:41:38','2021-05-01 06:11:45'),(263,63,'http://kinopoisk.ru/videos/http://kinopoisk.ru/photos/fugiat.jpeg.mpeg',83,NULL,2,'2019-08-25 22:18:40','2021-05-01 06:13:02'),(264,64,'http://kinopoisk.ru/photos/est.jpeg',169,NULL,1,'2014-05-02 05:33:21','2021-05-01 06:11:45'),(265,65,'http://kinopoisk.ru/videos/http://kinopoisk.ru/photos/rerum.jpeg.mpeg',29,NULL,2,'2020-12-29 12:20:31','2021-05-01 06:13:02'),(266,66,'http://kinopoisk.ru/photos/quibusdam.jpeg',43,NULL,1,'2015-01-11 22:58:19','2021-05-01 06:11:45'),(267,67,'http://kinopoisk.ru/videos/http://kinopoisk.ru/photos/eum.jpeg.mpeg',192,NULL,2,'2013-08-16 22:27:31','2021-05-01 06:13:02'),(268,68,'http://kinopoisk.ru/videos/aut.mpeg',132,NULL,2,'2012-08-17 11:34:13','2021-05-01 06:13:02'),(269,69,'http://kinopoisk.ru/videos/http://kinopoisk.ru/photos/reprehenderit.jpeg.mpeg',49,NULL,2,'2015-09-16 21:06:19','2021-05-01 06:13:02'),(270,70,'http://kinopoisk.ru/videos/quod.mpeg',23,NULL,2,'2013-01-13 23:08:02','2021-05-01 06:13:02'),(271,71,'http://kinopoisk.ru/photos/http://kinopoisk.ru/photos/et.jpeg.jpeg',178,NULL,1,'2013-03-04 11:10:34','2021-05-01 06:11:45'),(272,72,'http://kinopoisk.ru/photos/alias.jpeg',157,NULL,1,'2012-07-04 14:08:59','2021-05-01 06:11:45'),(273,73,'http://kinopoisk.ru/photos/http://kinopoisk.ru/photos/deleniti.jpeg.jpeg',85,NULL,1,'2014-01-24 18:52:06','2021-05-01 06:11:45'),(274,74,'http://kinopoisk.ru/photos/et.jpeg',162,NULL,1,'2012-05-18 10:53:55','2021-05-01 06:11:45'),(275,75,'http://kinopoisk.ru/photos/http://kinopoisk.ru/photos/aperiam.jpeg.jpeg',18,NULL,1,'2014-09-17 16:16:14','2021-05-01 06:11:45'),(276,76,'http://kinopoisk.ru/videos/perspiciatis.mpeg',84,NULL,2,'2016-10-26 22:36:54','2021-05-01 06:13:02'),(277,77,'http://kinopoisk.ru/videos/http://kinopoisk.ru/photos/fugit.jpeg.mpeg',116,NULL,2,'2021-01-11 05:00:26','2021-05-01 06:13:02'),(278,78,'http://kinopoisk.ru/photos/explicabo.jpeg',100,NULL,1,'2018-10-07 11:38:48','2021-05-01 06:11:45'),(279,79,'http://kinopoisk.ru/photos/http://kinopoisk.ru/photos/esse.jpeg.jpeg',150,NULL,1,'2011-06-19 06:18:36','2021-05-01 06:11:45'),(280,80,'http://kinopoisk.ru/photos/magnam.jpeg',9,NULL,1,'2013-03-14 07:15:54','2021-05-01 06:11:45'),(281,81,'http://kinopoisk.ru/photos/http://kinopoisk.ru/photos/incidunt.jpeg.jpeg',144,NULL,1,'2018-04-10 11:32:38','2021-05-01 06:11:45'),(282,82,'http://kinopoisk.ru/photos/optio.jpeg',150,NULL,1,'2020-10-11 05:09:18','2021-05-01 06:11:45'),(283,83,'http://kinopoisk.ru/photos/http://kinopoisk.ru/photos/eum.jpeg.jpeg',200,NULL,1,'2020-06-13 07:21:34','2021-05-01 06:11:45'),(284,84,'http://kinopoisk.ru/videos/reprehenderit.mpeg',22,NULL,2,'2017-05-09 11:27:55','2021-05-01 06:13:02'),(285,85,'http://kinopoisk.ru/photos/http://kinopoisk.ru/photos/neque.jpeg.jpeg',37,NULL,1,'2012-04-13 09:05:02','2021-05-01 06:11:45'),(286,86,'http://kinopoisk.ru/videos/reiciendis.mpeg',181,NULL,2,'2014-07-18 22:41:30','2021-05-01 06:13:02'),(287,87,'http://kinopoisk.ru/videos/http://kinopoisk.ru/photos/porro.jpeg.mpeg',36,NULL,2,'2013-03-16 09:36:30','2021-05-01 06:13:02'),(288,88,'http://kinopoisk.ru/videos/quo.mpeg',123,NULL,2,'2017-03-14 06:56:07','2021-05-01 06:13:02'),(289,89,'http://kinopoisk.ru/videos/http://kinopoisk.ru/photos/consectetur.jpeg.mpeg',165,NULL,2,'2011-11-30 09:59:28','2021-05-01 06:13:02'),(290,90,'http://kinopoisk.ru/videos/veniam.mpeg',186,NULL,2,'2014-06-17 16:19:13','2021-05-01 06:13:02'),(291,91,'http://kinopoisk.ru/videos/http://kinopoisk.ru/photos/dolore.jpeg.mpeg',49,NULL,2,'2019-03-29 13:12:52','2021-05-01 06:13:02'),(292,92,'http://kinopoisk.ru/videos/numquam.mpeg',71,NULL,2,'2016-01-08 00:12:54','2021-05-01 06:13:02'),(293,93,'http://kinopoisk.ru/photos/http://kinopoisk.ru/photos/quisquam.jpeg.jpeg',111,NULL,1,'2020-05-03 06:07:32','2021-05-01 06:11:45'),(294,94,'http://kinopoisk.ru/photos/velit.jpeg',135,NULL,1,'2018-08-22 03:52:58','2021-05-01 06:11:45'),(295,95,'http://kinopoisk.ru/photos/http://kinopoisk.ru/photos/sunt.jpeg.jpeg',124,NULL,1,'2020-01-05 19:31:08','2021-05-01 06:11:45'),(296,96,'http://kinopoisk.ru/videos/nemo.mpeg',64,NULL,2,'2017-07-06 15:05:01','2021-05-01 06:13:02'),(297,97,'http://kinopoisk.ru/photos/http://kinopoisk.ru/photos/omnis.jpeg.jpeg',15,NULL,1,'2020-04-27 08:34:46','2021-05-01 06:11:45'),(298,98,'http://kinopoisk.ru/videos/laborum.mpeg',146,NULL,2,'2014-12-27 18:38:33','2021-05-01 06:13:02'),(299,99,'http://kinopoisk.ru/photos/http://kinopoisk.ru/photos/laborum.jpeg.jpeg',159,NULL,1,'2020-06-13 22:10:06','2021-05-01 06:11:45'),(300,100,'http://kinopoisk.ru/photos/est.jpeg',72,NULL,1,'2015-06-22 16:10:22','2021-05-01 06:11:45');
/*!40000 ALTER TABLE `media` ENABLE KEYS */;
UNLOCK TABLES;

--
-- Table structure for table `media_types`
--

DROP TABLE IF EXISTS `media_types`;
/*!40101 SET @saved_cs_client     = @@character_set_client */;
/*!50503 SET character_set_client = utf8mb4 */;
CREATE TABLE `media_types` (
  `id` int unsigned NOT NULL AUTO_INCREMENT COMMENT 'Идентификатор строки',
  `name` varchar(255) CHARACTER SET utf8mb4 COLLATE utf8mb4_unicode_ci NOT NULL COMMENT 'Название типа',
  `created_at` datetime DEFAULT CURRENT_TIMESTAMP COMMENT 'Время создания строки',
  `updated_at` datetime DEFAULT CURRENT_TIMESTAMP ON UPDATE CURRENT_TIMESTAMP COMMENT 'Время обновления строки',
  PRIMARY KEY (`id`),
  UNIQUE KEY `name` (`name`)
) ENGINE=InnoDB AUTO_INCREMENT=3 DEFAULT CHARSET=utf8mb4 COLLATE=utf8mb4_unicode_ci COMMENT='Типы медиафайлов';
/*!40101 SET character_set_client = @saved_cs_client */;

--
-- Dumping data for table `media_types`
--

LOCK TABLES `media_types` WRITE;
/*!40000 ALTER TABLE `media_types` DISABLE KEYS */;
INSERT INTO `media_types` VALUES (1,'photo','2018-04-30 05:32:14','2021-05-01 06:20:19'),(2,'video','2013-02-26 09:29:59','2021-05-01 06:20:48');
/*!40000 ALTER TABLE `media_types` ENABLE KEYS */;
UNLOCK TABLES;

--
-- Table structure for table `movies`
--

DROP TABLE IF EXISTS `movies`;
/*!40101 SET @saved_cs_client     = @@character_set_client */;
/*!50503 SET character_set_client = utf8mb4 */;
CREATE TABLE `movies` (
  `id` int unsigned NOT NULL AUTO_INCREMENT COMMENT 'Идентификатор строки',
  `movie_name` varchar(255) CHARACTER SET utf8mb4 COLLATE utf8mb4_unicode_ci NOT NULL COMMENT 'Путь к файлу',
  `description` text CHARACTER SET utf8mb4 COLLATE utf8mb4_unicode_ci NOT NULL COMMENT 'Описание фильма',
  `country` varchar(130) CHARACTER SET utf8mb4 COLLATE utf8mb4_unicode_ci DEFAULT NULL COMMENT 'Страна происхождения',
  `movie_release_date` date DEFAULT NULL COMMENT 'Дата выхода фильма',
  `genre_id` int unsigned DEFAULT NULL,
  `created_at` datetime DEFAULT CURRENT_TIMESTAMP COMMENT 'Время создания строки',
  `updated_at` datetime DEFAULT CURRENT_TIMESTAMP ON UPDATE CURRENT_TIMESTAMP COMMENT 'Время обновления строки',
  PRIMARY KEY (`id`),
  KEY `movies_genre_id_fk` (`genre_id`),
  CONSTRAINT `movies_genre_id_fk` FOREIGN KEY (`genre_id`) REFERENCES `genres` (`id`) ON DELETE CASCADE
) ENGINE=InnoDB AUTO_INCREMENT=101 DEFAULT CHARSET=utf8mb4 COLLATE=utf8mb4_unicode_ci COMMENT='Фильмы';
/*!40101 SET character_set_client = @saved_cs_client */;

--
-- Dumping data for table `movies`
--

LOCK TABLES `movies` WRITE;
/*!40000 ALTER TABLE `movies` DISABLE KEYS */;
INSERT INTO `movies` VALUES (1,'Qui delectus deleniti.','Dolor consequuntur consequatur vitae voluptatem quas sunt ducimus. Doloribus ullam eum recusandae.\nQuis fugit illo mollitia enim qui. Voluptate et quae rerum provident et delectus. Non non ut sint omnis fugiat.\nNostrum rerum recusandae omnis reprehenderit distinctio. Ex pariatur recusandae aut ullam exercitationem laboriosam. Voluptatem rerum suscipit praesentium assumenda.','South Africa','1974-12-21',1,'2021-03-16 08:38:48','2021-05-01 05:24:10'),(2,'Voluptatum quo.','Ut unde ipsa voluptatem id debitis deleniti et. Ullam laudantium consectetur quidem est.\nAliquid qui accusantium atque natus mollitia aut quos quo. Magni quibusdam repellat enim atque voluptatem. Sunt vitae voluptatem itaque illo inventore repellat asperiores.','San Marino','1982-02-08',1,'2012-02-02 17:41:56','2021-05-01 05:45:12'),(3,'Vel sint.','Quisquam temporibus nulla rerum dicta. Voluptatum voluptatem doloremque nemo et. Ut quo necessitatibus minima.\nExcepturi neque et ducimus et quibusdam ut modi. Alias accusamus ipsum laborum perspiciatis error ullam. Et cum adipisci tempore veritatis. Voluptatem adipisci et cum voluptatem pariatur autem eius.','Tunisia','1977-08-25',6,'2016-06-04 13:34:13','2021-05-01 05:45:12'),(4,'Fuga aut.','Eum omnis inventore quis accusamus. Quo minima accusamus voluptate voluptas inventore non. A corrupti veritatis numquam reprehenderit et. Voluptas exercitationem non sunt repellat aut.\nFuga voluptatem quia molestiae velit laboriosam est deserunt porro. Sit veritatis neque deleniti aut nemo maxime atque. Ut dolorem vitae voluptates. Aliquid saepe quam cum nesciunt ut.','Christmas Island','2012-10-15',3,'2020-10-06 06:56:07','2021-05-01 05:45:12'),(5,'Doloribus qui.','Rerum tempora perferendis eaque corrupti. Non aut vero similique est accusamus vero. Distinctio et et rerum excepturi. Velit molestiae ab ut excepturi aliquam et.\nDolores voluptate ut similique. Tenetur dolorem rem quidem quis quos natus. Ullam numquam non porro tenetur.','Egypt','1992-11-14',3,'2014-11-22 09:06:04','2021-05-01 05:45:12'),(6,'Unde necessitatibus illum.','Adipisci et quasi et aliquam vel odio ut. Laboriosam voluptatem eum aut vitae. Cum nesciunt saepe optio maxime voluptatem modi. Ea qui iste quo ducimus.\nDelectus repellendus ipsum dicta veritatis unde. Et assumenda laboriosam dolore numquam non. Saepe quas voluptas et aliquam qui sit voluptatem pariatur.','Angola','2012-12-21',5,'2012-01-23 16:07:33','2021-05-01 05:45:12'),(7,'Autem sapiente.','Ullam laboriosam maiores consequatur minus repellat in quam. Pariatur qui blanditiis et sapiente. Voluptatem corrupti perspiciatis et voluptatem.\nSoluta omnis id et. Consequatur voluptatem autem quo consectetur placeat sequi et. Et excepturi sed officiis ea ea quisquam.','Brunei Darussalam','1975-05-18',4,'2015-12-02 14:50:40','2021-05-01 05:45:12'),(8,'Quibusdam qui.','Voluptatem provident iure eveniet. Doloremque et aspernatur dignissimos dignissimos et animi. Velit eaque eos deserunt aliquam id magnam aut. Accusamus earum quam officia est.\nAccusamus et voluptas ullam numquam magni quia. Cum quis esse occaecati totam sed. Dignissimos cumque id maxime ad eum.\nDolorum hic consequatur libero. Quis incidunt beatae ab sit. Sequi atque quisquam laborum placeat.','Djibouti','1985-09-24',6,'2020-07-04 18:17:44','2021-05-01 05:45:12'),(9,'Ut provident.','Doloribus debitis quasi earum nihil quia quia officiis. Quia ut quo porro voluptatem est cupiditate mollitia.\nIn fuga esse rerum voluptatem. Dolorum esse quaerat ab quam aut voluptatem culpa. Praesentium similique sed qui ad molestias. Voluptas eum ut esse est sed est qui.','Isle of Man','1978-01-17',4,'2020-09-24 12:29:01','2021-05-01 05:45:12'),(10,'Voluptatem possimus.','Itaque consequatur et voluptas unde quia amet. Fugiat consectetur perspiciatis explicabo similique. Perferendis qui quasi sunt in et. Voluptates odio facere corrupti nihil fugit doloremque.\nQui libero omnis explicabo eaque quia et aut. Harum ullam atque vero libero ipsa nesciunt. Qui soluta vitae non sint quis et iste. Quia cumque eos quia aut qui.','Antarctica (the territory South of 60 deg S)','1970-01-12',2,'2015-07-02 19:02:01','2021-05-01 05:45:12'),(11,'Natus amet.','Et voluptatibus velit ullam quia iusto. Possimus earum cum cumque eius. Eveniet quibusdam ullam perferendis. Dolorum voluptas quo aut qui.\nAperiam est et quidem sapiente minima qui adipisci. Dolorem qui modi consequatur qui quam distinctio. Porro eaque accusamus ab quaerat.','Netherlands Antilles','2004-07-19',5,'2017-11-05 09:18:01','2021-05-01 05:24:10'),(12,'Maxime et sit.','Aut consequuntur saepe minima explicabo iure quod. Perferendis facilis non eligendi ex ut. Voluptatum hic modi velit nemo. Et omnis et reprehenderit.\nVoluptate est molestiae aut saepe. Omnis pariatur voluptates et hic rem dolor. Iusto commodi nisi qui ut excepturi occaecati.','Suriname','1989-04-09',1,'2013-11-29 15:09:28','2021-05-01 05:45:12'),(13,'Adipisci placeat odio.','Earum quaerat atque ad consequatur in voluptatem expedita. Autem quia a voluptatem aspernatur. Consectetur ea molestiae vel libero aut cum dignissimos.\nId iste consequuntur illo consequatur. Dicta vel excepturi error. Dolorem omnis mollitia saepe rerum corrupti provident laborum. Vel perspiciatis praesentium in ad aut.','Zambia','1986-03-24',5,'2015-03-23 07:50:18','2021-05-01 05:45:12'),(14,'Debitis laboriosam.','Numquam in qui tempore suscipit reprehenderit nesciunt quibusdam et. Eaque nihil amet assumenda accusamus cum sed.\nAdipisci nihil ut occaecati fugiat. Dolorem sint fuga recusandae id nesciunt nemo vel. Tempore natus officia ipsum sint. Tenetur sunt soluta velit voluptate rerum.','Togo','2018-03-16',4,'2017-10-30 14:28:09','2021-05-01 05:45:12'),(15,'Fugiat molestias.','Aut aliquam excepturi voluptates nisi voluptas. Corporis rem non cumque consequuntur ad quod. Voluptas voluptates vel molestias et adipisci iste voluptatum. Aut id esse aut voluptatum vel itaque.\nEt voluptas quia facere modi. Consequatur aliquid animi quam autem. Laudantium labore at sunt porro rerum.','Nauru','1987-02-24',6,'2014-11-25 22:37:06','2021-05-01 05:45:12'),(16,'Harum libero.','Tempora ea ipsam sunt vel consequatur officia velit ut. In quia natus magni. Ea harum ducimus voluptatum id esse consequatur fugiat. Quis eligendi natus aliquam et architecto nostrum sit.\nAliquam temporibus qui dicta consequuntur maxime quis. Ut soluta ad voluptates fugiat. Quia totam beatae est doloribus omnis laborum rem qui. Et ad nostrum omnis nam in suscipit nisi et.','Montserrat','1983-11-08',1,'2016-07-11 10:30:11','2021-05-01 05:45:12'),(17,'Eius dolores.','Quasi nihil error odio dolores laborum consequatur autem et. Voluptatem itaque repudiandae repellendus mollitia non incidunt. Reiciendis est error provident.\nPariatur aut officiis voluptatem aut quis veniam autem. Rerum id fuga molestiae. Eaque vero temporibus a aut.','Kazakhstan','1993-12-15',2,'2017-06-12 21:44:10','2021-05-01 05:45:12'),(18,'Illo illum qui.','Autem quia beatae dolore ipsam id sit. Quae eum dolorum itaque nobis tempore. Enim eius ut eius quibusdam eveniet dolores quia. Blanditiis architecto vel neque cum velit autem.\nQui cumque a ab voluptate. Debitis aut perspiciatis ut quia dolorem ea eum. Repellat quos ut neque vero. Quia quis id est.','Reunion','2005-09-06',1,'2015-05-16 14:01:14','2021-05-01 05:45:12'),(19,'Nostrum a.','Ut culpa voluptatibus non assumenda in. Dignissimos quia reiciendis id eum quam voluptates itaque. Nihil sit amet et illum qui assumenda temporibus. Odio vitae omnis atque. Aut quod est odio ex explicabo.\nAut placeat omnis qui exercitationem eum optio consequatur. Nihil dolore dolorum natus eos mollitia iure. Nihil et quis adipisci et et ea possimus.','United States Virgin Islands','1978-11-16',3,'2014-01-30 02:45:23','2021-05-01 05:45:12'),(20,'Reprehenderit inventore in.','Nisi enim molestiae omnis laboriosam. Est corrupti perspiciatis eius dolor tenetur deserunt. Non quis et qui ea sed.\nDicta aliquam et ab quasi consequatur adipisci. Inventore minima est est. Rem et iusto exercitationem aliquam quidem id quo. Quis cumque quibusdam aperiam omnis sed recusandae.','Marshall Islands','1994-04-21',5,'2014-09-22 11:52:53','2021-05-01 05:45:12'),(21,'Sunt quo.','Vero minus quo eaque voluptas laborum dolorem. Dolores quas rem consequuntur dolor molestias. Nesciunt totam distinctio tempora nam facere adipisci aliquid. Error minima maiores perferendis aut cum sit.\nLaborum est sit sit est at. Eligendi nemo modi provident.','Morocco','1983-06-25',6,'2017-03-27 02:01:08','2021-05-01 05:45:12'),(22,'Ea corrupti.','Blanditiis cupiditate doloremque perspiciatis commodi ut et. Assumenda incidunt sunt repellat ipsa minima ullam magnam. Expedita minima molestiae eos repudiandae consequatur tenetur. Accusantium officia qui eaque sequi.','Israel','2000-03-24',2,'2012-08-28 08:43:40','2021-05-01 05:45:12'),(23,'Molestias et placeat.','Quaerat et dolorem aspernatur cupiditate magnam ut autem. Aut maxime id tenetur nihil minus.\nExplicabo modi sunt non quo. Repudiandae iste ut delectus ad eos quia ipsam soluta.\nVelit quas commodi beatae praesentium aut. Numquam unde aliquam delectus. Rerum laboriosam sequi enim itaque. Consequatur laborum odio magni quod.','Czech Republic','2019-11-08',5,'2019-12-27 12:53:02','2021-05-01 05:24:10'),(24,'Recusandae ipsum eius.','Nesciunt suscipit quis et reprehenderit. Ea quisquam perspiciatis error deserunt delectus.\nDolores odio officia ex accusantium illo fugit omnis. Unde quibusdam sapiente beatae dolor nobis praesentium et. Enim voluptatem qui id illum at quis.','Kazakhstan','2015-10-07',6,'2016-07-18 15:59:46','2019-02-14 08:47:36'),(25,'Molestiae qui magni.','Explicabo vero omnis ratione qui vel et dolores autem. Quia quam adipisci quis. Voluptatem minima qui et ut ut. Et eum aut nulla suscipit doloremque consequuntur animi aliquid.\nRepellat aperiam consequuntur excepturi quia earum et expedita. Ratione est possimus esse qui. Quisquam totam sequi molestiae dicta hic fugiat asperiores aliquam.','Northern Mariana Islands','1987-01-30',3,'2015-06-13 11:45:19','2021-05-01 05:45:12'),(26,'Consequatur ducimus.','Magnam qui qui dolores earum sit. Et sed recusandae iusto sunt esse alias consequatur fugiat. Aut nobis tenetur dolor qui enim ducimus. Et necessitatibus porro placeat omnis voluptatibus unde quos.\nOccaecati dolores aut ut doloribus. Cupiditate porro tempore omnis doloremque laboriosam quia. Voluptate nesciunt ut veritatis ipsa. Commodi consequatur nihil qui consequatur.','Yemen','1989-02-18',6,'2017-06-14 15:49:30','2021-05-01 05:45:12'),(27,'Commodi ipsum.','Amet impedit molestiae at tempora. Sit voluptate exercitationem est qui sed. Omnis soluta non quisquam veritatis.\nCorporis amet eos aut aut. Et quaerat est magnam quis ipsam et. Et fugiat magnam consequuntur quo. Laboriosam odio quis incidunt nisi.','Honduras','2015-10-23',3,'2019-07-21 18:14:53','2021-05-01 05:24:10'),(28,'Perferendis dolores.','Accusamus a aut ut pariatur quasi quis libero. Nemo numquam officiis tempora. Excepturi voluptatem consequuntur voluptas unde vero et. Sint magni exercitationem natus pariatur voluptatem.\nSed ad minima voluptas et tempore expedita. Voluptas perferendis maxime impedit. Dolorem placeat reprehenderit dolor corrupti. Aliquam ab iure dolorem veniam. Nam eligendi et magnam.','Mauritius','1979-09-09',4,'2015-05-12 03:36:08','2021-05-01 05:24:10'),(29,'Odio rerum quos.','Eaque officia perferendis totam voluptates et quia voluptatem omnis. Aut in aut et fugiat consequuntur quam soluta. Non expedita maiores minus est. Excepturi at temporibus natus nam.\nCorrupti placeat sit deleniti ut facilis. Architecto eum ut dolorum sapiente ad. Molestias consectetur sint recusandae qui qui est tempora.','Svalbard & Jan Mayen Islands','2011-07-13',3,'2015-04-27 19:47:32','2021-05-01 05:45:12'),(30,'Omnis nulla optio.','Molestiae placeat et voluptas omnis eveniet molestias nostrum. Corrupti velit sunt ut qui. Ducimus adipisci fugit est dolor error. Dolorem provident nesciunt dignissimos veritatis.\nTenetur dolorum aperiam quo maxime fuga. Amet qui facere ad harum. Qui atque reprehenderit earum laborum sed voluptatibus in dolor.','Malta','2013-09-11',3,'2012-12-28 07:15:02','2021-05-01 05:45:12'),(31,'Voluptatem suscipit ipsa.','Qui suscipit adipisci ut. Consectetur corporis delectus ab necessitatibus eaque. Consectetur repudiandae quia minima officiis dolor inventore. Voluptatem odit ut quae maiores voluptas pariatur laboriosam.','Saint Pierre and Miquelon','2001-10-31',2,'2015-01-31 18:33:14','2021-05-01 05:45:12'),(32,'Voluptatibus impedit dicta.','Consequatur sunt alias et ipsam voluptatibus. Aut aut aut enim dignissimos. Numquam ut ut error enim doloremque sit.\nNumquam est est nobis cumque tempore. Consequatur eaque vero nam omnis exercitationem. Nam in pariatur sint culpa velit laborum.','Saudi Arabia','1975-03-23',3,'2017-01-31 01:03:28','2021-05-01 05:45:12'),(33,'Dolorum cupiditate ipsam.','Non quibusdam sed iure alias reprehenderit eum possimus. Qui qui voluptatibus voluptates est laudantium. Numquam rem eum voluptatem consequuntur. Voluptatem quis quia accusamus deleniti nam.\nCulpa alias ut laborum voluptatem aut. Voluptas sunt repellat ipsum et qui. Ducimus sed quia delectus autem inventore et eum.','Thailand','1996-12-02',5,'2011-07-18 17:15:21','2021-05-01 05:45:12'),(34,'Qui non repellendus.','Quod dolores laudantium fugiat assumenda. Rem necessitatibus nobis et maxime nihil facere sapiente. Architecto cumque quos dolor. Soluta molestiae amet amet unde sunt.\nSit quia consequuntur excepturi reiciendis quia qui rerum eligendi. Molestiae aut laboriosam tempora consequuntur officia voluptatem vitae. Doloremque et odit atque perspiciatis accusamus.','Ghana','1973-02-28',3,'2016-10-24 09:39:04','2021-05-01 05:45:12'),(35,'Ipsa tempore architecto.','Unde dolor nobis facilis consequatur itaque blanditiis. Quod qui aut molestiae dignissimos pariatur vero. Ea vero enim eos ut laborum labore voluptates.\nAut dolore quia nisi possimus ea officiis est. Quo eum ea molestias adipisci aut. Voluptas saepe nam accusantium aut. Maiores ad magnam ut autem ut accusantium sit.','Faroe Islands','2010-12-27',6,'2013-03-05 00:47:22','2021-05-01 05:45:12'),(36,'Et quia.','Error est porro quia aut. Accusantium aut voluptatum non iusto iste est nihil. Sint quo debitis quis iure tempore.\nConsequatur facilis sequi consequatur corrupti molestiae quam. Eos et eius eligendi magni nisi delectus deleniti qui. Saepe ipsa quisquam nesciunt nihil veniam voluptas. Facere dolorum ut dolorum doloribus quam molestiae.','Czech Republic','1975-11-07',4,'2014-02-18 07:29:45','2021-05-01 05:45:12'),(37,'Et laborum.','Sit quis aut aliquam ipsam et. Itaque quo sed excepturi velit quo sunt molestiae. Explicabo iste cum illum commodi omnis explicabo. Fugit sequi consequatur qui est omnis nihil doloribus dolore.\nEum ut ipsum facilis nulla in. Aut distinctio sunt delectus. Nulla et ea nihil aut voluptatem magnam quisquam asperiores.','American Samoa','2009-04-15',5,'2017-12-26 07:40:40','2021-05-01 05:45:12'),(38,'Dolor non.','Quibusdam ad nesciunt ea voluptatem est. Eaque et quos sed architecto saepe consequatur illum. Pariatur doloremque animi pariatur quibusdam. Sit id dignissimos error sunt eligendi. Reprehenderit facere quo facilis et.\nQui praesentium et quo necessitatibus veniam soluta ipsa. Veritatis a aliquid similique. Cupiditate sed consectetur sed qui enim. Quo occaecati quia eveniet laboriosam velit.','Libyan Arab Jamahiriya','1970-02-28',6,'2013-03-03 20:44:44','2021-05-01 05:45:12'),(39,'Et quia eius.','Quo assumenda molestias architecto repellendus. Vitae est architecto voluptate ut. Quia et non natus vitae.\nPlaceat consequatur amet sint quia. Modi eligendi qui voluptatem. Molestiae dolor eius dignissimos animi.\nCommodi doloremque non maxime voluptatem at provident. Enim exercitationem neque laborum illum laudantium. Incidunt officiis quam qui ad. Optio explicabo saepe sapiente delectus.','Russian Federation','1979-10-15',3,'2019-11-18 05:07:54','2021-05-01 05:24:10'),(40,'Ipsum ab.','Deserunt corrupti repellat sint id placeat numquam. Error est earum qui fugiat. Non sed aut voluptatem perspiciatis nam sint.\nSed corporis exercitationem et in qui autem in. Excepturi consequatur quis omnis excepturi maiores. Qui aut reprehenderit omnis vitae.\nAliquid enim aut omnis maiores provident. Laborum quos temporibus omnis at praesentium. Rerum nihil officia vel suscipit praesentium.','Cayman Islands','1970-07-30',2,'2016-10-22 07:46:15','2021-05-01 05:45:12'),(41,'Fugiat quas.','Repellat quae ullam omnis beatae ut. Libero voluptatem excepturi optio impedit autem inventore non. Molestiae sit est adipisci eveniet ipsam sint. Perferendis eos natus culpa ad dicta aliquid.\nSint praesentium voluptas id delectus impedit sequi voluptates. Accusantium magnam sunt perspiciatis qui hic. Totam nulla aut voluptatibus ullam.','Cambodia','2017-02-08',6,'2017-06-25 17:58:25','2021-05-01 05:45:12'),(42,'Ut repellat.','Perspiciatis necessitatibus veritatis voluptatibus repudiandae tenetur sequi. Aut sit consequatur voluptatum et sint totam commodi. Vel omnis quas voluptatum minima vel dignissimos ut.\nEarum ipsa quia sit quis. Quod ut aperiam est rerum sunt aut. Fugiat voluptatem est adipisci illo commodi earum perferendis.','Western Sahara','1974-11-22',2,'2012-03-15 20:30:48','2021-05-01 05:45:12'),(43,'Rerum sit.','Dolorem quia ducimus quos. Dolorem perferendis ut eos sed.\nInventore minima magnam molestiae commodi. Dolorem pariatur magni voluptate. Enim soluta reprehenderit nulla cumque.\nEa quae quam ipsum ratione voluptatum. Magnam in placeat dolorem quidem deleniti consequatur voluptas laborum. Consequuntur omnis dolor nihil ea vero et modi. Quia ullam totam est eos fuga.','Taiwan','1981-04-07',2,'2015-05-08 19:13:47','2021-05-01 05:45:12'),(44,'Itaque ratione et.','Sed sint rem in. Quia facere et quis maxime accusantium magni fugit doloremque.\nQuaerat tenetur corporis illum excepturi quas nulla. In mollitia et et est. Dolor sit distinctio alias explicabo dolorum. Cumque ratione inventore tempore sed ullam molestias eos.','Saint Lucia','1991-08-10',5,'2012-03-14 16:38:01','2021-05-01 05:45:12'),(45,'Reiciendis saepe.','Possimus magni veniam voluptas qui est. Molestiae reprehenderit qui tempore magnam amet autem ea mollitia. Sit beatae illo itaque in.\nNam illum nam ea nulla mollitia. Asperiores alias qui ut neque. Asperiores totam non qui facere tempore quisquam qui ipsa.','Gibraltar','1987-03-05',6,'2020-02-09 09:16:27','2021-05-01 05:45:12'),(46,'Voluptate ut.','Dolorum sapiente doloremque reprehenderit qui. Quia officia consequuntur quas sapiente praesentium. Voluptates minima aut magnam impedit.\nQuis natus expedita cum quia. Velit ipsam in tempora iste dolores.','Zimbabwe','1984-07-27',1,'2013-10-03 08:14:58','2021-05-01 05:45:12'),(47,'Iure aperiam.','Delectus nemo quibusdam qui autem consequatur. Illo qui vel perferendis expedita iste eveniet placeat.\nEligendi accusamus hic ut dolorem in est explicabo earum. Recusandae facere amet molestiae saepe saepe quasi deleniti. Voluptas hic provident sit nihil quas pariatur. Iure omnis unde dicta qui dicta soluta facilis aliquid.\nNisi quo eos id ab ut fugiat. Voluptate aliquam ratione veritatis.','Liberia','1971-07-23',4,'2019-10-13 06:06:45','2021-05-01 05:45:12'),(48,'Sit fugit ut.','Ut autem est pariatur qui non est. Quas totam tempora repudiandae eaque sed omnis quis.\nAutem autem quos molestias officia ipsum. Mollitia placeat excepturi vitae quo debitis iure eveniet in. Rerum eos et dicta exercitationem quia et rerum possimus.\nAut repellendus cum in placeat id dolores vel. Deleniti voluptas iste assumenda autem debitis. Et doloribus rerum voluptas delectus consectetur quod.','Turkey','1972-11-10',5,'2016-11-12 01:14:52','2021-05-01 05:45:12'),(49,'Vero ut.','Dolor magni cum cupiditate similique. Et et optio omnis aut ab vel. Autem consequuntur natus cupiditate corporis accusamus consequuntur velit. Maiores eos maiores libero numquam est delectus beatae.\nPerferendis rerum perferendis animi voluptatem rerum neque. Impedit quam accusamus quo aut. Voluptas excepturi est architecto nihil.','Christmas Island','1998-09-05',5,'2015-05-15 18:26:17','2021-05-01 05:45:12'),(50,'Ut id.','Velit quia aut omnis sint rerum. Sed esse rerum cumque natus itaque.\nEt autem veritatis velit consequatur laborum provident. Aspernatur nemo rem eius mollitia sunt nisi et. Consequuntur totam dolorem quae atque corporis. Expedita consectetur nihil commodi perferendis sint illum rerum molestias.','Gabon','1996-12-16',4,'2013-07-20 07:44:41','2021-05-01 05:45:12'),(51,'Enim et aut.','Ducimus quis provident impedit molestias. Hic omnis repudiandae accusamus commodi eligendi. Minus voluptatem dicta at rerum aut amet.\nDoloremque aut eligendi illo excepturi odit optio. Facilis labore optio nulla sit nihil et dolorem. Laboriosam dolor a placeat libero nihil non eos. Provident tempore sint voluptas architecto. Non sint est culpa rerum labore doloremque.','South Georgia and the South Sandwich Islands','1972-10-08',5,'2014-10-02 11:09:00','2021-05-01 05:45:12'),(52,'Voluptatibus dolores.','Animi aspernatur et perferendis id nam nihil. Dolorem quo possimus sapiente porro illum. Ipsum nulla accusamus nulla deleniti assumenda.\nQui deserunt velit quibusdam omnis explicabo. Quo sequi autem est quo voluptate perspiciatis vel. Autem rerum ut dignissimos quasi voluptas cum. Libero modi occaecati eaque quidem rem et rerum.','Israel','1999-04-28',2,'2020-02-15 06:05:50','2021-05-01 05:45:12'),(53,'Facere nisi.','Quia corrupti et et. Ipsam et similique nesciunt. At quam sunt velit ut qui in. Distinctio iste dignissimos est voluptas consequatur reiciendis veniam porro.\nPlaceat delectus at ducimus eveniet delectus ut. Ipsum sunt officiis nihil in nam et. Quaerat et magnam nostrum vitae. Dolores optio repellat voluptas possimus.','Swaziland','1993-10-21',5,'2013-10-12 12:17:17','2015-07-26 16:20:40'),(54,'Aperiam eligendi.','Quaerat voluptatem magni voluptatem nihil dolores sunt. Culpa voluptas laboriosam excepturi vel qui possimus facilis. Consectetur deserunt rerum libero. Incidunt quisquam ut dignissimos quo dolor delectus. Et debitis eligendi hic voluptas eligendi voluptatem quisquam.','India','2020-11-11',2,'2018-11-02 13:16:21','2021-05-01 05:45:12'),(55,'Dolorem aperiam saepe.','Quis totam qui beatae molestiae id esse et eos. Sit repellat aliquid et est. Rerum sit doloribus non autem minima.\nDucimus occaecati quo qui ea dolorem maiores perferendis. Exercitationem qui molestiae recusandae aliquid. Porro recusandae nostrum quidem maiores voluptas.','Slovenia','1996-01-01',1,'2020-05-30 06:29:32','2021-05-01 05:24:10'),(56,'Autem dolores voluptas.','Cupiditate quo corporis excepturi vitae expedita eligendi dolore nisi. Expedita dolorem doloribus velit. Officia distinctio itaque animi voluptatum.\nEx veniam qui laboriosam ratione consequatur qui maiores. Earum consectetur consequatur labore quisquam. Quidem voluptatem ab qui iusto maxime sed.','Guatemala','2018-08-27',6,'2014-03-05 22:36:28','2021-05-01 05:45:12'),(57,'Sed est.','Officia reiciendis nobis et quod rerum aut. Quod nihil quibusdam et necessitatibus eligendi error. Maxime sequi aut maiores et.\nUt nesciunt minus corporis laborum. Ut harum cupiditate velit neque. Amet porro laboriosam nulla nostrum est fuga architecto.\nImpedit rerum et sit quia. Dolorem consectetur sit velit aut quia. Sint dolorem ullam repellendus et voluptatem est.','Brunei Darussalam','2019-03-09',5,'2017-09-11 11:43:23','2021-05-01 05:45:12'),(58,'Voluptas autem.','Laudantium quas impedit laudantium et. Distinctio iure aut qui eveniet praesentium autem. Possimus expedita vel aut veniam exercitationem.\nEt reprehenderit vitae aut aliquam unde beatae. Dicta nihil odio culpa sapiente quis. Modi neque magnam et architecto qui quidem. Occaecati molestiae cumque tempore.\nDolor quae vel voluptatem repellendus qui quibusdam sunt. Quod iusto aperiam ratione iste qui.','Lao People\'s Democratic Republic','2006-10-29',1,'2019-07-27 07:55:28','2021-05-01 05:45:12'),(59,'In eveniet sit.','Veniam quod voluptas sint dignissimos voluptas libero ea. Voluptas quibusdam nostrum rerum.\nUt laboriosam libero ut nihil eos. Hic temporibus autem impedit quas. Ut esse saepe adipisci illum id voluptas libero. Pariatur repellat necessitatibus provident ea.','Malta','1979-09-16',2,'2013-06-13 12:47:22','2021-05-01 05:45:12'),(60,'Harum quam.','Voluptas natus voluptas in id aut itaque vel esse. Sapiente velit soluta in magnam. Necessitatibus explicabo ipsa illum debitis qui quas beatae.\nQuo sit numquam id. Reprehenderit consequuntur molestias possimus et. Natus deserunt doloribus est provident dolor sunt qui.','Netherlands','1975-01-09',2,'2014-01-07 01:04:13','2021-05-01 05:45:12'),(61,'Aspernatur aut est.','Molestias non consequatur vitae beatae. Incidunt sed ut quibusdam harum labore voluptas rerum. Voluptatem ratione nisi fuga accusamus distinctio.\nAut animi non eligendi et ut ducimus neque. Molestiae earum ad et dolor. Nemo libero vel magnam illo reiciendis odit. Quia inventore et et et aut.','South Africa','2011-04-19',1,'2012-07-09 14:42:52','2016-05-28 22:44:14'),(62,'Adipisci excepturi est.','Harum ad et ducimus suscipit omnis corporis. Impedit id corrupti dicta. Iste quibusdam ratione numquam eos. Veritatis perspiciatis qui velit porro odit eaque.\nLabore eveniet natus eos ad. Earum tenetur ut soluta repellendus nulla labore ut. Quia tempora quos sit nemo quam iusto. Non fugiat illo ut quibusdam animi. Nemo harum quia molestias omnis.','Sao Tome and Principe','1982-10-23',6,'2019-04-14 01:06:42','2021-05-01 05:45:12'),(63,'Quo atque impedit.','Tempore debitis quo autem provident necessitatibus quas occaecati. Molestiae quae soluta ratione soluta distinctio. Occaecati nisi hic velit.\nId consequatur inventore qui consequatur et. Iste sequi blanditiis et libero fugit et eaque. Error ut a exercitationem impedit possimus impedit. Rerum nobis hic consequatur.','Iceland','2001-08-06',2,'2018-05-03 12:01:57','2021-05-01 05:45:12'),(64,'Impedit voluptatum.','Voluptates dolorem numquam cum quas enim unde. Suscipit animi debitis illo quia voluptatibus. Ex nihil molestiae impedit assumenda minus iusto minima minima. Reiciendis explicabo sint atque nobis fugit aut.\nCommodi saepe reprehenderit hic eum. Accusamus dignissimos quaerat provident nihil aut sint aut. Cupiditate quo soluta amet.','San Marino','2001-04-22',5,'2021-04-05 12:00:27','2021-05-01 05:45:12'),(65,'Eos molestias ab.','Qui eos quo laborum libero quia dolores rerum ut. Eius et nostrum harum dolore.\nQui qui excepturi unde voluptas molestiae neque est. Animi et est delectus ea velit minus veniam. Enim consequatur mollitia dignissimos laboriosam voluptas eum libero.','Belize','1977-05-25',2,'2018-10-20 15:58:54','2021-05-01 05:45:12'),(66,'Temporibus id.','Et saepe at aliquam ipsum. Perspiciatis qui id nihil id voluptatum vel. Magni voluptas laborum ex. Saepe maxime sequi et sunt.\nAperiam deserunt doloremque et sed enim quae corrupti fugiat. Et non tempora accusamus quo eligendi iste rerum. Enim animi ut voluptatem doloremque. Facere voluptatem similique tempore incidunt nobis nostrum.','Kyrgyz Republic','1981-06-17',3,'2018-05-05 18:00:01','2021-05-01 05:45:12'),(67,'Distinctio et perspiciatis.','Velit omnis laudantium tenetur consectetur est vel. Assumenda adipisci est molestiae tempore est vitae. Ut quas aut quia corporis voluptatem aliquid autem rerum.\nEt et iste voluptas voluptas aut amet sint. Sed quam cupiditate sed. Beatae omnis dolore iusto officia rem.','Antigua and Barbuda','1982-08-26',5,'2020-02-06 11:54:40','2021-05-01 05:45:12'),(68,'Ducimus praesentium eos.','Sit reiciendis et magnam. Ut id quidem eum ut et et nisi. Consequatur recusandae et at debitis fugiat.\nAnimi ab autem recusandae enim. Reiciendis in minima voluptate reprehenderit aspernatur sapiente. Maxime odit maxime commodi molestias sequi quo.','Paraguay','1980-06-04',3,'2017-03-18 22:38:00','2021-05-01 05:45:12'),(69,'Sunt fugiat.','Ex explicabo sit ut laboriosam quia voluptate dolorum. Eum consequatur doloribus et ipsa voluptate corporis labore. Velit libero amet sed est pariatur qui et.\nVoluptas reiciendis dolore veniam corporis autem qui perferendis. Rem omnis aut officiis aliquid quia. Id sed cumque cumque illo corporis perspiciatis a. Quis laboriosam eius quo voluptas rerum quia libero.','Tunisia','2000-01-05',5,'2019-06-02 19:47:10','2021-05-01 05:45:12'),(70,'Repellat est est.','Sit odio ut sunt voluptatem. Ab laborum quae iure consequatur. Tempora placeat aliquam culpa sint veritatis fugiat. Ut magni officiis dolorem quisquam consectetur officiis voluptatem.\nOfficiis saepe nobis cumque esse rem illo. Et dolores sint consequatur et ducimus. Optio in consectetur consequatur aut mollitia.','Antigua and Barbuda','1986-07-05',2,'2019-06-04 15:46:27','2021-05-01 05:45:12'),(71,'Perspiciatis quod.','Aut quia cumque adipisci inventore consequuntur. Cum facilis iste ea non est consectetur sed odit. Dicta ut odio et nam exercitationem sequi esse quos.\nEst sint debitis doloribus dolor unde et. Cupiditate minima itaque tempora quia placeat consectetur inventore. Adipisci dolor aspernatur qui perferendis.','Moldova','1982-05-08',1,'2012-11-20 06:02:13','2021-05-01 05:45:12'),(72,'Eveniet architecto.','Qui molestiae consequatur nihil voluptatem nihil dolore perspiciatis et. Aspernatur molestias aspernatur tenetur expedita nesciunt velit. Cum magni aut quis sed unde ad et. Corporis cupiditate dolores commodi ea pariatur provident enim. Quo aspernatur sit minima ut ut et vero.','Kazakhstan','1976-10-17',6,'2021-03-08 19:34:04','2021-05-01 05:24:10'),(73,'Consequuntur soluta consequatur.','Incidunt ratione voluptatem et voluptas iusto deleniti. Et tenetur eligendi cupiditate molestias quia et. Quos soluta nostrum culpa sunt rerum qui saepe. Necessitatibus corporis voluptatum nihil aut deleniti.\nDignissimos deleniti a sit eos. Perferendis in earum facilis accusantium. Ut saepe id culpa veniam et omnis occaecati.','Moldova','1994-12-11',6,'2020-09-28 11:31:43','2021-05-01 05:45:12'),(74,'Nam fugit.','Ab veniam aut voluptas vel. Aliquam nulla assumenda voluptas dolorum quod. Officia quia non voluptate distinctio. Qui velit quis deserunt aut facilis.\nRatione incidunt eveniet placeat. Vero ducimus velit nulla exercitationem tempora eius. Aut harum provident voluptatum ad aut.','Gambia','1995-10-15',5,'2018-04-21 01:22:42','2021-05-01 05:45:12'),(75,'Dolor iusto ratione.','Non omnis aut eos iste. Vel consequatur laboriosam consequatur debitis inventore. Fugiat dolor ut quam aut sapiente aut.\nQui vitae eaque commodi neque. Nesciunt veritatis dolorem culpa natus voluptas mollitia.\nAmet aspernatur qui aperiam eligendi voluptatem totam aut. Odio voluptas id labore et qui. Rem sint voluptates deleniti facilis. Qui omnis omnis quidem in incidunt cupiditate.','United States Virgin Islands','2014-12-03',3,'2017-11-16 04:50:39','2021-05-01 05:24:10'),(76,'Dolorem est facilis.','Rerum neque illo autem aut sunt qui vitae. Ipsam sit qui sed dolorem officia reiciendis in tempore.\nNumquam molestias aut et et. Repellat nemo vitae quas voluptatem. Repudiandae consequatur nam sit earum. Mollitia itaque est praesentium.\nVoluptatum quis commodi dolorum quae voluptatem hic. Et dolorem quae quasi quibusdam. Et quo tempora aspernatur architecto hic autem.','New Caledonia','1972-03-24',4,'2014-05-15 12:18:50','2014-12-26 16:07:58'),(77,'Impedit veniam.','Non adipisci at et aut. Fugiat nulla eos officiis perspiciatis. Non sed sit quisquam in.\nEaque dolores totam quos est voluptatibus odio. Voluptas expedita error sint dolor et optio cumque. Qui sit voluptate voluptatem illo sit. Cupiditate sed sunt dicta odit non molestias dolor.','Mauritius','1986-05-30',4,'2017-10-17 02:14:53','2021-05-01 05:45:12'),(78,'Aut qui.','Illum aliquid et sunt deleniti et inventore eaque. Aperiam quod rem omnis non dolores sit veniam. Velit enim voluptas quia eveniet expedita praesentium.\nNatus enim suscipit voluptatem molestias quibusdam debitis. Quo harum at fugit rerum tempore porro libero. Eaque est corrupti enim sunt molestias amet aliquam ducimus. Beatae accusamus provident quae iure odit maxime.','Czech Republic','2001-11-16',1,'2016-05-19 13:11:05','2021-05-01 05:45:12'),(79,'Et officia ut.','Et perferendis fugiat facere laborum molestias. Expedita eos ullam dolor ex.\nNon occaecati sit cumque assumenda. Voluptas aspernatur nam unde eius est necessitatibus rem. Omnis eos laboriosam voluptas non aperiam est quae. Non officia aut magni voluptatum totam non.','Grenada','1991-05-17',4,'2011-07-30 02:57:31','2021-05-01 05:45:12'),(80,'Minima deserunt.','Laboriosam sit omnis eum voluptas earum eligendi. Ea eos sed omnis. Soluta eum reprehenderit est est quia deserunt quo est. Qui aut commodi dolor eveniet. Et vel quae dolorum quos ducimus voluptate voluptatem.\nEum omnis culpa amet est et velit provident id. Et dolores sunt ut laborum ratione numquam dolores. Et nihil ut accusamus vel similique dolorum et. Nisi ullam maxime minima optio eius id.','Barbados','2003-09-15',6,'2015-04-11 03:05:36','2021-05-01 05:45:12'),(81,'Aut earum.','Ut pariatur reiciendis et. Nulla non deleniti voluptatum est doloribus aliquid eaque. Aut nulla quia tenetur illum fugiat nemo dignissimos est. Incidunt impedit quia et corporis et odio esse.\nVel qui sunt laudantium libero et quam totam. Eveniet perferendis aut et. Praesentium quia nemo eos eveniet sint. Dicta eaque adipisci occaecati occaecati repudiandae blanditiis nostrum.','Ecuador','1980-05-10',1,'2011-05-27 20:23:21','2021-05-01 05:45:12'),(82,'Et quaerat ut.','Iusto illo aperiam voluptates est. Minus enim dicta quos quia consectetur rerum rem. Dolorem id maiores nostrum et illum nobis ut repellat. Ullam maiores perferendis quasi maxime ea ullam non. Enim itaque et itaque veritatis.\nVoluptatem odio quam quia et debitis deleniti ut. Odio facilis ut nisi nulla et. Et recusandae quis blanditiis est vel. Dolores totam odio magnam saepe sint quisquam.','Georgia','2019-09-30',2,'2013-11-03 16:15:58','2021-05-01 05:45:12'),(83,'Omnis sint eius.','Illo in eos quis. Iure et nam est quis. Doloribus sed consequatur illum rerum ea. Aliquid vel quo reiciendis et atque aut.\nQuibusdam similique dicta hic consequatur libero facere. Occaecati perspiciatis officiis est aperiam tempora quia ea.','Reunion','1987-03-11',2,'2019-11-13 10:28:40','2021-05-01 05:45:12'),(84,'Illo molestiae.','Error sint quo velit deserunt corrupti eos iste. Veniam quas harum ut repudiandae quis magnam. Accusamus libero perferendis quia nihil qui amet. Est iure explicabo et alias voluptas atque cumque ipsam.\nDelectus ducimus magni rem ut enim sunt placeat rem. Sunt sint nisi quo eos omnis dolore quo magni. Voluptates commodi sequi quibusdam rerum architecto sunt non iure.','Macedonia','1971-05-09',1,'2015-01-21 23:57:44','2021-05-01 05:45:12'),(85,'In voluptate.','Quibusdam voluptates sed tempora cum pariatur voluptatum. Ullam non ut aut aut ut neque. Ipsum quia excepturi quod aperiam suscipit eaque atque. Rerum ullam aut voluptas.\nDucimus et ipsa aliquid. Adipisci excepturi accusantium quo dolor nam. Numquam quia fugit odio nihil sed ea.','Qatar','1998-09-13',1,'2014-07-24 02:13:26','2015-04-06 12:17:18'),(86,'Tempore error.','Necessitatibus illo tenetur alias unde velit. Ut ea facere facilis dolores dolores hic molestiae provident. Aperiam rerum rerum beatae quae ut cum. Voluptates quam exercitationem omnis est autem dolores nihil.','Saint Vincent and the Grenadines','2017-05-17',2,'2014-10-20 05:58:23','2021-05-01 05:24:10'),(87,'At aut dolore.','Ex inventore et rerum omnis laborum provident. Repellendus impedit et eaque deserunt enim. Sunt consequatur error iste delectus. Excepturi odio voluptatem pariatur architecto.\nFacilis natus expedita aut nam. Sed non consequatur ab non. Quidem doloribus explicabo voluptatem provident in saepe omnis. Autem natus minus atque corporis placeat.','Poland','1999-03-22',4,'2019-08-31 08:09:57','2021-05-01 05:45:12'),(88,'Suscipit aut.','Ipsa minima atque quo porro ad. Et et reprehenderit impedit maxime ut voluptatum voluptatem. Tempore sit veniam quia qui voluptates. Sunt vitae ratione minus laudantium voluptatum aut saepe in. At odio eum rerum non minima.\nConsequuntur voluptatem culpa nostrum quod atque aut. Illo quibusdam dignissimos qui nulla vel impedit.','Dominica','1973-08-14',2,'2021-04-25 21:24:30','2021-05-01 05:45:12'),(89,'Sit est.','Sunt sit est totam animi debitis sunt dolor ut. Est dolore eveniet sint et.\nAut temporibus ab voluptas non. Sint vitae est aspernatur ipsam rerum officiis veniam. Exercitationem est molestias ipsum delectus quia aspernatur saepe.\nNisi ad ut sit. Deserunt omnis vero qui dolores velit. Blanditiis quis fugiat nisi autem.','Iran','2004-02-29',4,'2014-05-28 00:37:14','2021-05-01 05:45:12'),(90,'Alias possimus.','Molestiae vel impedit facere voluptatem incidunt iste. Adipisci sint aperiam voluptatem sit. Quos molestiae dignissimos dolor et quis. Ipsum rerum odio voluptatem sint consequuntur nostrum accusantium.\nIllo ad officia quia odio voluptas voluptas qui. Qui aut ullam doloremque. Voluptas corrupti in distinctio nihil quidem nihil qui deserunt. Aut id minima voluptas quia perspiciatis perferendis.','India','1978-03-20',6,'2016-01-15 22:12:09','2020-11-17 17:16:01'),(91,'Laborum nobis.','Error recusandae eum libero nesciunt neque aut. Impedit aperiam neque minima aut. Tempore repellat enim eveniet quasi.\nNam quia quia laboriosam cumque. Voluptas consequatur a occaecati nobis repellendus consequatur labore. Perferendis temporibus nesciunt nisi perspiciatis ea.','Timor-Leste','1972-11-12',6,'2013-09-01 03:28:46','2021-05-01 05:45:12'),(92,'Aut amet.','Tempora fuga qui reiciendis a rerum et quaerat. Enim et est est ut. Inventore quae quia repellat minus.\nAlias mollitia fugiat sint sit laboriosam maxime porro. Pariatur omnis omnis dolore dolor deleniti sit et. Possimus pariatur quaerat dolorum quasi.\nAssumenda est consequuntur eveniet repudiandae fuga dolorum. Neque recusandae aut odit velit et suscipit rerum. Sed repellendus id beatae non vero.','Samoa','2004-07-19',6,'2021-04-28 18:28:07','2021-05-01 05:45:12'),(93,'Distinctio cupiditate.','Assumenda qui sunt quas vel quasi. Molestiae ut laudantium magni voluptate a. Dolorem quisquam ratione dicta error rerum. Et sequi qui ut assumenda eveniet quia.\nAtque et est itaque aut autem itaque veniam laudantium. Animi eligendi omnis non tempora debitis excepturi eum.','Eritrea','2016-04-02',1,'2014-01-15 14:39:46','2021-05-01 05:45:12'),(94,'Perspiciatis amet.','Dolores quaerat earum magni nihil neque suscipit nihil. Quae non nisi qui voluptatum numquam.\nLabore ducimus placeat laborum sit dignissimos consequatur beatae. Aut aliquid neque omnis sunt soluta quo. Voluptatum autem est consequatur earum itaque at. Aliquid libero voluptate aut adipisci illum.','Cyprus','1982-12-10',4,'2017-09-29 08:23:26','2021-05-01 05:24:10'),(95,'Neque consectetur.','Perferendis qui velit explicabo ducimus enim. Est velit aliquam qui dolorem dolor atque enim. Libero alias quo sint doloremque ut quas delectus. Ipsam eaque aspernatur aliquid quia atque a voluptatum.\nCum expedita id laboriosam vero non in ut ea. Est maiores illum eum aliquam cupiditate et laborum. Accusantium amet dolores autem occaecati nihil explicabo. Modi excepturi rerum distinctio deserunt.','Bolivia','1989-08-09',4,'2013-01-17 11:13:52','2021-05-01 05:45:12'),(96,'Eum inventore.','Aut deleniti dicta blanditiis autem quia aut dolores. Excepturi et nisi harum ab quisquam maiores perspiciatis. Magnam ab eaque molestiae fugit eligendi illo quae.\nEst harum aspernatur fugiat illum fugit. Magnam explicabo sit laudantium delectus et omnis. At voluptas dolorem saepe eius rerum sed aut. Expedita cumque sint excepturi eum est esse.','United States Virgin Islands','1979-12-14',4,'2015-04-22 07:44:34','2021-05-01 05:45:12'),(97,'Quaerat qui.','Officiis quia nesciunt facilis commodi. Esse officia iusto aperiam ea corporis consequatur nam. Harum asperiores voluptates dicta veritatis nisi molestiae quisquam sit. Aut quod aut alias ipsum voluptatem nam iusto dolores.\nEius autem beatae et eos et delectus ut. Rem rerum velit labore corrupti. Molestiae nostrum aliquam in iusto.','United Kingdom','1970-12-20',4,'2016-04-29 18:40:24','2021-05-01 05:45:12'),(98,'Necessitatibus distinctio aliquid.','Provident aut amet corporis ullam iusto enim. Ut excepturi sapiente nihil error modi quo ut. Consequatur et vel dolores sequi voluptate facere voluptatem praesentium.\nQuas accusantium laborum nisi ut praesentium ex iusto. Omnis ratione dolorem nesciunt rem vero sunt corrupti omnis. Dolorum cupiditate id voluptas et rerum atque dolores. Ex quia asperiores et ut laudantium.','Isle of Man','1977-04-27',2,'2011-09-08 01:42:13','2018-12-18 14:07:21'),(99,'Ut reprehenderit.','Sequi eum ad qui cupiditate porro et natus voluptatem. Natus cumque occaecati quisquam est ipsa eius. Sed placeat et expedita aut ea consequuntur est cum.\nSit sit tempore dolores aut repellat quia. Voluptatem omnis aspernatur vel sit occaecati. Quam consequatur ut aut laborum iusto quos in.','Samoa','1983-06-29',3,'2012-11-22 05:44:18','2017-04-08 08:27:19'),(100,'Consequatur nostrum.','Eos quis sapiente sapiente dolorem et. Ut fugiat et ipsa nihil laboriosam. Veniam nihil voluptatum sunt ad. Voluptatem et in fugiat eligendi et deleniti.\nDolorum similique veritatis et commodi dolorem ducimus architecto hic. Dolor sed dolor labore iusto. Nihil consequuntur nihil et sunt laudantium. Vitae similique quia quidem veniam.','Isle of Man','2009-10-25',4,'2012-08-20 05:34:37','2020-03-13 04:58:16');
/*!40000 ALTER TABLE `movies` ENABLE KEYS */;
UNLOCK TABLES;

--
-- Table structure for table `movies_actors`
--

DROP TABLE IF EXISTS `movies_actors`;
/*!40101 SET @saved_cs_client     = @@character_set_client */;
/*!50503 SET character_set_client = utf8mb4 */;
CREATE TABLE `movies_actors` (
  `movie_id` int unsigned NOT NULL COMMENT 'Ссылка на фильм',
  `actor_id` int unsigned NOT NULL COMMENT 'Ссылка на актера',
  `created_at` datetime DEFAULT CURRENT_TIMESTAMP COMMENT 'Время создания строки',
  PRIMARY KEY (`movie_id`,`actor_id`) COMMENT 'Составной первичный ключ',
  KEY `movies_actors_actor_id_fk` (`actor_id`),
  CONSTRAINT `movies_actors_actor_id_fk` FOREIGN KEY (`actor_id`) REFERENCES `actors` (`id`) ON DELETE CASCADE,
  CONSTRAINT `movies_actors_movie_id_fk` FOREIGN KEY (`movie_id`) REFERENCES `movies` (`id`) ON DELETE CASCADE
) ENGINE=InnoDB DEFAULT CHARSET=utf8mb4 COLLATE=utf8mb4_unicode_ci COMMENT='Участники фильма, связь между фильмами и актерами';
/*!40101 SET character_set_client = @saved_cs_client */;

--
-- Dumping data for table `movies_actors`
--

LOCK TABLES `movies_actors` WRITE;
/*!40000 ALTER TABLE `movies_actors` DISABLE KEYS */;
INSERT INTO `movies_actors` VALUES (1,12,'2015-04-11 20:53:05'),(2,46,'2015-05-01 15:08:23'),(3,71,'2020-10-06 21:00:44'),(3,79,'2021-01-09 01:40:02'),(3,81,'2014-10-03 10:27:49'),(4,29,'2019-08-24 05:36:29'),(4,80,'2011-06-11 12:20:46'),(5,27,'2014-03-22 03:00:40'),(5,31,'2018-10-18 08:06:35'),(6,24,'2018-06-20 11:26:43'),(6,49,'2017-04-30 17:28:21'),(6,68,'2016-02-28 05:36:17'),(7,19,'2019-12-02 02:56:32'),(7,56,'2020-03-12 14:07:23'),(7,73,'2013-12-18 01:16:37'),(8,18,'2020-01-02 18:01:30'),(8,36,'2021-02-22 03:13:19'),(8,61,'2019-08-31 06:51:21'),(8,71,'2019-01-08 11:31:15'),(8,91,'2021-02-20 06:29:18'),(9,19,'2018-10-03 00:22:59'),(9,27,'2015-04-25 11:07:56'),(9,45,'2011-08-12 23:21:42'),(9,63,'2018-05-22 07:04:11'),(9,95,'2016-04-23 17:25:04'),(10,5,'2015-08-12 06:44:47'),(10,25,'2011-09-26 22:57:41'),(10,34,'2015-08-22 00:10:35'),(10,56,'2021-01-04 12:57:34'),(11,9,'2013-12-24 23:27:30'),(11,15,'2017-07-20 15:52:36'),(11,57,'2013-10-08 02:12:53'),(12,9,'2016-09-15 16:03:24'),(12,38,'2015-04-23 23:36:22'),(12,60,'2012-05-03 06:59:54'),(13,2,'2016-08-02 02:28:07'),(13,61,'2017-01-17 03:21:41'),(14,66,'2015-02-09 17:38:05'),(14,88,'2018-06-11 10:02:08'),(15,21,'2011-05-14 06:29:20'),(15,64,'2013-11-15 07:59:02'),(15,77,'2017-08-11 08:13:08'),(15,79,'2012-04-18 07:00:09'),(16,72,'2012-03-14 08:18:46'),(17,47,'2013-02-16 22:40:00'),(17,88,'2012-09-14 09:41:50'),(18,11,'2020-08-03 13:40:09'),(18,64,'2015-07-07 04:49:01'),(18,74,'2011-12-31 09:21:05'),(18,82,'2019-11-27 03:23:15'),(18,100,'2020-09-28 11:31:04'),(20,10,'2012-06-27 11:45:46'),(21,15,'2018-06-17 01:20:40'),(21,41,'2013-03-08 01:00:51'),(22,61,'2014-10-14 20:12:48'),(22,71,'2011-09-15 14:39:23'),(23,8,'2017-05-06 10:25:48'),(23,12,'2020-12-01 01:30:46'),(23,30,'2011-08-28 14:30:10'),(23,62,'2020-12-07 02:34:52'),(24,5,'2012-11-13 19:33:03'),(24,6,'2011-12-04 03:02:57'),(24,13,'2016-03-06 23:55:24'),(24,75,'2020-05-03 08:28:36'),(25,41,'2016-01-07 09:17:21'),(25,45,'2015-08-22 20:21:43'),(25,75,'2011-05-01 06:16:30'),(25,82,'2011-10-04 07:43:10'),(26,43,'2020-10-12 19:20:06'),(26,55,'2014-04-11 02:32:40'),(26,67,'2019-01-13 16:53:20'),(26,95,'2020-01-27 18:22:28'),(27,9,'2016-11-26 05:19:51'),(27,51,'2014-02-10 04:13:20'),(27,68,'2020-10-11 23:59:00'),(29,27,'2014-05-05 06:37:11'),(29,51,'2011-07-04 04:51:53'),(29,82,'2015-08-17 18:49:46'),(29,86,'2020-08-04 10:03:09'),(29,93,'2014-01-18 14:27:30'),(30,1,'2017-01-16 22:31:57'),(30,50,'2019-03-28 16:37:51'),(30,88,'2016-12-28 02:03:56'),(31,6,'2020-08-14 20:10:23'),(32,30,'2017-01-30 14:49:38'),(32,48,'2015-03-25 13:53:31'),(32,93,'2019-11-02 07:11:48'),(34,14,'2021-04-24 06:11:46'),(34,22,'2015-04-22 08:48:54'),(35,8,'2015-04-08 08:44:09'),(35,20,'2013-04-15 22:45:34'),(35,29,'2018-05-24 23:14:01'),(35,64,'2014-06-25 05:09:34'),(35,89,'2020-10-25 01:24:48'),(36,26,'2012-10-03 22:22:50'),(36,53,'2011-08-30 07:13:28'),(36,64,'2017-07-16 22:41:44'),(37,80,'2015-08-29 00:37:39'),(38,10,'2017-01-08 23:09:21'),(38,27,'2020-10-28 21:07:37'),(38,29,'2017-12-16 15:55:55'),(38,55,'2020-11-02 20:51:59'),(38,73,'2021-01-26 01:43:12'),(38,92,'2019-09-03 23:05:08'),(39,12,'2019-05-26 17:57:00'),(39,64,'2013-01-05 21:18:42'),(40,6,'2017-02-02 21:43:54'),(40,16,'2019-02-11 08:34:10'),(40,17,'2017-11-21 19:04:00'),(40,40,'2019-01-20 01:43:42'),(40,58,'2019-09-25 14:41:32'),(40,74,'2017-10-28 06:42:37'),(41,3,'2012-11-29 21:16:04'),(41,28,'2020-04-21 21:26:13'),(41,47,'2012-04-15 18:26:05'),(41,96,'2018-07-13 02:04:57'),(42,24,'2015-07-23 17:48:13'),(42,56,'2015-03-28 16:21:11'),(42,92,'2020-07-01 18:55:29'),(43,13,'2018-11-16 11:39:33'),(43,41,'2020-05-27 03:04:09'),(43,71,'2020-03-16 16:51:00'),(43,75,'2014-01-06 03:49:36'),(43,93,'2015-04-17 12:39:22'),(44,50,'2020-11-23 21:09:16'),(45,2,'2011-07-12 06:59:40'),(45,70,'2015-08-16 04:44:54'),(45,91,'2013-03-09 22:34:12'),(46,47,'2013-04-29 02:06:51'),(46,89,'2015-01-02 04:52:18'),(47,14,'2016-03-29 23:14:17'),(47,25,'2020-11-07 06:41:13'),(47,45,'2014-02-08 18:36:38'),(47,60,'2013-11-30 08:47:28'),(48,41,'2019-10-09 02:05:35'),(48,95,'2012-06-21 14:17:58'),(49,28,'2016-12-23 12:00:49'),(49,52,'2014-03-17 20:41:47'),(49,70,'2019-10-13 17:03:49'),(49,98,'2013-08-06 00:32:48'),(50,15,'2013-05-01 03:33:57'),(50,54,'2016-06-17 01:43:43'),(50,61,'2017-01-11 00:59:06'),(50,77,'2020-07-02 04:13:04'),(51,7,'2015-09-02 23:18:31'),(51,12,'2020-06-13 21:04:47'),(51,19,'2015-07-02 17:17:34'),(51,25,'2019-03-30 08:42:00'),(51,98,'2020-07-11 23:55:12'),(52,33,'2011-09-03 17:59:27'),(52,36,'2012-05-02 20:46:19'),(52,66,'2018-01-27 21:54:35'),(52,67,'2011-07-04 03:40:00'),(53,1,'2016-11-22 18:22:21'),(53,39,'2011-07-03 23:46:47'),(53,61,'2016-04-17 12:37:32'),(53,97,'2015-09-20 09:39:26'),(55,21,'2012-05-26 23:22:18'),(55,48,'2020-06-12 11:21:14'),(56,4,'2016-01-02 22:27:17'),(56,37,'2011-08-11 18:58:00'),(56,74,'2018-04-25 14:50:33'),(56,75,'2018-02-27 15:43:42'),(56,93,'2020-06-08 15:01:00'),(56,97,'2016-04-30 00:47:18'),(57,38,'2019-08-29 10:53:21'),(57,49,'2016-07-14 20:56:36'),(57,56,'2011-11-24 18:33:36'),(57,79,'2012-12-21 07:11:56'),(57,83,'2018-12-11 12:08:08'),(57,87,'2012-08-09 19:43:03'),(58,3,'2011-11-11 00:18:36'),(58,35,'2020-09-10 21:21:11'),(58,91,'2013-06-27 17:08:37'),(59,1,'2015-02-26 18:50:42'),(59,3,'2015-11-03 19:10:47'),(59,8,'2012-06-15 19:57:53'),(59,35,'2015-04-02 21:36:53'),(59,41,'2015-01-29 08:20:05'),(59,69,'2014-07-14 17:53:03'),(60,57,'2017-04-19 06:54:48'),(60,75,'2017-09-26 14:29:51'),(60,86,'2017-08-31 05:32:00'),(61,5,'2012-04-02 18:28:53'),(61,6,'2017-05-10 12:10:46'),(61,11,'2015-12-28 16:36:29'),(61,41,'2012-02-05 09:57:14'),(61,62,'2019-01-08 15:42:52'),(62,3,'2020-10-16 08:16:56'),(62,16,'2012-10-13 12:47:12'),(62,43,'2020-06-08 14:32:02'),(62,52,'2014-02-25 13:31:37'),(62,65,'2014-02-25 23:51:22'),(63,31,'2015-01-27 16:59:20'),(63,76,'2020-07-04 17:37:05'),(63,81,'2018-12-24 07:32:23'),(63,90,'2020-12-14 07:56:11'),(64,31,'2020-11-28 08:51:33'),(64,50,'2019-12-02 06:53:56'),(65,32,'2014-01-15 03:41:27'),(65,73,'2015-02-05 10:39:14'),(66,18,'2016-02-12 21:21:17'),(66,46,'2018-04-20 13:08:05'),(67,29,'2012-02-29 01:06:31'),(67,32,'2016-02-29 13:37:44'),(67,66,'2014-11-03 13:11:49'),(67,99,'2015-09-19 02:27:25'),(68,10,'2012-02-06 05:23:35'),(68,51,'2013-02-15 03:32:22'),(69,49,'2016-11-25 03:16:25'),(69,53,'2018-12-18 06:32:53'),(69,70,'2020-09-15 00:12:08'),(69,80,'2018-04-13 02:05:44'),(69,86,'2020-11-23 04:23:44'),(70,35,'2017-02-17 23:33:07'),(70,55,'2011-08-04 22:55:28'),(70,69,'2017-12-16 17:41:02'),(71,47,'2018-10-25 05:43:21'),(71,48,'2017-06-26 03:32:58'),(71,80,'2014-02-13 21:31:26'),(72,7,'2019-07-07 22:03:10'),(72,73,'2016-06-22 16:20:16'),(72,92,'2016-08-27 21:32:59'),(72,95,'2018-01-17 18:55:51'),(73,79,'2013-05-28 03:08:32'),(74,20,'2017-05-28 18:26:50'),(74,31,'2020-10-07 20:23:12'),(75,7,'2019-03-21 18:36:59'),(75,13,'2012-12-12 14:02:31'),(75,46,'2018-10-28 14:59:06'),(75,88,'2011-09-08 09:50:35'),(76,71,'2016-09-29 17:26:56'),(76,81,'2021-04-15 23:06:24'),(77,17,'2012-05-05 10:08:05'),(77,54,'2020-06-28 01:05:24'),(77,68,'2014-04-03 19:58:18'),(78,73,'2011-05-03 04:23:24'),(78,79,'2016-03-10 07:13:35'),(78,90,'2013-11-12 13:29:21'),(79,50,'2016-01-10 09:28:56'),(79,100,'2013-03-01 09:42:16'),(80,21,'2013-09-06 15:28:01'),(81,26,'2019-02-14 03:51:58'),(81,59,'2012-04-01 19:51:04'),(81,99,'2020-09-19 22:20:02'),(82,85,'2021-03-19 03:28:35'),(82,89,'2019-03-10 04:02:59'),(83,43,'2018-09-03 04:39:36'),(83,78,'2014-11-29 04:47:55'),(84,10,'2012-08-08 08:53:19'),(84,22,'2019-12-22 02:07:42'),(84,31,'2016-09-02 13:47:50'),(84,86,'2016-03-25 00:11:49'),(85,24,'2016-01-20 22:15:59'),(85,28,'2020-08-29 03:49:18'),(85,63,'2017-11-16 06:38:59'),(85,100,'2016-03-14 06:51:23'),(86,7,'2014-05-07 09:54:38'),(86,45,'2013-10-24 20:30:25'),(86,76,'2016-06-14 14:46:06'),(86,84,'2020-10-15 06:09:23'),(86,87,'2011-12-31 17:47:50'),(86,99,'2019-10-23 20:10:42'),(87,27,'2020-03-21 07:30:04'),(87,95,'2013-02-09 09:13:36'),(88,26,'2014-06-26 00:43:19'),(88,43,'2015-06-11 14:14:20'),(88,83,'2016-01-21 18:02:58'),(89,2,'2017-08-16 22:50:52'),(89,49,'2014-11-12 17:55:35'),(89,51,'2021-02-19 02:19:44'),(89,58,'2015-01-15 02:20:05'),(89,63,'2018-04-13 12:31:53'),(89,64,'2021-01-16 12:17:04'),(90,47,'2014-10-30 11:50:16'),(90,97,'2017-09-15 15:11:41'),(90,99,'2014-07-19 09:51:07'),(91,16,'2016-04-17 22:49:45'),(91,37,'2014-10-14 07:06:23'),(92,1,'2013-05-09 23:06:26'),(92,47,'2016-04-16 23:22:12'),(92,77,'2015-06-09 12:51:53'),(93,28,'2011-10-06 10:43:20'),(94,5,'2016-05-15 07:05:10'),(95,92,'2014-06-12 01:40:19'),(96,56,'2019-12-26 22:35:44'),(97,15,'2013-11-21 13:00:03'),(97,26,'2015-04-08 05:57:37'),(97,68,'2020-02-23 08:15:07'),(97,69,'2014-05-26 22:35:02'),(98,1,'2016-02-27 16:32:55'),(98,13,'2017-07-02 15:04:11'),(98,16,'2020-04-18 09:32:45'),(98,50,'2018-10-25 09:22:07'),(99,56,'2020-09-06 12:24:24'),(99,60,'2021-04-28 01:43:31'),(99,71,'2012-12-18 03:50:12'),(100,42,'2016-04-04 18:29:09'),(100,90,'2015-08-07 11:21:52'),(100,93,'2018-09-12 15:34:17');
/*!40000 ALTER TABLE `movies_actors` ENABLE KEYS */;
UNLOCK TABLES;

--
-- Table structure for table `movies_directors`
--

DROP TABLE IF EXISTS `movies_directors`;
/*!40101 SET @saved_cs_client     = @@character_set_client */;
/*!50503 SET character_set_client = utf8mb4 */;
CREATE TABLE `movies_directors` (
  `movie_id` int unsigned NOT NULL COMMENT 'Ссылка на фильм',
  `director_id` int unsigned NOT NULL COMMENT 'Ссылка на режиссера',
  `created_at` datetime DEFAULT CURRENT_TIMESTAMP COMMENT 'Время создания строки',
  PRIMARY KEY (`movie_id`,`director_id`) COMMENT 'Составной первичный ключ',
  KEY `movies_directors_director_id_fk` (`director_id`),
  CONSTRAINT `movies_directors_director_id_fk` FOREIGN KEY (`director_id`) REFERENCES `directors` (`id`) ON DELETE CASCADE,
  CONSTRAINT `movies_directors_movie_id_fk` FOREIGN KEY (`movie_id`) REFERENCES `movies` (`id`) ON DELETE CASCADE
) ENGINE=InnoDB DEFAULT CHARSET=utf8mb4 COLLATE=utf8mb4_unicode_ci COMMENT='Участники фильма, связь между фильмами и режиссерами';
/*!40101 SET character_set_client = @saved_cs_client */;

--
-- Dumping data for table `movies_directors`
--

LOCK TABLES `movies_directors` WRITE;
/*!40000 ALTER TABLE `movies_directors` DISABLE KEYS */;
INSERT INTO `movies_directors` VALUES (1,4,'2020-02-11 14:48:59'),(2,2,'2019-03-05 15:09:51'),(3,10,'2020-02-29 23:58:57'),(4,7,'2012-03-28 10:43:57'),(5,3,'2012-07-19 17:59:18'),(6,5,'2018-06-08 15:42:02'),(7,7,'2018-03-12 08:42:34'),(8,5,'2015-03-04 14:12:52'),(9,6,'2011-09-04 01:23:37'),(10,7,'2012-03-16 05:40:13'),(11,6,'2015-07-22 19:20:58'),(12,5,'2020-06-24 20:53:53'),(13,5,'2015-04-21 19:11:25'),(14,9,'2012-01-05 07:45:52'),(15,5,'2014-05-15 21:16:54'),(16,6,'2015-11-15 17:46:39'),(17,10,'2012-01-16 22:18:08'),(18,2,'2011-07-08 09:05:54'),(19,2,'2012-05-27 07:30:50'),(20,2,'2014-08-20 09:24:53'),(21,2,'2013-11-22 23:25:19'),(22,3,'2014-08-03 18:19:48'),(23,1,'2011-06-17 19:00:42'),(24,1,'2011-09-13 17:40:07'),(25,5,'2011-12-03 04:52:50'),(26,9,'2016-02-22 21:59:45'),(27,4,'2012-08-17 20:50:05'),(28,5,'2011-11-01 05:18:40'),(29,2,'2014-10-28 12:14:50'),(30,1,'2012-05-10 05:38:25'),(31,3,'2019-04-15 08:51:22'),(32,7,'2018-04-12 17:58:21'),(33,3,'2012-06-11 08:09:10'),(34,7,'2018-11-03 18:42:56'),(35,7,'2014-05-19 09:14:42'),(36,10,'2014-07-27 01:43:44'),(37,1,'2016-08-03 05:23:12'),(38,9,'2012-02-17 10:08:01'),(39,8,'2016-08-25 13:24:02'),(40,9,'2016-09-03 09:31:38'),(41,2,'2011-09-16 19:41:02'),(42,7,'2013-12-01 20:14:25'),(43,6,'2021-02-13 13:51:33'),(44,10,'2018-07-21 18:59:49'),(45,5,'2014-07-04 08:45:51'),(46,2,'2017-05-12 13:18:12'),(47,5,'2016-01-26 01:35:52'),(48,10,'2011-07-15 00:20:55'),(49,3,'2015-03-18 12:23:14'),(50,9,'2019-10-25 14:43:19'),(51,10,'2017-09-17 09:12:14'),(52,2,'2018-12-23 04:16:30'),(53,6,'2014-09-12 06:04:26'),(54,1,'2015-01-01 17:40:34'),(55,1,'2013-07-19 10:21:07'),(56,1,'2017-12-08 20:38:48'),(57,10,'2015-09-11 02:09:41'),(58,8,'2018-12-04 05:33:09'),(59,5,'2015-03-24 19:21:56'),(60,7,'2018-09-13 13:04:38'),(61,6,'2017-07-05 10:18:00'),(62,2,'2018-05-05 00:15:35'),(63,3,'2020-05-31 00:15:36'),(64,7,'2014-07-26 16:51:18'),(65,7,'2012-11-29 20:53:31'),(66,8,'2015-09-09 01:33:38'),(67,10,'2015-06-05 16:54:51'),(68,2,'2018-09-12 19:28:25'),(69,2,'2019-04-20 13:32:40'),(70,6,'2018-12-10 21:10:25'),(71,4,'2019-12-01 02:56:45'),(72,10,'2015-06-26 18:05:25'),(73,3,'2020-07-28 21:34:36'),(74,3,'2017-12-24 04:48:26'),(75,1,'2013-03-15 17:12:40'),(76,6,'2014-03-09 07:38:31'),(77,4,'2015-04-28 09:15:28'),(78,8,'2020-05-28 17:31:55'),(79,10,'2019-01-10 07:53:59'),(80,5,'2019-12-14 11:59:37'),(81,6,'2020-04-09 11:40:42'),(82,7,'2016-04-18 08:31:02'),(83,1,'2018-02-16 20:42:44'),(84,6,'2016-11-06 14:47:12'),(85,3,'2021-02-19 08:33:17'),(86,6,'2012-10-15 20:26:45'),(87,4,'2018-03-22 20:37:27'),(88,6,'2018-07-30 13:50:53'),(89,3,'2019-08-11 21:45:20'),(90,8,'2018-07-31 14:13:33'),(91,9,'2014-11-05 15:58:49'),(92,2,'2013-06-02 20:09:20'),(93,3,'2014-10-21 20:25:26'),(94,6,'2019-06-21 07:40:34'),(95,4,'2017-04-18 10:22:06'),(96,1,'2019-12-12 08:30:02'),(97,8,'2018-03-06 18:19:12'),(98,7,'2019-05-20 11:01:24'),(99,10,'2014-12-12 05:29:36'),(100,10,'2017-05-04 07:28:04');
/*!40000 ALTER TABLE `movies_directors` ENABLE KEYS */;
UNLOCK TABLES;

--
-- Table structure for table `ratings`
--

DROP TABLE IF EXISTS `ratings`;
/*!40101 SET @saved_cs_client     = @@character_set_client */;
/*!50503 SET character_set_client = utf8mb4 */;
CREATE TABLE `ratings` (
  `id` int unsigned NOT NULL AUTO_INCREMENT,
  `user_id` int unsigned NOT NULL,
  `movie_id` int unsigned NOT NULL,
  `rating` int unsigned NOT NULL,
  `created_at` datetime DEFAULT CURRENT_TIMESTAMP,
  PRIMARY KEY (`id`),
  KEY `ratings_user_id_fk` (`user_id`),
  KEY `ratings_movie_id_fk` (`movie_id`),
  CONSTRAINT `ratings_movie_id_fk` FOREIGN KEY (`movie_id`) REFERENCES `movies` (`id`) ON DELETE CASCADE,
  CONSTRAINT `ratings_user_id_fk` FOREIGN KEY (`user_id`) REFERENCES `users` (`id`) ON DELETE CASCADE
) ENGINE=InnoDB AUTO_INCREMENT=1001 DEFAULT CHARSET=utf8mb4 COLLATE=utf8mb4_unicode_ci COMMENT='Оценки фильмов пользователями';
/*!40101 SET character_set_client = @saved_cs_client */;

--
-- Dumping data for table `ratings`
--

LOCK TABLES `ratings` WRITE;
/*!40000 ALTER TABLE `ratings` DISABLE KEYS */;
INSERT INTO `ratings` VALUES (1,13,35,8,'2020-08-28 21:59:24'),(2,96,64,8,'2012-07-21 15:27:16'),(3,78,34,6,'2011-08-27 10:19:57'),(4,9,29,8,'2019-03-05 02:02:05'),(5,11,28,7,'2020-04-05 05:22:04'),(6,38,65,5,'2019-01-10 19:50:10'),(7,49,20,4,'2015-09-16 16:43:09'),(8,27,48,9,'2018-09-25 07:14:46'),(9,23,15,6,'2015-07-08 18:42:27'),(10,86,44,5,'2018-02-09 15:58:14'),(11,100,58,8,'2019-01-01 05:07:53'),(12,14,61,5,'2015-07-14 07:41:17'),(13,39,84,9,'2020-05-27 15:10:51'),(14,90,44,6,'2021-03-23 18:03:35'),(15,10,84,5,'2015-09-22 09:48:02'),(16,10,5,7,'2020-11-02 23:52:08'),(17,23,2,3,'2014-01-31 00:29:51'),(18,41,47,7,'2016-02-09 17:22:19'),(19,15,1,9,'2013-04-14 03:14:54'),(20,55,64,8,'2017-12-23 05:19:50'),(21,95,42,5,'2011-08-24 07:11:47'),(22,73,75,8,'2018-02-01 00:22:59'),(23,46,70,8,'2014-07-09 10:09:45'),(24,30,88,3,'2019-08-06 01:07:50'),(25,87,45,3,'2014-05-21 23:48:27'),(26,79,68,5,'2015-04-05 09:08:30'),(27,20,43,5,'2019-10-13 13:21:54'),(28,93,69,4,'2020-05-15 06:55:20'),(29,74,27,4,'2017-11-26 19:46:22'),(30,45,99,9,'2011-12-24 05:42:30'),(31,53,96,9,'2012-03-01 21:16:39'),(32,36,91,7,'2012-01-19 07:15:24'),(33,4,89,6,'2018-09-30 05:45:11'),(34,32,83,4,'2014-04-19 19:34:07'),(35,50,34,4,'2011-06-15 21:11:37'),(36,25,46,4,'2018-05-27 12:17:24'),(37,29,11,6,'2011-07-23 17:45:24'),(38,29,15,7,'2015-06-22 18:28:11'),(39,13,14,7,'2012-09-16 22:15:54'),(40,98,9,5,'2020-08-14 06:38:14'),(41,15,21,5,'2020-02-21 19:17:34'),(42,96,97,7,'2017-11-10 05:40:16'),(43,53,45,4,'2015-03-31 13:49:29'),(44,55,16,9,'2019-12-06 11:18:44'),(45,49,56,5,'2020-01-30 13:46:43'),(46,75,21,8,'2016-10-26 10:00:03'),(47,82,74,9,'2013-02-10 06:48:08'),(48,46,63,8,'2016-04-28 06:41:38'),(49,60,85,4,'2014-06-15 20:48:35'),(50,62,3,3,'2015-04-01 07:07:25'),(51,57,36,9,'2012-12-17 20:35:36'),(52,99,18,3,'2015-10-12 01:19:21'),(53,71,90,8,'2014-02-26 02:02:41'),(54,52,39,3,'2020-03-16 23:34:48'),(55,72,11,3,'2012-09-08 02:03:49'),(56,16,69,7,'2013-09-12 04:24:23'),(57,21,33,4,'2017-03-23 20:37:13'),(58,9,53,3,'2018-08-11 07:23:41'),(59,6,50,3,'2014-10-19 06:48:23'),(60,86,10,4,'2019-04-05 14:29:27'),(61,7,24,4,'2014-10-12 22:10:50'),(62,86,29,5,'2018-01-01 21:20:59'),(63,84,92,3,'2018-07-07 16:53:27'),(64,52,70,7,'2011-09-15 05:47:59'),(65,93,16,5,'2014-06-06 12:45:12'),(66,43,42,7,'2013-10-10 21:00:12'),(67,10,86,9,'2020-03-17 14:56:24'),(68,92,66,6,'2016-02-04 06:35:21'),(69,52,45,4,'2015-07-20 11:02:40'),(70,57,54,8,'2012-08-08 08:16:00'),(71,86,86,5,'2011-12-23 16:14:23'),(72,38,78,4,'2019-01-29 01:41:43'),(73,68,20,6,'2014-06-12 15:10:07'),(74,68,10,3,'2013-03-22 17:04:55'),(75,39,89,9,'2014-01-28 01:11:40'),(76,79,3,5,'2012-03-26 01:44:19'),(77,90,86,3,'2014-06-04 19:10:45'),(78,63,16,5,'2013-05-22 23:28:25'),(79,74,10,3,'2019-02-28 20:13:54'),(80,12,92,9,'2011-06-02 09:02:52'),(81,89,11,3,'2018-06-21 14:57:20'),(82,93,36,5,'2012-01-29 02:43:53'),(83,91,37,5,'2019-02-08 22:16:14'),(84,6,77,9,'2016-02-28 09:30:15'),(85,34,28,6,'2018-02-16 21:55:52'),(86,100,31,6,'2017-12-29 17:40:10'),(87,34,51,3,'2020-02-17 06:29:10'),(88,15,54,6,'2017-10-30 12:27:21'),(89,91,74,7,'2018-05-28 11:43:33'),(90,95,26,8,'2015-05-09 00:18:17'),(91,60,61,9,'2011-06-24 07:24:57'),(92,75,41,8,'2016-10-19 02:54:22'),(93,39,37,9,'2016-06-09 01:37:58'),(94,35,28,9,'2017-09-10 14:01:13'),(95,64,2,9,'2013-01-11 07:58:37'),(96,59,35,5,'2013-12-06 10:22:47'),(97,57,86,7,'2012-11-30 01:31:17'),(98,85,22,6,'2021-03-08 19:34:56'),(99,68,51,8,'2012-12-14 01:25:41'),(100,9,63,6,'2018-11-13 08:24:46'),(101,74,20,5,'2020-02-23 13:29:14'),(102,40,87,3,'2012-09-04 13:25:11'),(103,12,83,6,'2018-12-09 19:07:13'),(104,13,74,5,'2017-01-08 05:30:21'),(105,33,66,4,'2017-09-09 09:48:50'),(106,24,66,7,'2017-12-10 18:00:50'),(107,47,45,8,'2013-08-30 17:38:49'),(108,12,92,5,'2013-08-22 00:52:36'),(109,4,13,9,'2016-06-30 14:41:16'),(110,82,41,8,'2015-12-30 08:56:50'),(111,57,23,7,'2015-04-17 06:22:32'),(112,42,84,4,'2012-02-06 07:40:36'),(113,37,54,4,'2020-12-06 03:53:11'),(114,47,97,6,'2019-05-04 06:54:25'),(115,45,68,4,'2011-07-27 05:51:16'),(116,90,39,7,'2020-12-08 06:12:38'),(117,9,47,7,'2016-10-15 11:08:07'),(118,16,26,7,'2018-05-31 06:03:47'),(119,24,67,3,'2018-09-28 14:34:56'),(120,59,30,6,'2011-08-19 07:31:59'),(121,15,83,8,'2015-08-29 04:02:55'),(122,59,56,6,'2019-11-26 15:31:34'),(123,28,88,4,'2017-02-02 01:17:08'),(124,13,57,9,'2020-02-28 08:24:25'),(125,66,67,8,'2012-11-06 04:32:11'),(126,44,50,7,'2015-07-29 17:46:04'),(127,54,69,6,'2016-08-04 12:27:01'),(128,15,35,9,'2012-12-02 14:49:16'),(129,61,60,4,'2016-08-10 05:24:39'),(130,9,48,4,'2021-01-21 14:39:12'),(131,7,87,4,'2018-10-13 21:41:28'),(132,76,49,8,'2015-05-15 05:07:26'),(133,5,88,7,'2014-03-06 14:44:30'),(134,21,93,8,'2012-12-11 07:04:24'),(135,39,81,6,'2017-09-15 05:40:35'),(136,48,84,4,'2012-06-23 20:07:24'),(137,97,93,8,'2011-08-21 11:08:30'),(138,8,94,6,'2016-04-02 10:20:14'),(139,86,46,5,'2014-11-24 03:03:26'),(140,97,28,8,'2015-03-03 08:25:16'),(141,92,17,3,'2011-06-25 12:23:01'),(142,17,77,8,'2015-05-08 17:36:44'),(143,40,95,4,'2012-08-17 13:08:02'),(144,46,75,5,'2015-06-08 21:37:52'),(145,81,62,5,'2018-09-13 23:04:13'),(146,85,66,4,'2021-02-10 20:45:58'),(147,98,15,5,'2017-03-02 08:56:34'),(148,81,35,9,'2021-01-02 22:40:40'),(149,46,60,8,'2015-08-31 12:40:57'),(150,78,53,9,'2013-06-22 08:40:54'),(151,78,70,5,'2013-09-02 02:06:58'),(152,70,81,7,'2020-07-29 03:01:38'),(153,10,46,9,'2019-05-22 19:37:56'),(154,13,96,5,'2017-11-04 03:33:44'),(155,50,6,7,'2017-10-30 03:28:03'),(156,95,32,6,'2012-01-31 17:56:26'),(157,51,64,7,'2019-06-30 13:52:44'),(158,30,24,6,'2012-02-08 23:47:11'),(159,78,44,6,'2013-02-19 15:58:37'),(160,4,36,4,'2014-07-19 13:05:21'),(161,89,42,6,'2012-08-14 05:21:55'),(162,60,97,6,'2016-09-15 03:17:54'),(163,86,3,8,'2019-02-24 00:38:00'),(164,37,100,5,'2018-11-24 07:40:10'),(165,39,35,5,'2020-06-18 06:59:52'),(166,68,31,4,'2019-02-05 22:18:06'),(167,42,35,8,'2016-12-18 00:24:47'),(168,57,94,9,'2014-10-01 11:23:58'),(169,18,67,7,'2020-03-21 21:52:05'),(170,31,69,9,'2017-03-21 22:38:10'),(171,72,75,9,'2011-12-21 19:22:24'),(172,47,31,4,'2013-08-20 05:09:26'),(173,24,57,8,'2017-10-21 17:46:49'),(174,57,68,8,'2013-09-09 08:48:23'),(175,49,34,6,'2013-12-26 06:52:47'),(176,26,91,7,'2014-11-14 04:47:39'),(177,52,89,9,'2014-12-28 21:28:32'),(178,28,97,5,'2014-09-25 14:46:30'),(179,100,48,7,'2018-08-15 06:37:58'),(180,37,39,4,'2021-04-15 06:48:37'),(181,31,92,9,'2021-04-02 08:37:49'),(182,31,24,4,'2019-09-25 14:16:18'),(183,72,63,8,'2013-03-01 10:48:39'),(184,83,23,6,'2014-09-23 23:07:37'),(185,49,87,4,'2012-05-25 00:12:45'),(186,4,91,9,'2018-08-13 17:15:56'),(187,62,94,7,'2015-03-26 16:59:56'),(188,26,42,7,'2012-04-30 03:09:50'),(189,24,81,7,'2012-06-29 11:57:42'),(190,2,46,6,'2015-11-04 07:23:58'),(191,29,84,8,'2018-04-15 22:14:18'),(192,72,44,6,'2019-07-18 15:52:00'),(193,51,88,4,'2016-01-15 04:55:58'),(194,7,83,7,'2021-02-23 22:03:17'),(195,55,25,8,'2020-12-09 10:23:00'),(196,41,10,9,'2019-08-29 13:49:55'),(197,94,59,9,'2020-09-11 14:11:57'),(198,24,87,5,'2014-12-14 15:13:13'),(199,47,66,8,'2014-07-12 08:25:17'),(200,40,60,4,'2013-09-24 00:00:09'),(201,37,99,4,'2018-06-23 11:53:28'),(202,77,56,7,'2012-12-01 15:00:45'),(203,7,35,6,'2016-02-09 17:12:31'),(204,66,97,5,'2013-06-18 16:40:45'),(205,40,62,8,'2018-03-12 05:27:52'),(206,80,9,5,'2018-01-25 10:06:55'),(207,2,84,7,'2017-05-16 07:32:16'),(208,92,18,6,'2012-07-01 15:23:40'),(209,88,97,8,'2018-01-12 05:08:13'),(210,11,15,5,'2020-08-01 14:55:16'),(211,34,45,3,'2013-04-10 21:38:18'),(212,98,79,3,'2019-02-08 14:14:46'),(213,87,75,5,'2012-05-10 14:07:58'),(214,19,62,8,'2020-06-06 02:42:05'),(215,78,54,7,'2017-07-08 17:45:59'),(216,21,95,3,'2018-12-12 11:47:50'),(217,30,50,4,'2021-03-31 15:18:31'),(218,78,9,7,'2017-11-19 21:46:33'),(219,45,24,4,'2017-01-17 19:49:26'),(220,91,30,4,'2013-04-29 17:05:05'),(221,61,56,9,'2018-04-12 02:31:47'),(222,37,56,6,'2018-08-25 21:31:25'),(223,32,16,8,'2016-01-25 13:18:03'),(224,77,5,5,'2012-02-22 03:57:56'),(225,60,38,4,'2015-02-25 06:55:49'),(226,39,19,6,'2017-04-25 17:46:34'),(227,52,30,5,'2012-02-18 19:05:03'),(228,34,12,8,'2012-07-09 01:46:06'),(229,88,82,6,'2016-04-25 21:12:55'),(230,64,30,7,'2015-07-16 21:25:43'),(231,84,24,7,'2011-06-06 06:41:14'),(232,10,20,4,'2020-08-23 10:08:32'),(233,21,64,3,'2017-01-11 03:03:07'),(234,91,99,4,'2013-10-13 10:16:08'),(235,67,41,7,'2013-05-07 15:41:35'),(236,69,36,8,'2018-03-03 20:25:40'),(237,60,67,3,'2015-12-09 22:42:35'),(238,67,2,3,'2017-04-02 04:37:10'),(239,34,92,9,'2020-12-15 09:58:01'),(240,72,22,7,'2013-07-04 08:06:48'),(241,28,97,9,'2018-01-24 04:21:02'),(242,2,54,7,'2019-10-20 02:57:26'),(243,65,58,9,'2013-11-02 12:56:57'),(244,80,23,8,'2015-12-13 00:48:51'),(245,43,66,4,'2016-12-11 15:07:22'),(246,10,81,6,'2018-01-09 02:48:37'),(247,77,20,7,'2017-02-24 20:06:10'),(248,4,33,3,'2012-02-28 14:22:54'),(249,36,50,9,'2016-04-02 17:12:04'),(250,46,64,4,'2017-07-30 02:36:50'),(251,12,25,6,'2019-02-26 17:16:40'),(252,65,51,5,'2019-10-11 23:02:17'),(253,57,31,6,'2012-02-03 11:13:33'),(254,79,48,6,'2019-08-01 04:43:59'),(255,49,11,8,'2017-10-09 02:42:55'),(256,73,79,8,'2014-08-17 07:19:19'),(257,70,66,4,'2011-10-29 07:09:44'),(258,96,95,5,'2015-04-30 14:00:57'),(259,7,7,5,'2016-06-09 07:36:02'),(260,45,75,6,'2021-02-26 13:07:57'),(261,11,96,9,'2018-10-16 09:43:18'),(262,29,67,8,'2017-10-03 13:22:33'),(263,92,89,8,'2018-03-23 23:21:04'),(264,87,85,4,'2011-12-02 13:44:26'),(265,77,80,7,'2013-02-08 21:24:53'),(266,88,26,3,'2014-11-12 18:49:50'),(267,39,49,8,'2017-06-13 10:37:17'),(268,81,38,5,'2019-03-04 16:28:59'),(269,9,23,8,'2016-07-23 03:57:14'),(270,18,29,7,'2018-06-30 00:59:21'),(271,4,13,6,'2018-05-28 21:53:30'),(272,100,29,8,'2019-02-18 15:04:42'),(273,6,4,9,'2011-07-09 13:50:21'),(274,84,37,3,'2021-02-20 10:17:49'),(275,51,50,3,'2016-02-27 21:56:09'),(276,49,10,3,'2019-06-26 01:35:36'),(277,55,45,6,'2014-11-19 02:16:10'),(278,80,48,6,'2013-10-31 21:06:20'),(279,78,90,3,'2011-07-23 03:14:34'),(280,26,24,4,'2019-05-16 09:23:33'),(281,95,1,7,'2015-08-03 10:35:06'),(282,80,54,5,'2015-02-27 02:27:19'),(283,53,25,3,'2017-06-13 16:59:29'),(284,18,29,9,'2017-05-24 03:04:20'),(285,63,79,3,'2018-05-10 16:09:11'),(286,42,100,5,'2013-11-23 18:03:19'),(287,65,77,8,'2017-08-03 22:00:10'),(288,13,58,9,'2011-08-31 23:57:03'),(289,90,94,7,'2017-05-01 09:05:31'),(290,63,22,6,'2019-03-21 14:20:15'),(291,83,42,3,'2020-11-14 06:47:02'),(292,48,2,5,'2015-04-18 07:12:10'),(293,19,68,3,'2012-07-17 19:27:26'),(294,22,78,9,'2017-08-16 02:10:00'),(295,17,30,9,'2019-05-29 12:50:15'),(296,17,52,5,'2015-09-26 16:29:57'),(297,64,92,9,'2013-04-18 09:30:41'),(298,61,71,5,'2020-12-16 08:04:54'),(299,98,1,3,'2020-01-28 22:36:50'),(300,30,48,8,'2015-12-11 12:11:23'),(301,60,69,6,'2017-07-20 12:32:51'),(302,85,34,4,'2015-04-02 01:03:25'),(303,99,47,8,'2012-05-13 09:58:28'),(304,44,31,7,'2016-09-21 22:04:37'),(305,20,70,5,'2012-08-10 20:28:05'),(306,30,90,6,'2015-09-17 11:50:16'),(307,29,4,7,'2019-05-07 03:09:30'),(308,47,68,6,'2018-07-03 03:51:51'),(309,26,87,7,'2014-11-08 10:25:11'),(310,7,64,7,'2019-08-17 15:57:19'),(311,58,81,9,'2020-06-17 21:46:12'),(312,32,40,7,'2018-05-02 13:00:19'),(313,46,64,4,'2018-09-28 06:40:05'),(314,20,58,9,'2012-01-01 07:33:51'),(315,35,45,6,'2013-07-18 01:10:06'),(316,23,99,7,'2021-02-17 19:41:20'),(317,18,62,7,'2017-09-09 03:44:38'),(318,3,16,7,'2012-07-12 07:58:36'),(319,57,6,8,'2017-09-23 06:56:58'),(320,59,98,7,'2013-11-28 10:00:30'),(321,2,37,3,'2020-05-23 08:21:58'),(322,66,99,9,'2018-12-26 17:20:08'),(323,71,80,4,'2013-02-09 05:52:04'),(324,39,5,4,'2017-02-26 21:27:18'),(325,66,41,8,'2020-06-08 18:10:04'),(326,88,76,7,'2012-01-06 01:54:59'),(327,2,53,7,'2014-10-15 20:59:05'),(328,46,35,9,'2021-01-09 09:31:45'),(329,86,55,5,'2012-05-21 17:32:16'),(330,71,32,8,'2011-08-24 13:56:13'),(331,4,13,9,'2015-10-31 20:21:13'),(332,82,87,9,'2013-03-04 02:18:50'),(333,73,54,5,'2019-12-06 00:12:10'),(334,100,9,5,'2016-10-30 11:55:33'),(335,64,84,4,'2019-04-13 19:02:30'),(336,80,19,7,'2011-12-18 15:42:32'),(337,37,59,6,'2012-03-24 14:14:52'),(338,5,64,4,'2017-04-07 01:42:17'),(339,96,87,3,'2011-10-14 09:10:00'),(340,96,45,7,'2014-05-22 19:18:27'),(341,74,14,7,'2013-04-08 22:03:49'),(342,34,64,4,'2017-03-01 14:09:58'),(343,64,76,5,'2014-12-31 00:49:27'),(344,7,65,3,'2012-09-26 03:33:00'),(345,57,67,8,'2020-05-30 04:10:01'),(346,28,73,6,'2017-02-25 08:11:11'),(347,50,19,6,'2015-07-08 19:14:37'),(348,66,26,4,'2020-05-14 10:36:32'),(349,53,9,6,'2013-03-23 10:33:39'),(350,29,90,5,'2019-04-07 21:59:02'),(351,26,56,9,'2013-09-01 14:17:10'),(352,94,40,4,'2016-11-08 04:08:17'),(353,34,3,6,'2020-05-04 15:09:10'),(354,55,34,7,'2013-11-07 16:30:10'),(355,38,5,4,'2012-03-31 01:43:12'),(356,86,48,7,'2019-12-27 07:25:54'),(357,20,79,4,'2014-01-09 05:53:33'),(358,1,74,8,'2017-05-12 17:52:10'),(359,94,69,8,'2013-03-21 05:44:10'),(360,42,72,6,'2021-02-07 02:17:53'),(361,51,60,4,'2012-06-18 23:18:09'),(362,92,75,5,'2016-07-14 18:55:08'),(363,100,6,7,'2016-06-27 06:53:53'),(364,45,1,9,'2015-12-03 00:54:05'),(365,77,59,7,'2020-08-13 06:04:43'),(366,12,13,7,'2017-11-25 01:08:42'),(367,31,70,8,'2017-10-01 10:33:50'),(368,17,2,5,'2016-05-09 12:42:58'),(369,89,86,6,'2018-03-10 22:05:35'),(370,67,45,6,'2017-09-09 13:18:56'),(371,26,35,8,'2019-05-28 18:57:45'),(372,35,5,6,'2020-06-30 12:58:01'),(373,88,13,4,'2013-04-29 21:18:11'),(374,81,20,4,'2011-07-25 19:15:04'),(375,82,5,5,'2013-02-19 04:22:06'),(376,39,83,7,'2018-07-23 10:57:02'),(377,100,54,5,'2019-11-16 06:45:49'),(378,90,94,3,'2014-10-09 17:47:44'),(379,8,66,9,'2017-11-08 18:32:59'),(380,93,71,6,'2021-04-04 00:23:42'),(381,8,47,8,'2020-11-27 09:24:56'),(382,27,6,5,'2016-02-04 23:56:48'),(383,71,12,9,'2013-08-19 06:30:33'),(384,6,40,5,'2015-07-02 00:38:26'),(385,17,66,7,'2018-12-21 16:45:43'),(386,37,77,7,'2020-03-05 01:32:02'),(387,69,25,8,'2015-06-30 09:19:20'),(388,64,70,5,'2011-10-01 04:30:54'),(389,27,76,7,'2020-08-27 19:26:44'),(390,18,12,3,'2017-02-24 05:55:05'),(391,96,78,9,'2012-07-15 17:09:56'),(392,97,8,7,'2019-08-19 06:58:00'),(393,32,25,9,'2012-12-08 12:55:12'),(394,51,73,5,'2017-07-14 12:38:48'),(395,75,58,8,'2020-08-04 09:10:14'),(396,81,25,4,'2014-10-11 02:28:11'),(397,52,85,3,'2018-01-14 11:16:07'),(398,56,13,3,'2018-11-24 03:21:28'),(399,92,44,3,'2020-07-15 23:42:00'),(400,13,17,6,'2013-11-01 23:06:36'),(401,26,55,3,'2011-12-07 08:01:22'),(402,27,44,4,'2011-09-05 20:19:39'),(403,72,60,3,'2014-10-17 00:14:33'),(404,53,6,8,'2020-11-23 03:05:02'),(405,23,70,4,'2017-08-15 12:48:08'),(406,80,89,9,'2015-02-13 05:30:21'),(407,62,16,3,'2017-04-14 09:04:16'),(408,28,29,8,'2011-05-06 02:12:12'),(409,26,6,8,'2015-07-17 05:57:56'),(410,6,42,9,'2018-11-28 17:48:12'),(411,22,19,4,'2017-02-26 15:15:26'),(412,6,64,3,'2013-02-20 10:18:05'),(413,38,9,6,'2017-05-04 11:28:47'),(414,82,50,5,'2021-01-04 11:50:55'),(415,28,81,7,'2015-05-08 09:00:02'),(416,74,27,4,'2019-07-24 13:28:31'),(417,18,31,4,'2013-10-16 03:19:36'),(418,52,99,7,'2019-10-07 23:10:36'),(419,76,73,7,'2016-07-26 15:58:35'),(420,82,2,3,'2021-04-19 13:38:12'),(421,59,75,9,'2016-03-25 04:12:55'),(422,72,92,7,'2020-08-04 14:57:34'),(423,16,17,6,'2019-04-01 14:41:33'),(424,36,99,8,'2016-11-19 14:49:37'),(425,13,98,9,'2015-12-21 18:15:34'),(426,61,70,5,'2014-01-17 14:46:37'),(427,59,37,6,'2019-10-16 01:33:16'),(428,7,57,4,'2021-02-25 17:37:12'),(429,59,29,8,'2011-06-05 23:17:24'),(430,95,90,8,'2015-02-01 09:22:51'),(431,94,93,7,'2019-10-11 11:57:12'),(432,65,84,5,'2014-07-19 07:44:41'),(433,59,58,6,'2015-04-07 03:12:58'),(434,53,84,3,'2013-01-03 11:20:20'),(435,44,23,6,'2020-11-12 00:07:39'),(436,78,25,7,'2020-04-10 06:50:25'),(437,65,27,4,'2011-06-12 19:13:25'),(438,73,45,6,'2017-11-19 16:23:26'),(439,10,78,7,'2012-03-21 00:54:32'),(440,40,16,9,'2018-03-06 10:57:21'),(441,3,73,7,'2018-07-28 02:29:16'),(442,18,11,6,'2019-03-17 15:23:37'),(443,12,34,6,'2019-09-30 06:30:44'),(444,79,36,6,'2017-08-07 09:09:25'),(445,59,13,9,'2013-04-14 13:57:08'),(446,66,60,6,'2016-12-16 22:30:27'),(447,51,28,7,'2019-10-17 23:49:33'),(448,89,26,8,'2016-08-05 05:50:00'),(449,60,86,5,'2019-01-17 10:22:08'),(450,54,74,3,'2017-02-28 14:06:01'),(451,77,34,4,'2015-05-17 02:41:51'),(452,76,50,3,'2018-12-03 18:46:13'),(453,59,54,4,'2013-11-18 02:56:40'),(454,72,62,6,'2018-05-23 00:37:13'),(455,2,60,7,'2016-12-16 01:27:24'),(456,28,74,8,'2014-01-27 08:21:06'),(457,5,56,9,'2015-08-11 10:50:58'),(458,40,21,4,'2019-11-14 16:28:46'),(459,57,82,8,'2014-07-25 00:57:59'),(460,78,69,4,'2014-12-30 09:58:43'),(461,77,92,9,'2014-08-09 12:04:02'),(462,59,38,6,'2014-12-15 13:44:03'),(463,61,72,3,'2018-05-02 18:32:41'),(464,51,96,8,'2015-06-28 09:08:07'),(465,91,95,9,'2017-09-09 22:59:16'),(466,86,2,7,'2013-10-18 09:58:19'),(467,60,7,8,'2014-05-05 02:53:48'),(468,23,34,5,'2017-10-20 16:01:53'),(469,60,11,9,'2019-03-26 14:57:55'),(470,95,17,4,'2013-12-04 20:13:30'),(471,46,65,9,'2019-11-05 20:14:30'),(472,39,70,8,'2018-04-08 00:09:50'),(473,36,79,8,'2020-11-03 16:34:31'),(474,32,27,9,'2013-07-10 20:26:00'),(475,17,33,7,'2019-07-26 01:20:44'),(476,79,97,8,'2020-06-20 08:49:53'),(477,10,94,9,'2011-10-24 06:21:12'),(478,61,46,5,'2019-01-14 13:21:20'),(479,32,19,8,'2019-02-07 05:02:10'),(480,78,38,9,'2014-12-19 19:27:39'),(481,22,79,3,'2015-09-18 15:20:03'),(482,25,12,9,'2013-11-21 14:09:20'),(483,48,73,9,'2018-02-09 11:05:10'),(484,17,69,3,'2020-12-04 17:26:30'),(485,79,66,4,'2011-12-07 19:06:10'),(486,74,81,7,'2017-01-15 23:50:20'),(487,87,12,6,'2015-07-04 23:03:51'),(488,60,53,8,'2015-04-22 12:48:38'),(489,7,75,7,'2014-04-21 12:55:29'),(490,13,96,7,'2015-10-14 23:40:09'),(491,50,65,4,'2020-07-26 02:34:18'),(492,40,92,3,'2018-04-04 14:21:13'),(493,3,71,8,'2018-06-30 16:12:04'),(494,20,11,3,'2018-05-09 21:05:00'),(495,59,23,3,'2014-10-01 20:22:27'),(496,75,3,6,'2013-05-27 21:28:53'),(497,89,46,6,'2014-03-22 00:29:34'),(498,55,73,8,'2015-11-16 09:52:54'),(499,53,51,9,'2019-11-20 23:24:42'),(500,21,14,3,'2013-12-13 12:42:11'),(501,54,41,8,'2018-12-18 22:33:53'),(502,34,31,3,'2020-05-07 15:46:31'),(503,44,48,3,'2021-02-19 05:48:35'),(504,96,11,4,'2019-12-08 04:23:28'),(505,54,83,6,'2012-04-23 17:05:08'),(506,15,32,8,'2012-07-09 09:32:03'),(507,25,12,6,'2013-10-31 02:13:07'),(508,38,30,5,'2014-03-06 05:35:38'),(509,31,62,9,'2011-05-28 06:03:06'),(510,42,24,3,'2020-11-01 20:48:51'),(511,92,13,5,'2017-08-17 10:16:39'),(512,80,19,8,'2012-03-09 22:30:37'),(513,68,93,8,'2017-05-06 11:20:58'),(514,13,27,6,'2015-11-21 04:29:22'),(515,25,34,4,'2020-07-21 04:08:17'),(516,7,80,5,'2016-03-15 22:20:42'),(517,33,34,7,'2019-12-25 12:57:46'),(518,66,90,6,'2017-05-23 09:37:11'),(519,53,43,4,'2012-05-17 14:34:36'),(520,11,39,9,'2020-07-01 07:05:17'),(521,58,66,9,'2019-02-13 15:48:27'),(522,4,55,4,'2018-03-17 18:26:48'),(523,69,63,4,'2012-12-10 11:06:22'),(524,71,69,6,'2017-08-17 20:51:19'),(525,55,56,3,'2016-05-17 13:37:34'),(526,87,25,6,'2015-03-03 16:34:11'),(527,33,55,6,'2018-07-21 05:34:48'),(528,91,82,7,'2013-01-22 16:19:39'),(529,15,59,6,'2012-11-18 02:30:32'),(530,85,24,4,'2020-11-20 18:39:04'),(531,89,48,6,'2015-12-07 13:50:45'),(532,17,87,9,'2020-08-04 19:32:39'),(533,67,67,9,'2020-09-26 10:44:02'),(534,67,85,8,'2014-03-20 16:09:04'),(535,25,45,8,'2018-09-06 17:49:26'),(536,48,77,5,'2012-12-18 07:40:10'),(537,70,10,5,'2020-04-13 19:15:13'),(538,72,38,6,'2012-05-30 20:21:48'),(539,66,92,8,'2018-04-07 15:41:38'),(540,97,68,7,'2016-11-17 05:34:18'),(541,35,52,7,'2020-07-31 11:35:42'),(542,57,96,9,'2017-09-17 03:55:01'),(543,17,35,3,'2018-09-11 18:38:10'),(544,16,73,4,'2013-04-12 05:22:22'),(545,77,53,7,'2015-08-23 01:28:58'),(546,19,87,8,'2012-06-06 22:18:30'),(547,37,30,5,'2014-08-24 18:54:57'),(548,13,82,5,'2017-09-07 10:54:00'),(549,46,71,5,'2018-06-26 14:41:14'),(550,71,32,6,'2012-10-20 17:24:20'),(551,34,95,9,'2019-09-13 04:29:54'),(552,87,71,7,'2013-05-15 20:17:33'),(553,63,88,6,'2012-08-24 03:20:31'),(554,81,88,8,'2012-07-19 02:23:24'),(555,55,78,5,'2012-05-01 08:49:12'),(556,10,42,4,'2011-12-06 00:45:21'),(557,34,43,3,'2014-08-25 14:00:32'),(558,15,95,7,'2013-02-17 22:58:53'),(559,94,4,6,'2014-08-19 04:08:26'),(560,25,62,9,'2016-12-25 18:57:46'),(561,16,32,3,'2019-10-08 19:34:32'),(562,94,44,5,'2016-12-30 12:40:52'),(563,31,57,9,'2012-01-11 03:27:48'),(564,96,61,3,'2013-11-15 12:53:13'),(565,53,7,5,'2013-02-22 11:47:02'),(566,36,2,3,'2016-08-04 06:28:40'),(567,82,51,5,'2011-11-08 14:37:30'),(568,11,54,9,'2016-11-16 04:12:28'),(569,72,73,8,'2015-07-19 22:28:06'),(570,35,85,4,'2019-04-10 05:11:11'),(571,96,38,8,'2016-06-26 21:30:52'),(572,52,93,7,'2013-10-21 12:55:34'),(573,64,49,3,'2018-12-09 22:02:04'),(574,22,41,7,'2018-02-24 05:45:17'),(575,39,73,8,'2011-05-20 21:10:50'),(576,54,35,5,'2013-09-28 18:50:30'),(577,49,62,4,'2019-01-19 15:38:02'),(578,22,97,8,'2015-10-22 16:45:27'),(579,93,23,3,'2021-03-20 08:55:58'),(580,10,52,5,'2015-12-20 16:07:35'),(581,46,65,3,'2013-07-28 08:16:35'),(582,6,45,9,'2012-01-12 06:12:55'),(583,86,69,4,'2017-09-21 11:17:23'),(584,21,54,5,'2014-02-24 09:13:06'),(585,82,61,7,'2016-09-10 02:31:09'),(586,6,2,6,'2013-08-07 21:13:46'),(587,20,98,4,'2019-01-28 12:29:48'),(588,93,59,6,'2013-01-25 21:45:59'),(589,80,76,9,'2016-05-16 09:37:33'),(590,72,38,5,'2012-02-13 00:09:55'),(591,58,46,3,'2011-09-17 07:25:27'),(592,33,12,8,'2020-12-13 17:26:11'),(593,30,42,7,'2021-01-05 14:59:53'),(594,32,71,5,'2014-01-14 19:21:32'),(595,87,94,8,'2012-05-19 18:02:36'),(596,6,84,8,'2013-10-20 19:57:00'),(597,48,81,6,'2020-05-05 17:08:38'),(598,53,30,8,'2013-11-29 05:09:25'),(599,15,83,8,'2021-03-31 04:43:05'),(600,41,34,3,'2019-07-14 05:32:12'),(601,69,81,3,'2019-08-18 17:44:28'),(602,62,92,6,'2013-09-09 15:41:14'),(603,84,27,4,'2011-07-04 03:19:34'),(604,78,8,9,'2020-07-08 19:06:39'),(605,84,64,6,'2013-01-20 14:12:27'),(606,4,93,5,'2017-01-29 15:10:50'),(607,12,42,3,'2021-03-24 00:26:42'),(608,82,60,4,'2019-02-24 16:06:05'),(609,80,1,7,'2019-04-05 01:00:10'),(610,55,21,8,'2013-11-14 04:22:14'),(611,83,31,5,'2016-02-15 10:04:20'),(612,22,8,9,'2014-05-14 05:28:53'),(613,82,74,3,'2012-11-18 22:41:41'),(614,78,15,6,'2011-11-22 04:14:36'),(615,39,36,7,'2017-10-17 08:24:51'),(616,72,61,3,'2018-08-14 06:38:18'),(617,57,32,3,'2012-12-01 08:43:18'),(618,38,83,9,'2019-09-09 10:53:31'),(619,51,10,9,'2019-02-02 04:23:30'),(620,14,95,5,'2014-12-15 10:42:46'),(621,43,66,7,'2018-11-20 13:20:26'),(622,12,3,9,'2014-10-31 03:10:36'),(623,11,55,8,'2014-04-30 20:33:19'),(624,48,65,5,'2014-11-21 15:38:00'),(625,62,81,6,'2020-07-01 12:03:19'),(626,75,43,9,'2012-01-15 05:31:06'),(627,12,98,7,'2018-04-06 05:05:38'),(628,7,15,7,'2020-03-07 12:52:40'),(629,95,81,7,'2013-07-12 15:47:37'),(630,22,91,6,'2011-09-21 21:42:05'),(631,36,22,5,'2016-09-10 08:12:14'),(632,14,4,8,'2014-09-03 09:06:12'),(633,89,67,4,'2015-01-09 00:24:20'),(634,82,90,6,'2013-10-19 22:51:34'),(635,61,77,8,'2020-03-06 18:50:54'),(636,53,44,7,'2020-06-20 02:57:26'),(637,77,85,8,'2015-07-30 18:55:18'),(638,63,14,4,'2020-08-20 01:40:30'),(639,71,17,4,'2021-04-19 01:30:59'),(640,9,96,6,'2020-06-16 21:24:48'),(641,67,96,8,'2020-03-20 02:38:12'),(642,53,68,6,'2020-05-13 00:14:51'),(643,49,90,6,'2016-10-27 13:50:59'),(644,7,54,9,'2019-01-27 02:10:41'),(645,1,62,3,'2014-06-28 06:12:09'),(646,25,96,3,'2021-04-29 02:22:22'),(647,29,36,9,'2014-01-26 05:17:26'),(648,34,29,6,'2012-10-29 09:29:36'),(649,5,66,9,'2017-08-21 12:16:33'),(650,68,51,3,'2011-08-17 00:09:22'),(651,93,58,6,'2018-11-10 00:48:23'),(652,8,64,9,'2012-09-08 14:01:09'),(653,11,52,3,'2020-01-27 10:18:09'),(654,63,55,5,'2015-10-28 06:05:14'),(655,67,95,6,'2018-09-22 16:09:17'),(656,42,64,7,'2017-02-14 21:38:21'),(657,49,96,7,'2014-07-27 06:01:08'),(658,58,95,8,'2017-06-06 14:06:53'),(659,31,24,5,'2018-03-22 03:29:19'),(660,47,100,7,'2014-06-25 05:48:19'),(661,62,78,9,'2013-01-24 10:53:13'),(662,28,6,9,'2020-10-22 18:40:59'),(663,24,52,3,'2015-06-17 06:17:07'),(664,15,88,4,'2016-10-20 01:43:54'),(665,12,47,8,'2013-10-22 22:06:16'),(666,90,74,5,'2016-09-27 15:43:33'),(667,16,96,9,'2011-06-30 16:52:51'),(668,15,11,3,'2018-08-09 15:52:26'),(669,18,69,3,'2019-02-21 10:37:24'),(670,91,31,8,'2018-09-08 22:28:07'),(671,74,53,9,'2021-04-30 16:24:30'),(672,97,12,8,'2020-09-19 09:50:23'),(673,25,75,9,'2018-01-23 18:29:16'),(674,99,95,7,'2021-03-31 06:34:36'),(675,2,67,8,'2013-12-07 14:35:22'),(676,58,72,9,'2011-10-13 05:09:22'),(677,90,93,4,'2013-04-01 08:54:41'),(678,86,57,5,'2011-05-29 07:58:48'),(679,23,59,6,'2020-03-22 19:31:06'),(680,49,37,3,'2016-01-29 18:01:18'),(681,82,78,8,'2017-04-10 22:00:42'),(682,90,42,6,'2020-04-09 23:23:16'),(683,17,65,4,'2015-07-05 18:18:38'),(684,47,39,8,'2012-05-31 17:54:12'),(685,100,62,4,'2013-08-10 21:14:22'),(686,66,73,5,'2012-05-18 13:45:24'),(687,93,80,8,'2017-09-11 06:34:48'),(688,61,81,9,'2014-12-26 09:41:52'),(689,29,6,3,'2013-04-27 05:32:47'),(690,90,41,4,'2018-05-23 04:40:06'),(691,14,59,7,'2013-06-10 17:48:12'),(692,86,72,4,'2013-09-20 09:13:56'),(693,84,47,3,'2013-12-27 22:53:39'),(694,15,5,3,'2018-04-27 04:26:47'),(695,96,44,6,'2016-07-19 03:21:32'),(696,79,40,6,'2018-08-29 16:35:24'),(697,60,54,6,'2015-05-07 20:14:33'),(698,75,90,7,'2013-09-02 16:28:21'),(699,77,29,8,'2013-12-08 08:33:15'),(700,65,53,4,'2013-12-02 14:59:00'),(701,30,69,5,'2018-07-19 05:49:28'),(702,60,84,6,'2011-09-09 09:36:22'),(703,46,41,7,'2016-12-18 14:50:06'),(704,29,7,5,'2015-02-28 12:14:58'),(705,50,97,5,'2014-10-07 08:12:31'),(706,51,76,7,'2013-04-11 21:40:03'),(707,51,33,5,'2020-11-11 06:37:32'),(708,86,59,4,'2012-01-26 13:08:42'),(709,10,4,9,'2018-11-17 15:54:20'),(710,74,28,9,'2016-04-22 00:57:59'),(711,28,95,5,'2012-12-15 03:29:22'),(712,45,30,8,'2012-07-09 10:19:24'),(713,54,54,5,'2012-10-04 04:00:59'),(714,94,9,4,'2021-04-05 03:20:28'),(715,54,76,8,'2013-05-03 21:42:43'),(716,63,75,4,'2017-05-03 02:21:51'),(717,53,74,8,'2012-06-09 00:55:25'),(718,5,96,6,'2017-08-15 21:07:59'),(719,41,43,3,'2016-03-28 20:24:19'),(720,85,53,4,'2020-09-19 22:12:17'),(721,7,65,3,'2020-03-07 00:12:19'),(722,49,67,5,'2016-05-19 16:09:45'),(723,35,16,7,'2016-11-23 17:46:34'),(724,28,28,8,'2011-11-08 04:42:25'),(725,46,66,5,'2020-08-25 04:41:46'),(726,87,13,5,'2018-05-15 01:52:33'),(727,45,51,8,'2017-02-12 09:38:53'),(728,37,92,8,'2012-04-17 03:36:05'),(729,71,33,7,'2019-06-17 17:13:18'),(730,33,71,5,'2012-06-20 07:40:32'),(731,10,55,5,'2011-05-19 09:41:19'),(732,23,16,4,'2014-07-18 11:18:49'),(733,97,46,5,'2014-08-03 16:53:33'),(734,37,23,3,'2013-04-02 18:34:21'),(735,9,88,5,'2021-02-11 11:00:17'),(736,11,22,3,'2012-09-13 17:18:18'),(737,100,73,7,'2013-02-25 02:47:16'),(738,71,61,4,'2019-02-20 07:05:57'),(739,98,52,4,'2018-02-12 22:39:51'),(740,1,35,5,'2012-07-20 11:26:55'),(741,66,10,6,'2013-02-10 22:43:54'),(742,28,36,5,'2020-06-04 11:44:56'),(743,46,24,8,'2019-02-05 09:31:59'),(744,5,41,4,'2011-05-09 18:04:08'),(745,39,44,9,'2012-10-13 12:17:05'),(746,52,11,8,'2012-09-25 06:06:42'),(747,57,44,5,'2018-11-06 21:46:58'),(748,46,63,6,'2020-06-21 21:31:27'),(749,35,26,6,'2013-09-17 01:58:30'),(750,30,11,9,'2017-02-11 22:33:10'),(751,36,44,8,'2013-08-19 08:38:36'),(752,96,91,6,'2018-10-26 18:21:32'),(753,25,35,4,'2014-11-27 01:12:33'),(754,25,39,7,'2012-03-07 08:07:27'),(755,45,9,7,'2014-09-07 23:00:40'),(756,26,90,3,'2021-01-19 21:55:53'),(757,34,83,5,'2021-04-16 05:07:10'),(758,93,38,4,'2017-03-09 15:48:20'),(759,74,18,5,'2016-12-13 03:46:28'),(760,97,37,8,'2020-06-26 22:14:59'),(761,58,49,6,'2019-04-03 01:40:02'),(762,9,72,7,'2013-09-27 15:58:28'),(763,40,93,6,'2014-02-14 01:11:28'),(764,27,21,7,'2014-12-24 04:28:10'),(765,75,85,3,'2014-09-25 07:58:16'),(766,56,72,7,'2019-10-19 13:38:11'),(767,100,25,6,'2014-03-22 13:10:08'),(768,46,14,4,'2011-05-28 14:31:04'),(769,1,16,3,'2012-08-15 00:54:48'),(770,20,69,4,'2018-03-02 06:54:52'),(771,53,77,6,'2014-10-29 16:42:59'),(772,96,96,6,'2014-01-16 09:27:18'),(773,67,96,4,'2021-04-25 21:32:01'),(774,67,55,4,'2018-10-31 15:13:56'),(775,68,28,8,'2016-05-05 09:53:26'),(776,7,29,6,'2013-01-08 17:18:21'),(777,67,56,3,'2020-04-20 05:48:07'),(778,84,71,9,'2016-04-17 05:58:59'),(779,49,34,6,'2017-02-07 01:50:53'),(780,37,88,7,'2015-07-26 07:02:30'),(781,4,54,5,'2019-08-03 00:44:21'),(782,65,25,3,'2015-07-15 18:26:23'),(783,7,34,6,'2016-08-24 11:24:12'),(784,2,45,8,'2013-11-28 07:11:52'),(785,84,93,5,'2019-11-17 21:32:55'),(786,100,66,3,'2016-11-01 08:36:28'),(787,27,49,8,'2013-05-06 05:22:30'),(788,3,10,6,'2011-05-28 14:26:22'),(789,72,13,3,'2019-05-02 23:55:18'),(790,26,91,3,'2019-07-12 23:06:36'),(791,92,78,7,'2017-06-17 13:44:03'),(792,23,10,5,'2014-08-11 08:30:11'),(793,91,85,4,'2019-06-11 01:27:28'),(794,51,68,5,'2015-12-12 13:24:48'),(795,7,76,8,'2017-02-10 10:23:44'),(796,39,69,6,'2013-12-05 21:36:03'),(797,35,10,6,'2012-05-22 06:50:09'),(798,23,11,7,'2016-04-14 14:44:45'),(799,28,91,8,'2012-08-06 13:12:58'),(800,47,61,4,'2015-02-21 22:57:20'),(801,39,40,6,'2016-01-08 12:19:09'),(802,13,98,7,'2013-07-30 01:14:35'),(803,73,80,7,'2019-04-12 03:45:28'),(804,13,28,6,'2014-11-29 14:33:08'),(805,59,15,6,'2019-12-31 08:16:38'),(806,37,28,4,'2019-08-02 05:11:43'),(807,48,20,8,'2017-03-31 08:41:25'),(808,37,82,3,'2012-07-15 06:08:41'),(809,70,25,7,'2017-11-18 16:48:09'),(810,2,15,8,'2014-10-16 05:19:21'),(811,30,85,3,'2017-04-04 10:51:26'),(812,19,59,8,'2012-10-09 10:56:24'),(813,77,100,3,'2012-01-14 14:22:29'),(814,43,36,6,'2020-01-02 23:07:44'),(815,90,5,9,'2014-11-29 07:41:27'),(816,67,1,6,'2020-06-10 17:28:19'),(817,29,77,5,'2019-01-14 11:01:40'),(818,79,42,6,'2012-04-30 06:04:36'),(819,57,98,6,'2019-11-03 16:21:28'),(820,91,31,9,'2012-12-06 18:21:50'),(821,87,69,4,'2015-05-03 03:57:57'),(822,67,15,3,'2014-03-05 19:41:48'),(823,80,5,3,'2016-11-25 18:58:31'),(824,39,91,3,'2015-06-05 22:05:05'),(825,48,72,9,'2014-01-10 17:34:24'),(826,50,69,3,'2020-06-17 06:09:36'),(827,57,18,4,'2017-07-26 08:34:50'),(828,25,5,3,'2013-08-16 17:30:01'),(829,90,80,8,'2014-10-30 22:14:16'),(830,96,55,5,'2012-10-21 20:07:43'),(831,25,43,7,'2018-05-04 09:08:03'),(832,30,16,9,'2018-08-28 04:55:43'),(833,54,23,9,'2020-07-30 22:18:03'),(834,84,44,8,'2018-03-26 05:06:56'),(835,33,98,6,'2016-07-20 20:43:34'),(836,59,19,9,'2015-07-25 09:18:43'),(837,12,97,6,'2018-04-30 05:42:43'),(838,85,4,5,'2012-04-23 07:15:03'),(839,51,53,9,'2016-12-11 06:33:17'),(840,37,67,5,'2017-07-14 00:09:01'),(841,57,86,6,'2020-01-24 17:19:32'),(842,66,63,7,'2019-01-20 19:35:49'),(843,56,8,6,'2013-10-08 18:34:32'),(844,29,61,8,'2018-07-07 15:31:05'),(845,71,25,5,'2018-01-25 10:46:07'),(846,27,79,9,'2020-05-10 04:29:35'),(847,69,55,7,'2017-05-05 05:16:13'),(848,41,99,6,'2016-01-27 10:22:31'),(849,25,89,4,'2020-05-07 16:55:02'),(850,7,78,5,'2019-11-07 16:34:43'),(851,76,84,4,'2011-10-29 19:44:44'),(852,66,65,3,'2014-10-24 19:57:02'),(853,36,65,8,'2018-03-03 09:56:24'),(854,46,79,7,'2011-12-23 14:49:15'),(855,73,9,7,'2011-11-22 11:41:45'),(856,95,81,5,'2018-06-20 23:04:56'),(857,59,11,8,'2013-06-02 13:35:41'),(858,4,75,9,'2020-07-17 05:41:51'),(859,26,94,8,'2015-02-11 18:14:17'),(860,40,99,6,'2021-03-15 15:45:12'),(861,4,21,9,'2012-04-04 13:51:49'),(862,16,81,4,'2016-06-30 03:15:21'),(863,26,39,6,'2016-02-17 10:57:35'),(864,66,27,5,'2015-11-25 04:04:09'),(865,78,81,6,'2017-09-28 11:57:13'),(866,42,2,6,'2019-09-27 21:38:27'),(867,34,68,7,'2014-07-11 15:39:47'),(868,36,93,6,'2014-01-13 09:11:45'),(869,4,29,8,'2016-12-12 15:18:02'),(870,9,25,4,'2017-08-03 02:26:10'),(871,18,98,8,'2018-05-26 06:07:36'),(872,92,29,9,'2016-06-12 15:05:47'),(873,60,47,4,'2012-06-28 20:43:11'),(874,43,42,9,'2017-02-20 22:29:08'),(875,31,22,4,'2018-07-12 22:45:59'),(876,69,18,7,'2014-10-14 01:29:46'),(877,14,46,9,'2015-10-24 04:36:03'),(878,39,20,6,'2015-06-08 03:15:07'),(879,4,100,5,'2012-07-11 11:26:05'),(880,87,82,5,'2019-04-06 19:11:22'),(881,18,57,3,'2014-01-04 23:47:15'),(882,87,39,3,'2018-09-04 08:48:17'),(883,19,8,3,'2016-05-15 06:35:33'),(884,84,79,4,'2021-03-30 15:01:46'),(885,32,54,9,'2016-03-16 14:41:53'),(886,86,19,9,'2013-01-27 12:56:40'),(887,60,50,6,'2016-06-21 10:39:50'),(888,18,91,5,'2017-08-15 12:52:08'),(889,2,66,9,'2018-06-16 04:33:48'),(890,8,100,8,'2019-06-30 22:45:08'),(891,81,82,5,'2018-08-15 16:13:40'),(892,83,67,8,'2014-05-09 14:43:33'),(893,66,73,6,'2015-02-08 22:57:31'),(894,22,60,4,'2015-03-04 01:27:55'),(895,40,21,3,'2021-01-02 05:03:08'),(896,11,6,6,'2015-10-29 02:30:09'),(897,79,4,5,'2011-08-22 23:54:12'),(898,52,43,5,'2013-07-26 23:14:02'),(899,37,16,3,'2019-03-06 07:21:31'),(900,90,10,3,'2018-12-27 22:00:28'),(901,62,32,3,'2019-10-30 22:37:28'),(902,94,86,6,'2018-01-16 21:45:48'),(903,68,95,4,'2011-10-06 14:41:54'),(904,38,72,6,'2013-10-22 03:26:15'),(905,68,58,8,'2018-04-03 19:54:11'),(906,43,79,4,'2015-05-10 08:28:26'),(907,97,13,9,'2020-04-07 07:36:47'),(908,29,99,4,'2019-09-07 14:34:54'),(909,35,96,4,'2012-04-02 14:53:11'),(910,9,98,7,'2019-01-19 12:30:03'),(911,76,26,4,'2011-07-09 07:59:07'),(912,14,4,5,'2018-11-09 19:54:03'),(913,21,18,9,'2014-01-20 01:25:18'),(914,93,47,9,'2014-06-27 06:24:28'),(915,8,71,4,'2013-02-22 23:18:26'),(916,75,53,5,'2019-10-10 17:23:49'),(917,80,39,4,'2014-05-30 20:28:17'),(918,62,54,7,'2013-08-15 09:23:41'),(919,33,15,8,'2015-04-01 19:29:18'),(920,80,45,6,'2018-11-20 10:47:17'),(921,35,53,4,'2011-12-26 02:49:45'),(922,13,39,9,'2018-08-07 23:37:02'),(923,91,53,9,'2021-03-06 11:07:28'),(924,77,10,3,'2012-12-07 17:48:15'),(925,89,98,7,'2019-01-23 20:02:46'),(926,18,91,8,'2017-07-10 00:07:33'),(927,90,92,5,'2019-03-31 08:22:19'),(928,91,25,8,'2016-03-05 00:06:14'),(929,70,76,6,'2013-03-14 02:47:36'),(930,47,71,6,'2021-04-29 03:14:07'),(931,8,45,3,'2013-08-17 13:17:58'),(932,39,41,5,'2013-10-27 15:10:40'),(933,43,84,8,'2013-01-26 09:59:27'),(934,45,39,8,'2014-03-05 06:35:50'),(935,81,86,7,'2020-09-21 07:46:23'),(936,62,35,5,'2019-01-20 00:54:22'),(937,41,46,4,'2015-12-02 21:04:06'),(938,61,57,4,'2015-08-24 05:31:44'),(939,43,44,6,'2020-12-28 22:02:13'),(940,72,27,3,'2012-05-04 02:41:51'),(941,73,59,6,'2015-12-05 23:24:35'),(942,21,84,4,'2019-08-01 07:07:11'),(943,19,25,8,'2015-05-13 03:58:40'),(944,85,87,7,'2011-10-25 17:31:14'),(945,51,58,8,'2014-06-29 04:42:31'),(946,73,31,6,'2012-03-30 10:19:03'),(947,50,57,8,'2018-03-12 22:52:16'),(948,45,66,7,'2019-11-19 07:58:17'),(949,83,26,6,'2020-09-30 06:34:17'),(950,28,59,7,'2014-10-19 19:55:52'),(951,44,36,5,'2013-02-10 13:20:53'),(952,48,17,5,'2013-06-25 09:09:21'),(953,24,100,9,'2014-10-21 08:00:45'),(954,84,28,5,'2018-05-01 20:57:23'),(955,22,36,7,'2014-04-21 04:41:21'),(956,49,36,9,'2015-06-14 07:03:20'),(957,94,64,5,'2019-08-15 01:10:37'),(958,41,64,8,'2016-11-02 12:26:56'),(959,23,18,4,'2020-02-03 09:48:42'),(960,58,100,9,'2012-12-29 22:08:00'),(961,6,14,6,'2016-09-09 02:28:33'),(962,49,7,9,'2019-03-10 09:04:13'),(963,32,87,7,'2019-07-13 23:17:34'),(964,94,60,6,'2020-04-03 15:05:20'),(965,15,63,6,'2014-10-06 12:46:51'),(966,66,61,4,'2020-03-09 08:18:27'),(967,15,55,9,'2016-10-03 11:54:03'),(968,38,19,9,'2017-08-19 01:42:33'),(969,55,14,5,'2015-07-03 16:47:02'),(970,14,7,7,'2019-04-29 11:44:35'),(971,36,18,9,'2020-03-02 22:45:57'),(972,42,100,9,'2020-11-26 13:14:27'),(973,40,74,6,'2019-10-20 11:45:18'),(974,92,3,3,'2021-01-22 20:30:20'),(975,55,22,3,'2012-07-30 23:11:58'),(976,52,75,3,'2015-05-22 00:10:01'),(977,46,89,4,'2019-05-23 00:55:20'),(978,69,13,8,'2016-12-10 13:19:55'),(979,70,68,6,'2017-04-21 21:19:57'),(980,44,3,7,'2017-12-25 16:03:57'),(981,49,81,7,'2015-06-04 14:30:10'),(982,87,72,5,'2019-06-11 20:01:44'),(983,12,97,4,'2013-09-22 09:05:33'),(984,70,74,8,'2012-04-15 09:29:41'),(985,13,86,3,'2019-12-30 12:28:18'),(986,90,79,4,'2021-01-05 09:59:28'),(987,82,21,7,'2017-05-08 04:45:37'),(988,46,11,7,'2020-03-03 17:20:45'),(989,52,46,5,'2020-11-07 05:54:06'),(990,70,23,6,'2011-07-11 14:25:54'),(991,8,70,4,'2013-05-02 07:53:09'),(992,94,30,6,'2012-07-04 20:06:58'),(993,1,70,9,'2019-12-12 21:19:26'),(994,13,15,6,'2015-10-02 20:27:53'),(995,54,25,3,'2011-10-18 00:26:24'),(996,91,43,8,'2020-12-12 05:29:18'),(997,86,24,8,'2017-09-05 20:37:26'),(998,21,19,9,'2016-02-24 14:49:37'),(999,86,23,5,'2015-06-30 11:46:30'),(1000,4,70,5,'2015-05-03 21:21:45');
/*!40000 ALTER TABLE `ratings` ENABLE KEYS */;
UNLOCK TABLES;

--
-- Table structure for table `reviews`
--

DROP TABLE IF EXISTS `reviews`;
/*!40101 SET @saved_cs_client     = @@character_set_client */;
/*!50503 SET character_set_client = utf8mb4 */;
CREATE TABLE `reviews` (
  `id` int unsigned NOT NULL AUTO_INCREMENT,
  `user_id` int unsigned NOT NULL,
  `movie_id` int unsigned DEFAULT NULL,
  `head` varchar(255) CHARACTER SET utf8mb4 COLLATE utf8mb4_unicode_ci DEFAULT NULL,
  `body` text CHARACTER SET utf8mb4 COLLATE utf8mb4_unicode_ci NOT NULL,
  `created_at` datetime DEFAULT CURRENT_TIMESTAMP,
  `updated_at` datetime DEFAULT CURRENT_TIMESTAMP ON UPDATE CURRENT_TIMESTAMP,
  PRIMARY KEY (`id`),
  KEY `reviews_user_id_fk` (`user_id`),
  KEY `reviews_movie_id_fk` (`movie_id`),
  CONSTRAINT `reviews_movie_id_fk` FOREIGN KEY (`movie_id`) REFERENCES `movies` (`id`) ON DELETE CASCADE,
  CONSTRAINT `reviews_user_id_fk` FOREIGN KEY (`user_id`) REFERENCES `users` (`id`) ON DELETE CASCADE
) ENGINE=InnoDB AUTO_INCREMENT=201 DEFAULT CHARSET=utf8mb4 COLLATE=utf8mb4_unicode_ci COMMENT='Рецензии пользователей к фильмам';
/*!40101 SET character_set_client = @saved_cs_client */;

--
-- Dumping data for table `reviews`
--

LOCK TABLES `reviews` WRITE;
/*!40000 ALTER TABLE `reviews` DISABLE KEYS */;
INSERT INTO `reviews` VALUES (1,85,92,'Laboriosam commodi.','Perferendis eveniet error voluptatem molestiae ut. Totam corrupti quos saepe sed nihil aperiam et. Atque voluptas sequi quo ad molestiae est ut. Modi dignissimos ut eaque enim et fugit.','2012-06-09 02:21:31','2021-05-01 06:23:55'),(2,43,9,'Et placeat unde.','Eligendi libero nihil non debitis et. Repellendus eos voluptatem similique laudantium qui eos quo. Nostrum omnis omnis quod eum et quisquam assumenda. Eius aut quibusdam eligendi beatae. Quia perspiciatis nesciunt est eveniet libero necessitatibus in occaecati.','2011-05-18 18:12:15','2021-05-01 06:23:55'),(3,60,67,'Dolores minus sit.','Velit ipsam sint eveniet et. Dolores eum vel temporibus molestias. Deleniti at cumque in error velit blanditiis debitis. Esse tempora ullam quam perspiciatis. Minus ea odio autem iusto id. Sunt fugiat nobis consequatur aperiam ut.','2014-10-01 15:26:13','2021-05-01 06:23:55'),(4,72,9,'Repellat perferendis.','Dolorem perspiciatis consequatur alias voluptates quas. Accusantium mollitia aliquam nemo distinctio repellendus rerum minus sunt. Excepturi temporibus aliquam expedita totam. Ut qui provident laborum eos. Consequatur hic et dolorum consequatur. Quaerat est rerum fugit. Alias est ducimus fuga perferendis eum eos quae.','2019-01-15 21:31:23','2021-05-01 06:23:55'),(5,79,44,'Consectetur sint.','Odio debitis voluptate ipsam deleniti magni incidunt nihil quis. Omnis repellendus possimus veritatis consequatur occaecati. Officiis dolore rem mollitia et totam. Ut enim nostrum sed vero consequuntur qui. Rerum nisi et incidunt minima beatae magnam tempore.','2014-06-16 20:22:22','2021-05-01 06:23:55'),(6,79,92,'Cumque dolores et.','Modi omnis veniam beatae reprehenderit deleniti recusandae quo harum. Qui porro deserunt facere dignissimos veritatis quos aut. Quasi distinctio dignissimos eos ipsa laudantium. Aspernatur maxime nobis ipsa sed odit quae. Libero fuga magni et sed quia. Dicta ad non qui et veniam ratione et. Aut id incidunt cumque ut ut.','2017-12-26 14:45:29','2021-05-01 06:23:55'),(7,58,29,'Voluptatibus minima ipsa.','Sed et nam dignissimos esse. Earum pariatur voluptas nihil. Qui culpa distinctio omnis rerum nostrum repellendus modi eum. Possimus et quia nostrum esse dolorem ipsa dolore optio.','2018-05-10 01:41:21','2021-05-01 06:23:55'),(8,52,67,'Qui nihil.','Dolores enim adipisci dolorum et. Laudantium incidunt quisquam sunt consequatur ipsam natus. Esse et cumque accusamus soluta officiis. Nihil aut non perspiciatis quis autem qui officia quia. Sit in ad quasi voluptatem.','2019-04-24 10:11:28','2021-05-01 06:23:55'),(9,84,50,'Deserunt et.','Rerum sequi possimus dicta qui rerum aperiam vitae. Necessitatibus eius sapiente aut eius eaque totam necessitatibus. Veritatis impedit enim qui dolorem. Quidem dolorem sed dolorem voluptate. Quae ut vitae voluptates est atque quia odit deleniti. Numquam qui illo aliquam a repellendus distinctio quidem.','2020-02-18 12:43:10','2021-05-01 06:23:55'),(10,63,46,'Dolores sunt.','Veniam molestias doloribus facilis ut dolorem. Delectus quia quam quos ut dolore. Sapiente animi quo at ut quas cumque. Iste soluta blanditiis dolorem voluptas. Non aspernatur tempora maxime. Dolore molestiae deserunt cum quo earum.','2015-02-16 14:42:11','2021-05-01 06:23:55'),(11,65,81,'Aut dolorem.','Voluptas officia dolorum ad iure. Blanditiis ipsa explicabo qui quaerat porro architecto. A harum architecto rerum sed saepe ut deserunt officia. Deleniti sit labore similique odio ea. Id rem libero fuga totam aut aliquid fugiat.','2021-03-30 01:33:49','2021-05-01 06:23:55'),(12,35,66,'Delectus amet.','Laborum reiciendis voluptates repudiandae corrupti temporibus. Quae quas velit est magnam. Ex enim perferendis dolores quis illum. Qui natus doloribus dolores aliquam tempora blanditiis dolor voluptatem.','2014-07-07 13:35:43','2021-05-01 06:23:55'),(13,79,86,'Facilis sunt quia.','Dolorem tempora ex labore qui quam. Cupiditate et non non libero laudantium sed dolorem. Voluptas ea ut corrupti esse praesentium ab. Aspernatur quis deserunt sit pariatur sunt. Aut eligendi sint voluptatum sed similique unde corporis mollitia. Aliquid nisi velit in repellendus modi quibusdam sequi consequatur.','2011-12-20 11:15:58','2021-05-01 06:23:55'),(14,91,33,'Voluptatem possimus sunt.','Delectus saepe eos corporis. Facere voluptatem est et beatae tenetur repellat quod. Sint voluptas labore facere sit cupiditate explicabo. Velit quia corrupti voluptatum ab enim. Molestias est ipsam atque accusamus non quis. Iusto fugit repellendus dolorum est commodi. Ipsum et et adipisci consequatur.','2011-12-26 01:02:26','2021-05-01 06:23:55'),(15,17,6,'Optio praesentium.','Voluptas facere deleniti eos sunt perferendis quo. Praesentium consequatur nam reprehenderit quod nisi id. Praesentium itaque saepe autem consequatur mollitia quaerat. Enim quia consequatur soluta et quod sed.','2019-03-11 16:17:18','2021-05-01 06:23:55'),(16,13,29,'Voluptatem eum temporibus.','Est ut nam assumenda ea illo natus voluptatem repellat. Quis cum omnis facere sed. Voluptatem natus et non quia. Reprehenderit nam aperiam laboriosam.','2016-12-27 18:44:41','2021-05-01 06:23:55'),(17,12,29,'Incidunt rerum ut.','Quas expedita modi id doloribus. Sed amet repellat ad eos. Quia dignissimos reiciendis sunt labore a magni. Labore occaecati iusto et corrupti molestiae sunt architecto sint. Quae cupiditate sit dolore quis doloremque quaerat. Aliquid doloribus maiores ad quasi quas sed.','2013-12-26 00:20:42','2021-05-01 06:23:55'),(18,21,55,'Natus eius.','Aut et consequatur nisi quis. Qui ullam ipsum et. Consequatur iure repudiandae illo impedit optio placeat. Et aliquam sapiente beatae qui. Cumque architecto facilis qui sit vel optio. Ratione possimus sapiente dignissimos ex animi numquam rerum. Sit repellat est qui eius nulla praesentium.','2015-11-10 13:51:39','2021-05-01 06:23:55'),(19,68,89,'Quaerat dicta.','Reprehenderit sint unde dolorum ut amet earum. Molestias rem ea ut fuga rerum enim itaque vero. Iste dolorem sit eius. Qui sit harum eligendi.','2020-05-31 21:00:43','2021-05-01 06:23:55'),(20,79,81,'Perferendis ratione.','Nobis velit consequatur quia magnam. Et impedit nisi vero nihil atque quis qui. Illo dicta impedit ad placeat explicabo unde hic. Veniam aut repudiandae magni magnam. Praesentium illo ducimus sunt.','2018-09-07 20:20:56','2021-05-01 06:23:55'),(21,87,35,'Voluptatem nostrum.','Dolores iure enim est debitis non. Ducimus est eum consequatur ab quibusdam expedita id. Commodi eos veritatis est dolores asperiores omnis consectetur. Accusamus qui suscipit fugiat cupiditate odio mollitia. Voluptate voluptatem suscipit omnis mollitia expedita.','2016-07-08 20:06:46','2021-05-01 06:23:55'),(22,98,34,'Molestiae mollitia.','Consequatur et enim error et aliquid aut. Qui nihil est possimus ipsam omnis libero quia. Corrupti inventore quae quis aut odio hic. Perspiciatis nostrum ut nesciunt nulla.','2014-08-29 19:14:02','2021-05-01 06:23:55'),(23,31,65,'Accusantium facilis id.','Esse sint omnis in tempora et aut possimus. Enim praesentium cumque quasi modi consectetur et temporibus doloremque. Quis odio libero delectus. Asperiores dolore aut modi natus voluptatibus ducimus animi. Voluptas sunt ut non earum rem non animi. Repellendus dignissimos rerum ab assumenda eveniet enim. Et in eveniet non sit minima natus magnam accusamus.','2014-12-09 02:58:29','2021-05-01 06:23:55'),(24,59,20,'Ut ut culpa.','Consequuntur eligendi quibusdam non dolores non tempora. Nesciunt voluptas ullam unde soluta. Ea aut ducimus delectus hic perspiciatis nostrum eos. Eveniet optio accusamus in. Placeat in nam pariatur illo nisi aspernatur. Et eaque eveniet earum accusamus inventore. Quia numquam vitae fuga et molestiae dolore.','2017-09-18 00:10:43','2021-05-01 06:23:55'),(25,100,5,'Numquam aliquam similique.','Repudiandae molestiae minima quos distinctio iste dolor. Itaque ex esse praesentium temporibus dolore deserunt qui. Nam totam alias asperiores odit architecto enim illo. Aperiam accusantium laborum dolor ut at. Culpa architecto quo maxime ducimus eos ut. Quisquam sit rerum exercitationem inventore sunt repudiandae. Magnam commodi odio quo ut ut quos et ea.','2020-06-11 03:24:15','2021-05-01 06:23:55'),(26,22,64,'Maiores quo.','Voluptas provident qui ex earum. Magni nulla et et aut totam fugiat porro. Soluta quis at atque ea deserunt quia eum. Molestias et tempora eligendi vitae omnis tenetur autem. Ipsa earum adipisci nulla tempore dolor est molestiae animi. Suscipit facere a quam tempore.','2017-08-02 21:31:25','2021-05-01 06:23:55'),(27,12,6,'Repudiandae et.','Incidunt non magnam incidunt explicabo ut quibusdam et non. Aspernatur eum tenetur sed magnam. Eos voluptates aliquam ad voluptatem ipsum corrupti quia sunt. Et perspiciatis fugit in cum. Iste aperiam quae architecto quam. Consequatur est voluptas adipisci sunt quam omnis quisquam. Labore non qui expedita est quia alias molestiae corporis.','2012-01-28 10:46:35','2021-05-01 06:23:55'),(28,92,38,'In dolore.','Dolores qui quia ea temporibus magni doloribus omnis quia. Aut minus quis voluptate nulla repudiandae molestias sit eius. Debitis ex nam aliquid et. Fugit aut cumque non qui nesciunt. Eos odio in explicabo velit et. Sit omnis laudantium dolorem quos labore omnis ad.','2015-05-10 16:42:27','2021-05-01 06:23:55'),(29,24,72,'Pariatur aut dolorem.','Possimus pariatur illum harum in. Sit molestias cumque distinctio dolor fugit molestias. Esse dolor quibusdam adipisci ad eveniet sit modi. Et esse delectus quia ut veritatis et.','2012-09-19 23:18:18','2021-05-01 06:23:55'),(30,44,44,'Voluptatem quos.','Animi nisi libero delectus consequatur suscipit quam. Sit temporibus voluptas est debitis et sit. Qui voluptatem est veniam accusamus sed consequatur mollitia. Sit et qui ex aspernatur neque necessitatibus.','2018-05-22 23:53:26','2021-05-01 06:23:55'),(31,45,4,'Sunt sit ducimus.','Nesciunt repellendus et a consequuntur pariatur alias cumque. Inventore suscipit necessitatibus tempora ducimus. In et quo voluptatem libero nulla. Itaque et facere libero accusamus nemo necessitatibus est. Ab earum consequuntur nesciunt eum. Impedit molestiae doloremque omnis. Nemo nihil et ut dignissimos libero quia voluptatibus soluta.','2021-04-15 17:02:23','2021-05-01 06:23:55'),(32,95,87,'Non corrupti est.','Eligendi nihil aperiam earum mollitia quidem recusandae. Tempora blanditiis id occaecati similique adipisci deserunt. Vel exercitationem nobis tenetur non non. Beatae tenetur et fugit ut et sint. Quia id mollitia aliquid. Quasi voluptas distinctio rerum ut quas id.','2011-10-09 19:00:04','2021-05-01 06:23:55'),(33,40,25,'Voluptas quasi.','Harum et magni optio quam omnis excepturi voluptatem libero. Unde sed magni sequi nulla. Voluptate vel ipsam necessitatibus quia voluptas minus repellat. Sit ut qui est eius ex praesentium. Et illo aut aut ad quis.','2014-02-20 05:29:26','2021-05-01 06:23:55'),(34,14,60,'Unde veniam labore.','Dolor fuga dolores sit ut. Quod ex voluptatem ut eius numquam officiis minus eius. Nisi ratione ut rem. Magnam et vel ut voluptate. Quis ducimus laborum deleniti vel minima iure. Nihil culpa qui nulla non totam voluptas odio enim. Architecto facilis qui suscipit qui consequatur.','2017-05-11 02:50:59','2021-05-01 06:23:55'),(35,49,27,'Incidunt soluta.','Minus earum ipsam autem aut et non. Recusandae ut laudantium temporibus ipsum qui qui. Aut officiis veniam eum perferendis explicabo ea rerum. Voluptatem molestiae ut quis voluptas. Voluptate corrupti quis incidunt illum cumque rem ut. Facere molestiae consequuntur voluptatibus excepturi aut voluptas. Ipsam iure non blanditiis quas.','2011-09-06 04:59:36','2021-05-01 06:23:55'),(36,1,53,'Temporibus doloribus consequatur.','Iste quo eos sit asperiores dolores est nam. Accusamus non soluta qui et. Itaque temporibus perferendis impedit optio voluptates et et. Non nihil incidunt quia nesciunt aut reiciendis. Distinctio culpa consequuntur porro corrupti libero perspiciatis. Animi repellendus possimus sit non quo amet.','2018-06-02 16:53:57','2021-05-01 06:23:55'),(37,60,83,'Vero numquam id.','Omnis sit ullam ut repudiandae distinctio dolores. Nulla iste sequi animi quo debitis enim. Vel necessitatibus non corrupti voluptatum minus voluptas. Voluptatibus et et ab delectus non. Ut velit natus quia dolorum asperiores aspernatur. Perspiciatis ullam rem ea pariatur et consequatur veniam.','2012-07-27 10:17:10','2021-05-01 06:23:55'),(38,97,57,'Non corporis molestias.','Possimus et quia unde aut tempore. Sit quia veniam a beatae. Sit eum deserunt ipsa consequatur temporibus nam dolores. Tempora atque delectus assumenda iure.','2018-06-27 15:44:26','2021-05-01 06:23:55'),(39,4,36,'Amet dolorem iste.','Ut illum debitis sapiente. Aut libero quas incidunt natus id nihil distinctio. Et quia est ut rerum tenetur iure. Voluptatem eaque occaecati nulla quidem tempore. Et praesentium quas doloremque nisi voluptatibus odio.','2021-04-27 02:27:53','2021-05-01 06:23:55'),(40,30,6,'Molestias magnam.','Inventore quae deleniti ad quae ut sunt. Deleniti modi sunt illo iusto illum. Vel tempore rerum est et doloribus. Eos modi quia praesentium necessitatibus repellat velit. Sed id accusamus voluptas at. Ratione voluptas voluptatem sint quos occaecati iste. Nesciunt ut et officia dignissimos.','2011-06-05 03:30:10','2021-05-01 06:23:55'),(41,34,22,'Eos quibusdam.','Aut velit et doloremque aut itaque sint rerum. Exercitationem aut fugiat hic corporis qui et. Repudiandae neque ullam praesentium. Repellat est aliquam sunt quo maiores hic cupiditate.','2015-01-21 05:57:51','2021-05-01 06:23:55'),(42,82,90,'Assumenda excepturi ut.','Est similique ut minima qui et. Consequatur ratione ducimus quia suscipit earum. Rem ut facere dolore iste assumenda. Accusantium et voluptate non saepe accusantium. Quisquam quia nesciunt ea distinctio nostrum culpa eos. Libero aut nostrum voluptas id. Asperiores dolorum aliquam voluptatem unde necessitatibus.','2013-08-17 15:49:26','2021-05-01 06:23:55'),(43,5,85,'Magnam facere sint.','Sequi ut vel et neque ratione tempore quis. Quis tempore dolore ab labore. Hic reiciendis consequatur delectus esse ipsa quae magnam et. Rerum debitis a inventore. At qui officiis id ut expedita pariatur. Delectus consequatur cupiditate earum explicabo veniam aliquid illo ut. Distinctio rem nihil est omnis.','2013-07-05 06:17:00','2021-05-01 06:23:55'),(44,80,55,'Possimus minima necessitatibus.','Cupiditate non dolores molestias ad et. Consectetur dicta cumque optio voluptates nam. Repellendus molestiae quibusdam voluptates doloribus. Inventore exercitationem velit nulla ut non impedit atque. Voluptatem unde eos est error eaque ea sint. Dolores maiores dolorem occaecati corporis. Blanditiis voluptas quo soluta asperiores aliquid quod. Vitae deserunt dolore doloremque labore quam rerum rerum.','2014-09-11 08:05:12','2021-05-01 06:23:55'),(45,86,20,'Adipisci laboriosam laborum.','Eum eum similique sequi sunt quis id laudantium. Et itaque aspernatur cumque sint ea sunt. Molestiae voluptate perspiciatis nostrum ratione maxime enim. Et qui dolores a expedita rerum. Amet cum mollitia eos.','2014-09-09 14:23:57','2021-05-01 06:23:55'),(46,89,34,'Corrupti eum et.','Alias placeat quia tenetur delectus eos vel veniam. Suscipit ducimus eum quia voluptas tempore velit unde. Id aut asperiores optio consequuntur consectetur facere ut. Repellendus tenetur labore tempore cumque eveniet qui cupiditate.','2014-10-09 21:39:28','2021-05-01 06:23:55'),(47,87,11,'Sit qui.','Sit saepe et incidunt modi voluptatibus illum ipsa eos. Excepturi sequi omnis occaecati. Quam enim labore exercitationem numquam voluptatem. Adipisci fugiat qui est qui. Eveniet vel voluptas nulla explicabo dicta et dolores.','2015-12-25 22:52:21','2021-05-01 06:23:55'),(48,65,51,'Nihil dolorem.','Assumenda quisquam atque ex placeat fugit magni provident. Qui enim ullam ipsum nihil rerum non non. Sit sapiente libero veniam fugiat aut et modi. Consequuntur et quos saepe ipsam eligendi vero. Maxime necessitatibus sapiente omnis. Non aspernatur error enim sunt minus voluptatem asperiores. Et facere officiis ipsa atque et nihil est.','2012-08-31 22:19:07','2021-05-01 06:23:55'),(49,66,22,'Laboriosam sed.','Quis dolor qui placeat. In dolore consequatur non dolore omnis quis est. Laboriosam officiis illo quaerat quod dolorem ab aut. Saepe facilis aliquid voluptas laboriosam et consequatur. Nesciunt ipsum rerum aperiam voluptate ea. Ab officia ut iusto voluptas sapiente neque fugiat. Veritatis temporibus totam ut et est et eius.','2011-05-13 12:07:02','2021-05-01 06:23:55'),(50,33,55,'Sit quia.','Amet omnis illo libero qui laudantium modi sed. Aut incidunt quibusdam doloribus. Molestiae quia saepe quia et similique. Culpa qui repudiandae consequuntur eveniet delectus sit veritatis. Similique earum sed odio eaque. Quia harum quibusdam voluptatem qui aut vero sapiente.','2020-06-07 05:25:59','2021-05-01 06:23:55'),(51,65,12,'Ea voluptate perspiciatis.','Natus quibusdam distinctio neque saepe illo dolorum et mollitia. Dolorum laborum sed non dolor voluptatem tenetur. Et blanditiis corrupti eos. Id debitis laudantium aut quo quibusdam ad iure sed.','2019-12-26 15:16:41','2021-05-01 06:23:55'),(52,27,91,'Vitae minus excepturi.','Perspiciatis ipsum ea repellendus autem alias. Explicabo quam illo nemo. Dolor rem in suscipit et perferendis dignissimos. Est aspernatur dolores quis odio delectus quisquam. Facilis rerum quia nemo incidunt non. Maxime doloribus et inventore quia sed voluptas hic. Delectus dolorem voluptatem sint earum facere.','2019-01-13 14:19:37','2021-05-01 06:23:55'),(53,38,19,'Sit corporis.','Rerum optio aliquid omnis sit ipsam doloremque error. Magni nihil aliquam consequatur ut. Commodi sequi aut repellat qui. Optio aut suscipit velit laboriosam et. Quis qui qui a consequatur.','2015-01-25 06:41:18','2021-05-01 06:23:55'),(54,10,22,'Eaque cum.','Quisquam labore assumenda non dolorem vel ratione ratione. Accusantium veritatis laboriosam est sit est distinctio qui. Quam qui beatae temporibus esse quidem. Nisi inventore soluta quia quia fugit repudiandae. Impedit et harum natus quis. In molestiae magnam qui deserunt.','2015-09-16 17:06:31','2021-05-01 06:23:55'),(55,37,52,'Magnam maiores.','In et aut magni repellendus tenetur hic. Et optio dolorum minima. Vel ut voluptates nesciunt quisquam est placeat. Sed omnis qui ullam assumenda quis doloremque. Minima voluptatum porro in deleniti ut. Magnam quis odit id.','2012-10-17 11:38:15','2021-05-01 06:23:55'),(56,52,93,'Voluptas aut est.','Ea dolor et omnis. Dolorum voluptatibus quia optio illo nemo consectetur qui. Et voluptates numquam ea tempora ab sed rerum. Eaque ipsum aut nisi eos.','2021-04-07 10:48:58','2021-05-01 06:23:55'),(57,51,7,'Et et.','Et earum accusamus deleniti sapiente. Cum impedit minima rem sit asperiores et. Illo voluptas quia reiciendis rerum repudiandae et asperiores. Qui aperiam perferendis et laudantium eos. Alias eos quia voluptate officiis et temporibus et. Error omnis qui id consequatur blanditiis modi est. Dolores vero iure qui voluptatum vero voluptatem porro.','2019-12-12 02:00:49','2021-05-01 06:23:55'),(58,97,59,'Voluptates dolorem omnis.','Aut totam sit magni officia nemo est. Quaerat magnam nulla repellat ut quae corporis. Dolore vel voluptate perspiciatis et. Laudantium dignissimos qui impedit. Autem voluptatem qui saepe quidem explicabo fuga accusantium totam. Tempora incidunt accusantium itaque. Sapiente nemo quia voluptas quasi ut nesciunt ut quo.','2014-03-31 14:21:06','2021-05-01 06:23:55'),(59,30,71,'Sint dolore eius.','Sapiente architecto ducimus aut. Ut voluptas rerum architecto quis blanditiis iusto quisquam. Repellat accusantium enim vel dignissimos non vel. Sequi quam odit est quis ea rerum nihil facere. Aut corporis et quis distinctio. Quia repudiandae ea culpa dolore perferendis.','2020-07-06 08:55:09','2021-05-01 06:23:55'),(60,58,76,'Quo alias voluptatem.','Architecto dolore numquam est. Aut qui perferendis amet qui. Ab non fuga recusandae. Ut qui eligendi reprehenderit officia occaecati dolor neque consequatur. Pariatur illo perspiciatis aut sit. Quos sit culpa voluptas fuga similique possimus qui. Quia rem accusamus aut facere mollitia optio quam in.','2019-08-29 17:55:27','2021-05-01 06:23:55'),(61,2,70,'Porro rerum voluptatibus.','Reiciendis quos eos et accusantium et fugit voluptatibus. Pariatur ut deleniti impedit illum. Eum quia quas perferendis. Quo saepe consequatur cupiditate est.','2013-05-27 05:14:46','2021-05-01 06:23:55'),(62,36,20,'Et qui.','Esse est sit ad ullam. Officiis reprehenderit reprehenderit eos sed ipsum facere sunt. In ipsam accusamus consequatur non aspernatur. Odit vero dolores rerum cum.','2018-02-22 01:11:51','2021-05-01 06:23:55'),(63,72,91,'Veniam cumque cumque.','Nemo voluptatem error consequuntur et quia. Non libero et id aut quod quisquam omnis est. Porro sapiente molestiae consequuntur explicabo tempore optio iure. Ipsum consectetur placeat et et. Amet quia autem molestiae sunt corporis. Non molestiae amet temporibus omnis enim debitis. Non enim id aut quibusdam sed.','2014-11-30 03:10:25','2021-05-01 06:23:55'),(64,50,92,'Esse qui reiciendis.','Sunt natus quas blanditiis rerum dicta totam. Sint corrupti eveniet nulla autem. Et voluptatem maiores itaque consequuntur sed commodi delectus modi. Sed veniam consequuntur tempora porro tempore molestias sit. Repellendus provident doloremque dignissimos reiciendis harum. Laboriosam et et saepe eos qui.','2018-04-04 05:57:06','2021-05-01 06:23:55'),(65,35,90,'Non enim qui.','Vel animi voluptas quae ut. Dolorem repudiandae impedit non. Quod et perferendis pariatur cum est ipsam aliquam facere. Nostrum dolorem rerum ipsa atque. Et exercitationem fugit quos magnam eius saepe.','2013-04-17 04:15:52','2021-05-01 06:23:55'),(66,26,70,'Facere pariatur quia.','Doloremque aut non ex debitis qui nisi. Sint pariatur non officia id labore velit. Voluptas quia recusandae excepturi ut quidem et maiores qui. Voluptates quo dolores vel et eius vel. Enim molestiae culpa est fugit et sed iusto. Hic sit sed doloremque sed tempore sapiente. Est facilis eum odio.','2019-07-16 08:56:02','2021-05-01 06:23:55'),(67,22,82,'Est illum.','Exercitationem molestiae aut aut voluptas. Cumque alias esse id neque. Commodi assumenda non dolorum omnis aut. Qui voluptate sunt dolorem quae doloremque. Atque aut voluptatum aut aperiam est asperiores esse quisquam. Sunt impedit exercitationem est dolores.','2015-06-08 03:35:56','2021-05-01 06:23:55'),(68,32,99,'Accusantium sint id.','At similique quod ipsum sed. Deleniti magni sed rerum minus. Et alias aspernatur quo nihil aut id. Molestiae sunt autem cupiditate hic.','2014-10-16 20:25:29','2021-05-01 06:23:55'),(69,93,48,'Fugiat est atque.','Distinctio non ex error consequatur et corrupti et. Excepturi nesciunt sequi consequatur voluptatum fugiat ipsam. Aspernatur tenetur et dignissimos et architecto sed. Necessitatibus veniam est officiis alias repellendus cumque. Repellendus vel id et in repudiandae. Numquam aut deserunt facilis qui dolores asperiores ut rerum.','2019-03-01 16:41:07','2021-05-01 06:23:55'),(70,68,43,'Ab explicabo quae.','Nemo qui enim libero quia voluptate saepe aut in. Ex distinctio similique facilis officia laborum dicta quisquam. Id et voluptas soluta sunt et aliquid. Explicabo et quam sed qui repellat et exercitationem. Soluta consectetur voluptatibus sit aut enim dicta. Ipsam non aliquid dicta ut.','2018-12-01 11:41:39','2021-05-01 06:23:55'),(71,59,70,'Natus adipisci.','Illo inventore et eveniet officiis expedita deleniti. Molestiae veniam in enim velit est inventore. Modi aut ut quo ducimus ut. Velit velit nihil voluptatibus ut dolor qui quis. Quos ut aut quae laboriosam ab tempora ratione. Porro unde hic sapiente aperiam possimus quam. Et aspernatur voluptatibus laborum sit corrupti beatae itaque.','2019-01-08 15:35:10','2021-05-01 06:23:55'),(72,94,21,'Sed in.','Aut quas illum itaque minus tempora dolorem dolor perspiciatis. Dolorem excepturi qui in rerum qui culpa. Id quia non voluptates reprehenderit hic dolorem quibusdam suscipit. A quis ea vitae voluptatem corrupti qui. Rerum sapiente quo molestiae doloremque. Voluptates quas sed necessitatibus in beatae.','2015-05-05 13:07:42','2021-05-01 06:23:55'),(73,92,93,'Laudantium nisi placeat.','Laudantium ea aliquam praesentium. Accusamus accusantium omnis doloribus eos explicabo voluptatibus voluptas. Fuga et perspiciatis rerum quis. Nesciunt quia sunt corrupti quasi est saepe.','2020-08-20 22:09:11','2021-05-01 06:23:55'),(74,77,1,'Illo magnam illo.','Nihil eaque tempore voluptatibus nihil qui et. Vel facilis consequatur nostrum a non nam eum. Tempore omnis consectetur ut odio. Adipisci odit eaque est sit itaque nihil tempore.','2014-07-14 23:02:24','2021-05-01 06:23:55'),(75,9,28,'Et et.','Dignissimos aut eum nobis consequatur ducimus natus. Et est placeat tenetur occaecati aut quia. Consequatur labore officia provident atque voluptas. Reiciendis corporis autem explicabo inventore eaque ea.','2019-02-21 19:28:40','2021-05-01 06:23:55'),(76,14,35,'Inventore quo.','Cum in officiis dicta voluptatibus sit perspiciatis. Perspiciatis exercitationem deleniti qui est quasi. Sint quos eum nemo earum ea voluptatem. Temporibus nam ut aliquam accusamus autem. Qui esse aut ea et. Velit voluptas accusamus enim consequatur delectus sapiente tenetur.','2014-09-18 09:40:25','2021-05-01 06:23:55'),(77,42,90,'Odio dolores.','Voluptatum distinctio qui harum nobis. Enim id autem ipsum sunt iusto animi. Provident quo et nihil. Necessitatibus est officiis quam odit dolorem. Explicabo culpa mollitia accusantium enim culpa. Soluta consequatur illo et qui delectus est. Hic placeat magni dolorem voluptatem dolorem.','2015-02-04 15:36:50','2021-05-01 06:23:55'),(78,67,44,'Commodi doloribus facilis.','Dolores ullam culpa doloribus illum ratione molestias. Praesentium debitis suscipit maiores non ratione. Blanditiis cupiditate exercitationem accusantium et alias voluptas sed voluptatem. Ad consequuntur voluptas officiis ad et atque error.','2019-08-10 15:56:46','2021-05-01 06:23:55'),(79,10,49,'Blanditiis voluptas.','Blanditiis sint quibusdam cupiditate consequatur. Qui est sint ipsum quam ut doloremque at. Voluptatem pariatur qui perspiciatis autem nihil suscipit. Vero totam facere distinctio numquam possimus dolor ut mollitia. Quia molestiae dolore ut qui reiciendis tenetur.','2017-09-29 11:57:32','2021-05-01 06:23:55'),(80,48,12,'Beatae vel voluptatem.','Et itaque aut consequatur. Adipisci non modi veniam facere explicabo nulla. Maiores blanditiis qui soluta architecto. Atque odit ut rerum tempora. Nostrum illum architecto nemo necessitatibus voluptatibus assumenda. Quibusdam quo nisi assumenda est. Reiciendis quia in mollitia aut sunt quae et.','2021-02-06 04:37:00','2021-05-01 06:23:55'),(81,10,12,'Eveniet sit.','Saepe ea sed delectus aperiam autem dignissimos. Omnis ut amet quae delectus debitis. Officia consectetur sapiente earum ut nulla. Quia unde aut ea necessitatibus enim qui. Temporibus quis reprehenderit aut voluptates voluptas. Tenetur ut ut qui voluptates.','2015-03-25 03:50:52','2021-05-01 06:23:55'),(82,5,24,'Quae quam similique.','Iure amet in est sed quia esse. Qui facilis itaque maxime. Ex aut numquam dolores quia magnam omnis. Laboriosam nostrum non odio sit expedita aliquid mollitia. Ipsam nostrum porro et maxime. Quae odit nostrum rerum.','2020-05-25 21:22:34','2021-05-01 06:23:55'),(83,95,83,'Quia vero.','Quasi at blanditiis consequuntur. Non illo officia nemo suscipit. Et maxime odit atque. Voluptas et enim et earum magnam ratione. Est ut tempore nulla dolores quia veritatis. Quia voluptates molestiae maiores quae dolor nostrum. Eligendi assumenda atque quis quia molestias nesciunt.','2014-04-29 14:49:48','2021-05-01 06:22:58'),(84,58,44,'Nihil ut recusandae.','Id dolor eaque dolorem officia velit quas autem. Ut doloremque harum vel dolorem rerum placeat quidem ex. Minima omnis qui voluptatibus enim quia laborum aliquam. Nostrum itaque animi qui est est rem reiciendis saepe.','2012-02-28 21:59:46','2021-05-01 06:23:55'),(85,4,70,'Et dolores.','Repudiandae quas vel quia est et laboriosam. Voluptatem quaerat ipsum sequi modi. Minima asperiores nisi qui. Et distinctio deleniti quo temporibus dolores corporis delectus. Quasi iure laboriosam delectus culpa.','2017-08-16 20:33:31','2021-05-01 06:23:55'),(86,48,18,'Molestias dolor.','Repudiandae ut reiciendis fugit voluptatem ipsa consequatur ipsa. Et voluptas et et quia quae nesciunt. Placeat facere et quo. Quia nostrum qui quos in illum. Maxime dolor iusto officia.','2014-06-10 06:38:01','2021-05-01 06:23:55'),(87,28,78,'Nobis a nesciunt.','Libero non ut et autem nesciunt et sed. Consequatur sequi autem rerum pariatur. Et cum odio accusantium. Molestiae sit est laborum veritatis cumque. Quis molestias cupiditate qui. Qui quibusdam veritatis aut nihil perferendis sequi.','2017-08-13 22:24:14','2021-05-01 06:23:55'),(88,95,35,'Architecto unde ut.','Accusamus alias sit quidem nostrum sapiente distinctio et. At non consequatur error beatae asperiores magni ut dolorem. Et quia dolores possimus expedita facilis quidem ipsa iure. Recusandae harum mollitia magni quia quae rerum.','2016-05-26 18:49:03','2021-05-01 06:23:55'),(89,89,40,'Consequatur est modi.','At tempora vitae ratione minus cumque voluptatibus harum. Temporibus dolorum accusamus aut reprehenderit qui at alias eius. Corrupti necessitatibus odio est occaecati. Omnis nihil est quis nesciunt sint labore qui perferendis.','2012-01-06 21:34:52','2021-05-01 06:23:55'),(90,61,95,'Ut in facere.','Libero voluptatem maiores eveniet similique suscipit enim natus. Dolorem deleniti eum aut odio non quo. Ratione odit accusamus neque voluptas. Alias dignissimos minima earum exercitationem. Occaecati consectetur facilis nobis deserunt et.','2016-07-14 11:51:06','2021-05-01 06:23:55'),(91,36,56,'Officia ad excepturi.','Est adipisci ut corporis assumenda voluptas occaecati saepe. Laboriosam quis nihil temporibus impedit quia. Corrupti cum corporis modi ad ut fuga rerum. Repudiandae dolor quis dolor quis doloremque dicta. Modi qui enim laboriosam qui quia commodi alias. Dolore sequi laudantium officiis illo mollitia vel facere. Odio laudantium pariatur repellendus odit rerum ipsam velit itaque.','2016-08-18 23:04:07','2021-05-01 06:23:55'),(92,98,95,'Nobis at.','Aperiam sit excepturi deserunt qui non consequatur. Consequuntur ut ut ex a repellendus. Illo repellendus natus cumque eos. Officiis eos eius aperiam nemo in.','2020-04-27 17:02:31','2021-05-01 06:23:55'),(93,79,6,'Ullam ut a.','Esse vero aliquid quia consequatur. Sed libero et cupiditate porro ullam. Recusandae quaerat suscipit ea sed fugit repellat ipsum. Maiores quis voluptas qui qui. Enim commodi ratione dolor mollitia maxime aut. Nisi illo nesciunt eius voluptatem perspiciatis nihil. Nesciunt magni facere et dolores.','2018-06-06 06:17:15','2021-05-01 06:23:55'),(94,1,44,'Sint non et.','Fugit expedita et rerum laborum eligendi id occaecati architecto. Et qui omnis et enim velit nostrum. Minima ex minus in qui accusantium. Sequi nemo accusantium deleniti eum excepturi. Libero illum repellat illo harum. Saepe quia eius maiores et voluptatum sint. Sint sed voluptatem praesentium et voluptatum numquam.','2020-02-03 20:59:52','2021-05-01 06:23:55'),(95,68,1,'Ullam libero.','Occaecati quo cumque occaecati reprehenderit id deleniti et. Dolores voluptatem excepturi recusandae sed ullam quae quisquam voluptatibus. Pariatur accusantium reprehenderit minus. Distinctio quae placeat optio. Esse possimus vero iste autem nesciunt.','2018-06-11 05:48:44','2021-05-01 06:23:55'),(96,38,72,'Aliquam vel.','Nihil doloremque qui repellendus voluptatibus voluptas quas nulla et. Ut occaecati voluptatem perferendis vero consectetur necessitatibus in. Aut dolores mollitia reiciendis pariatur qui. Facere eligendi voluptas error omnis repellendus porro.','2020-04-29 07:16:53','2021-05-01 06:23:55'),(97,86,58,'Quia odit accusantium.','Repellendus nulla assumenda aperiam neque aut reiciendis aliquid. Optio similique voluptas accusamus corporis quo quia maxime. Eum est tempore sapiente et. Dolores nostrum autem vel qui id.','2016-12-08 14:16:53','2021-05-01 06:23:55'),(98,14,75,'Aspernatur aliquam.','Reprehenderit quod voluptas dolorum ea a suscipit beatae. Modi illo rem tempore suscipit distinctio autem est. Quibusdam temporibus et id corporis et corporis placeat. Dolorum non ipsa dicta ex. Sed nam et numquam sint inventore impedit ut. Totam a expedita fugit ex sunt dolor eos.','2021-01-27 05:26:44','2021-05-01 06:23:55'),(99,13,98,'Illum distinctio voluptatem.','Eius ea exercitationem rerum distinctio et id sit. Non inventore architecto voluptate dolor. Placeat aut et aut. Dignissimos est maiores et velit consequuntur. Tenetur eos et enim in repellat. Eum expedita velit illum dolorem minus vel aliquid. Dolorum consequuntur enim quo magni.','2019-12-11 20:34:01','2021-05-01 06:23:55'),(100,21,67,'Officiis unde.','Quo porro in animi odit. Alias praesentium reprehenderit enim. Sit sint perferendis dolorem id. Officia nobis nisi dignissimos. Minus aut voluptas velit qui aspernatur voluptatem voluptatibus. Et dignissimos odio velit fuga.','2011-05-13 08:47:00','2021-05-01 06:23:55'),(101,66,38,'Voluptas consectetur quas.','Natus ut quo voluptas. Adipisci officiis autem quis facere voluptatum minima. Aut magni excepturi incidunt. Illum nisi culpa ipsam est id autem. Blanditiis nobis libero voluptatem omnis. Quam ipsa necessitatibus quo dolor. Dolor voluptatum eveniet temporibus sapiente.','2013-03-11 19:02:48','2021-05-01 06:23:55'),(102,68,91,'Numquam qui qui.','Culpa qui natus quaerat ab. Commodi consequatur corporis molestiae maxime delectus blanditiis qui. Explicabo accusantium id labore rem est. Consequatur quo quia tenetur qui. Rerum unde et quod voluptatem voluptatem. Alias facilis facilis quam iste omnis amet quod.','2011-08-13 19:34:40','2021-05-01 06:23:55'),(103,39,38,'Ratione sit.','Earum id quo sint mollitia. Magnam saepe est unde beatae labore quo. Ipsum molestias et consequuntur. Quam eos alias soluta architecto voluptatum earum. Aut voluptates dolores omnis repudiandae eaque. Et alias nemo quidem incidunt fuga officia.','2017-04-17 10:34:48','2021-05-01 06:23:55'),(104,93,18,'Est neque.','Temporibus perspiciatis dolore sapiente quibusdam maiores vel. Cupiditate quo mollitia dolorem libero rem illo quis. Cum omnis praesentium ut occaecati reprehenderit cupiditate dignissimos. Molestiae dolorum dolores qui facilis sunt molestias vitae quaerat.','2011-09-30 09:28:13','2021-05-01 06:23:55'),(105,46,74,'Soluta sunt.','Autem quidem nisi ullam totam provident porro. Necessitatibus ut reprehenderit fuga numquam quibusdam eveniet provident. Dolorem velit numquam et corrupti. Ipsam dolores in qui impedit aliquid. Omnis magni eos aliquam ut ipsum porro voluptatum.','2012-05-24 20:30:06','2021-05-01 06:23:55'),(106,49,15,'Eos et.','Beatae qui cum minima sit quis est inventore. Autem quaerat beatae dolores reprehenderit sint in aperiam. Et laboriosam omnis tempora voluptatibus. Officiis et et qui et. Reprehenderit veniam id placeat autem. Dicta consequuntur voluptas repudiandae repellendus. Nesciunt ut id occaecati sed.','2014-11-22 20:58:49','2021-05-01 06:23:55'),(107,9,53,'Qui nostrum eaque.','Aut impedit sint animi et excepturi. Distinctio dolorem ut neque nam. Eveniet aut esse et. Corporis incidunt a cum molestiae dicta commodi amet. Commodi temporibus asperiores voluptas minima.','2020-01-13 19:45:35','2021-05-01 06:23:55'),(108,98,19,'Rerum quam ab.','Reiciendis officiis iusto nulla minima. Quam vero deleniti debitis omnis quia molestias. Ut dignissimos vel veniam. Eum dolorem nobis et aut.','2017-09-11 03:51:12','2021-05-01 06:23:55'),(109,63,37,'Et eius soluta.','Et consequuntur molestiae expedita. Qui quasi dolorem temporibus voluptatem cum. Repellat sed dolore vitae voluptate est sed illo laborum. Est dicta saepe quidem consequuntur nisi. Facere maiores nobis sit debitis debitis veniam laudantium. Hic et ut et assumenda ut aliquam. Id libero omnis nisi reiciendis et sequi ad nihil.','2021-03-17 15:55:53','2021-05-01 06:23:55'),(110,19,25,'Minus a voluptate.','Facilis minima voluptatem et cum ipsa dolorem laboriosam. Perspiciatis aperiam deserunt aspernatur ipsam placeat amet laudantium. Sint nemo voluptatem similique ea assumenda. Amet commodi cum deleniti voluptatibus numquam. Vel nihil eos quia ea dolore. Deserunt accusantium eum corporis et maxime quam ipsum ullam.','2014-12-18 09:15:17','2021-05-01 06:23:55'),(111,8,16,'Occaecati aut minima.','Eius quaerat veritatis tenetur architecto. Autem eveniet voluptatem illo quidem. Enim possimus possimus et autem veritatis aliquam optio. Accusantium vero voluptatem aut in.','2017-04-05 12:09:12','2021-05-01 06:23:55'),(112,80,4,'Aut itaque consectetur.','Accusamus officia distinctio similique animi aut earum. Inventore placeat voluptatem corrupti omnis et. Quam expedita et commodi quis aut quia. Laborum tempora praesentium sunt molestiae rem. Aut et porro minus autem esse id odio. Error eos atque atque eius odio earum non.','2014-01-16 06:25:03','2021-05-01 06:23:55'),(113,76,70,'Aliquid reprehenderit aspernatur.','Labore nisi et deserunt maxime est quae. Natus non a sit et perferendis facere. Tempore a voluptates nihil quia. Quae sint qui eligendi voluptas incidunt.','2019-08-11 06:11:25','2021-05-01 06:23:55'),(114,40,38,'Officia molestiae eaque.','Delectus aliquam eos sed quos quisquam. Dignissimos quo expedita facilis aliquam et. Quasi dolor odit animi qui. Asperiores pariatur voluptatum optio quasi. Non omnis sint deserunt at. Et id libero cumque dolores delectus atque. Mollitia rerum eligendi adipisci maxime.','2018-11-03 16:38:53','2021-05-01 06:23:55'),(115,70,79,'Soluta nisi.','Et quis cum iusto molestiae et officiis voluptatum. Vel repellendus ea quis in dolorem porro. Dolor voluptas et velit. Excepturi sit magni neque rerum et. A ut voluptates ex voluptas velit. Ipsum eum autem est autem earum qui veritatis.','2018-03-15 08:41:36','2021-05-01 06:23:55'),(116,28,82,'Qui nihil.','Voluptatem veniam in vitae qui voluptates. Sit quam totam nostrum. Doloribus molestiae quidem maxime laboriosam sed nesciunt. Et delectus voluptas ut alias consequatur veritatis fuga.','2019-04-02 00:36:40','2021-05-01 06:23:55'),(117,32,71,'Numquam unde.','Quia dolore ab libero sit. Quo quidem aliquam perspiciatis repellat. Quisquam et non nulla autem maxime maiores facilis. Eum odio culpa exercitationem officia consequuntur sed. Non nisi laudantium officiis ut aut.','2013-01-10 08:32:39','2021-05-01 06:23:55'),(118,76,9,'Voluptas aspernatur.','Ut nihil esse sunt pariatur. Quod est accusamus placeat et. Est ex dicta omnis est adipisci voluptatem. Sed et delectus optio cupiditate atque et. Minus ut officiis est sit rerum.','2012-11-21 15:03:04','2021-05-01 06:23:55'),(119,82,34,'Minus possimus.','Maxime quisquam esse itaque asperiores odio velit rerum excepturi. Animi qui unde dicta in. Doloremque tenetur est magnam rerum dolor eveniet a. Sit quaerat sed vitae sapiente ullam quia.','2020-12-14 07:00:26','2021-05-01 06:23:55'),(120,83,39,'Quaerat eum dolor.','Dolorem totam quisquam veniam labore iure. Non est aut excepturi at eum aut. Inventore et illo aperiam optio enim. Accusamus aut dolor qui assumenda et rem.','2018-07-06 04:26:32','2021-05-01 06:23:55'),(121,68,93,'Omnis dolore soluta.','Praesentium aliquam animi et est inventore earum. At a aut assumenda nesciunt voluptates porro saepe. Qui explicabo corporis minus et. Voluptatem nisi ipsum consequatur sint voluptatem est culpa. Aut aliquam tempora reiciendis consectetur qui nobis velit.','2020-08-10 09:52:09','2021-05-01 06:23:55'),(122,91,48,'Harum cumque.','Corporis perferendis excepturi aliquam est. Quos nulla omnis et eius nobis est qui libero. Quia consequuntur sapiente qui quis totam sit. Autem voluptas placeat possimus illum sit odio facilis. Quos fugit dolor et a molestiae et omnis. Consequuntur suscipit molestiae blanditiis occaecati eum autem eum perferendis. Culpa et voluptates eos laborum ut est.','2018-12-28 02:35:15','2021-05-01 06:23:55'),(123,50,62,'Sed recusandae unde.','Id nam accusantium animi sit doloremque temporibus eius eos. Commodi voluptas est voluptates voluptas aut quae. Numquam quas debitis dolore recusandae provident et qui. Quisquam expedita quia sed expedita doloremque numquam voluptatum. Esse excepturi inventore sapiente magni aut ipsa. Velit rerum est fuga. Maiores qui et modi tempora qui cum ipsum.','2014-03-17 13:53:54','2021-05-01 06:23:55'),(124,75,65,'Rerum eaque quod.','Aliquid soluta aut voluptatibus est rem repellat et. Esse ut laborum suscipit optio. Fuga nemo quo non est. Facilis in ut laboriosam laboriosam asperiores. Nihil dolore non harum incidunt consequatur. Quo ducimus molestiae natus sit dolorem distinctio est. Accusantium quaerat voluptatibus rem est earum.','2016-08-18 22:30:15','2021-05-01 06:23:55'),(125,26,37,'Voluptatem dolores aspernatur.','Officia fugiat consequatur possimus doloribus. Ut ipsam id et adipisci suscipit. Aliquam quia vel qui porro praesentium. Tempora qui expedita necessitatibus provident. Impedit sequi non magnam nam natus. Aut consequatur magni excepturi totam aut.','2013-04-20 23:45:49','2021-05-01 06:23:55'),(126,3,92,'Necessitatibus sunt.','Unde veniam nesciunt libero molestiae consequatur qui. Voluptas soluta veritatis veniam beatae non incidunt aut. Aut modi non fugit et. Molestiae asperiores ut quasi vero et perspiciatis.','2013-11-11 20:33:03','2021-05-01 06:23:55'),(127,38,48,'Dicta laudantium alias.','Recusandae qui cupiditate ipsam ratione voluptatem enim est. Quia rerum et impedit velit sapiente. Eum eum in voluptatem ea atque sit. Aliquid temporibus tempora quisquam explicabo. Officia eaque exercitationem natus tempora cumque a amet. Dicta voluptatem omnis minus facilis similique eum et. Nihil fugit tempora cupiditate iste ut.','2019-05-25 10:01:36','2021-05-01 06:23:55'),(128,82,65,'Magnam repellendus.','Corrupti voluptatibus distinctio voluptate aperiam nostrum quia. Et enim veniam eius atque. Quo necessitatibus cumque quia accusantium vitae. Voluptatum soluta et voluptatem sint quibusdam quia iusto fugiat.','2020-09-15 02:19:38','2021-05-01 06:23:55'),(129,94,78,'Maiores minima nisi.','Rerum veritatis sunt esse saepe sed consequatur perferendis. Nihil est consequuntur tempore sit. Quos ut cum eaque sapiente praesentium facere deserunt in. Ut in sed repudiandae qui quibusdam.','2018-12-30 00:47:12','2021-05-01 06:23:55'),(130,22,97,'Minus inventore et.','Est possimus doloremque esse doloremque quo animi provident. Quam officiis rerum sed labore fugiat. Earum ea corporis omnis doloremque ea recusandae est minus. Est possimus laudantium est accusamus sint. Consequatur provident aut est dolores voluptatem ut quo. Aut ducimus omnis aut aut temporibus veritatis iste.','2011-11-06 12:42:28','2021-05-01 06:23:55'),(131,29,48,'Sunt qui ipsam.','Deserunt ut architecto et dolorum rerum ullam et. In ipsum non sed mollitia dolor. Quo qui illo ad deserunt ad est. Officia est assumenda maiores molestiae.','2014-07-04 23:48:25','2021-05-01 06:23:55'),(132,78,49,'Nulla ratione ipsa.','Tempora voluptas qui et cum sequi officia. Ut sint nemo assumenda non. In magni provident quis non in. Explicabo eum molestias aut minima fugiat rem. Aut rerum dolor necessitatibus consequatur. Minus provident accusamus dolore ex nobis at. Qui eveniet et non.','2012-09-20 18:51:10','2021-05-01 06:23:55'),(133,2,100,'Excepturi beatae voluptatibus.','Quia nesciunt maiores et possimus non porro. Et temporibus aut magnam dolor tempore aliquam perferendis. Blanditiis maiores maiores sed nihil dicta recusandae velit. Et est sapiente possimus dolore. Odio aut voluptas harum.','2017-03-27 02:14:30','2021-05-01 06:23:55'),(134,76,53,'Autem sequi ipsa.','Ea vero in sed est. Quia aut magnam explicabo iure. Autem deleniti sed laborum quo libero. Et inventore dolor reiciendis ratione eos error cumque explicabo. In et et quo est officia. Consequatur explicabo exercitationem cumque cupiditate.','2019-03-12 10:02:30','2021-05-01 06:23:55'),(135,74,65,'Et sed.','Eveniet qui non veniam eligendi id. Architecto eos nostrum placeat unde perspiciatis. Impedit et et aut non vero nostrum quia aperiam. Accusantium dolores eligendi error numquam. Et amet laudantium optio consequatur repellendus.','2020-10-11 19:58:37','2021-05-01 06:23:55'),(136,40,66,'Voluptates perspiciatis.','Nesciunt quo officiis modi porro repellat. Molestiae voluptatibus vitae in modi reiciendis debitis. Itaque provident voluptas harum consequatur. Non laborum alias eos rerum consequatur amet sed. Autem vero et et. Omnis quia at voluptas voluptatem inventore. Sit deserunt quas saepe vero consequatur natus.','2015-07-20 00:39:26','2021-05-01 06:23:55'),(137,80,33,'Ipsum eum dolorum.','Ab doloremque modi esse quod. Dolor fuga et velit est similique aliquid consequatur voluptatibus. Nihil qui odio sed ut dolorem ut beatae. Explicabo dolorum rerum quas praesentium.','2016-06-09 07:06:26','2021-05-01 06:23:55'),(138,79,69,'Ducimus illum non.','Reiciendis culpa enim quisquam magnam culpa. Omnis necessitatibus dignissimos et optio temporibus molestias. Maiores et facilis architecto soluta nobis facere. Impedit corporis qui nostrum id recusandae. Unde libero ipsam et maiores facere. Soluta placeat blanditiis nam iure.','2012-06-17 23:46:25','2021-05-01 06:23:55'),(139,55,42,'Fuga sit.','Sequi et sunt officia illo aut labore et. Nisi suscipit voluptatem ipsum sequi consequatur eaque suscipit. Pariatur facilis ut nam totam ullam. Distinctio fuga omnis harum temporibus aliquam quam.','2016-03-23 03:27:45','2021-05-01 06:23:55'),(140,35,5,'Natus beatae.','Laudantium et et molestias deleniti vel exercitationem. Molestiae quisquam maxime molestiae ut aut dolorem. Sit ipsam saepe ut ipsa amet. Voluptas dolores error corrupti.','2018-06-25 23:57:41','2021-05-01 06:23:55'),(141,11,96,'Ea unde.','Placeat neque veniam distinctio voluptatibus omnis. Qui aut quas cupiditate laboriosam ipsum animi dolor. Quis cupiditate rem perspiciatis fugit qui omnis. Id et tempora commodi hic. Suscipit illum quam cupiditate non.','2012-07-30 05:54:00','2021-05-01 06:23:55'),(142,51,65,'Qui ea quia.','Molestiae eligendi neque officia. Quasi nostrum quaerat fugit voluptate eum voluptas. Pariatur qui aut perferendis ab aspernatur voluptatem. Autem qui dolorum natus harum. Aut labore sapiente et nam sit saepe repudiandae. Ipsum beatae qui est error.','2014-09-30 03:39:31','2021-05-01 06:23:55'),(143,19,36,'Iste autem quos.','Eos quidem dignissimos cumque laborum amet. Nulla ut dolore veniam consequuntur aut suscipit earum. Voluptas vel voluptatem et debitis. Corporis eum voluptas dolor ut rerum doloribus.','2017-03-24 13:17:18','2021-05-01 06:23:55'),(144,43,84,'Perspiciatis qui.','Ut quo eos vitae itaque consequatur. Rerum sit numquam distinctio explicabo est voluptatibus assumenda quis. Enim animi dolorem magni sapiente sint. Molestiae molestiae quia ut voluptate molestias architecto velit.','2016-11-22 23:47:11','2021-05-01 06:23:55'),(145,58,11,'Aut officia enim.','Est atque natus nesciunt dolorem voluptatem suscipit. Qui maxime laborum quae quae deserunt velit a. Eos voluptatem nemo eveniet voluptas ea. Maxime sunt reprehenderit in debitis enim ut aut. Minima sed dolore modi doloribus quasi vitae doloremque.','2011-10-04 08:14:26','2021-05-01 06:23:55'),(146,59,2,'Exercitationem qui.','Molestiae aut occaecati in ut. Porro aliquam inventore qui error odio. Quas quae qui corporis corrupti qui recusandae similique. Dolores id et nihil voluptatibus eum.','2011-12-16 23:37:29','2021-05-01 06:23:55'),(147,23,79,'Deserunt ullam quibusdam.','Cupiditate et ullam quas qui. Sed omnis cum a similique doloremque voluptatibus consequuntur ea. Debitis eligendi esse officiis error. Quia mollitia ipsum quo consectetur.','2011-07-20 12:41:50','2021-05-01 06:23:55'),(148,35,86,'Amet ut.','Placeat nobis illum rerum temporibus illum sed dolorem. Non magnam molestiae quis consequatur eius natus neque. Tempora a quia earum ea sapiente nesciunt debitis. Autem ullam quae quas id.','2014-11-17 08:48:07','2021-05-01 06:23:55'),(149,6,91,'Quod autem.','Minus nisi eos vel ut rerum tempora quo. Nostrum unde molestiae tenetur qui qui deserunt iusto. Repudiandae voluptates consequatur rerum illum incidunt aut. Atque blanditiis nisi eveniet quis.','2014-12-16 11:36:42','2021-05-01 06:23:55'),(150,25,100,'Aliquam magni.','Velit eius aut animi rerum. Voluptas et accusantium in ipsa velit commodi. Voluptatem ut dolorem nisi id perspiciatis. Eos quis dolorem consequatur vel sed mollitia neque.','2017-07-06 22:49:47','2021-05-01 06:23:55'),(151,7,25,'Commodi alias perspiciatis.','Repudiandae corporis similique laboriosam cupiditate eum. Necessitatibus rem vitae consequatur a. Suscipit rerum sit itaque cumque ea sequi. Nulla quasi quia esse voluptate voluptates. Nemo saepe dignissimos asperiores nulla autem. Dolore amet vero qui non sed optio enim. Sit labore ipsa omnis perferendis est tempora ut.','2014-03-28 22:03:57','2021-05-01 06:23:55'),(152,58,25,'Officia porro.','Sed et cupiditate commodi et. Architecto quasi aut et veniam exercitationem adipisci beatae quo. Ipsa eligendi libero ut tenetur. Voluptas et eos quam cupiditate eum fuga.','2018-03-20 22:37:09','2021-05-01 06:23:55'),(153,70,48,'Vero accusamus.','Dolores veritatis quia error voluptas veniam magnam similique est. Nam non qui est voluptatibus est distinctio eum. Tempora nulla omnis voluptatibus sunt quod dolore. Praesentium quia placeat neque ipsam enim dolorem et rerum. Officiis qui rem soluta totam.','2015-03-09 01:05:49','2021-05-01 06:23:55'),(154,73,64,'Quo ab beatae.','Error enim quia at voluptatem nisi. Dolorem debitis dicta voluptas consequatur quaerat magnam. Eaque nesciunt iure dicta aut nobis veritatis ut. Dolorem suscipit qui voluptas inventore facilis minus nam. Ullam culpa iusto porro aut modi.','2015-03-09 12:56:16','2021-05-01 06:23:55'),(155,57,76,'Blanditiis nam aut.','Ut doloremque accusamus aut assumenda necessitatibus est. Ut adipisci esse quis qui non. Quibusdam fugiat mollitia quis ducimus ipsam vel ducimus. Alias pariatur consequatur dolore porro placeat officia quam.','2015-06-05 11:04:47','2021-05-01 06:23:55'),(156,66,88,'A voluptatem omnis.','Ea nobis sequi et repellendus et animi. Inventore provident laborum accusantium ut blanditiis nesciunt quia molestiae. Distinctio labore expedita dolorem ut facilis. Qui repellat explicabo voluptate voluptas optio nemo iste. Tempora dolor ad libero enim in et aliquid. Sunt aspernatur vitae id illum expedita. Sunt impedit consequuntur maiores.','2016-04-05 18:01:34','2021-05-01 06:23:55'),(157,57,13,'Voluptas amet soluta.','Et eum molestiae nobis. Et delectus nulla nam. Sequi voluptate deleniti neque enim ut. Debitis esse minima accusamus molestiae voluptatem eum. Dolorum accusamus quae porro.','2015-07-24 11:13:15','2021-05-01 06:23:55'),(158,85,100,'Consequatur aut.','Voluptas tempora molestiae asperiores iure exercitationem delectus. Vel nam quae rerum veniam error magnam. Quia alias ipsa perspiciatis est. Nam assumenda dolor veniam minima nisi voluptatem. Aspernatur neque aut error aut sunt suscipit. Nemo itaque mollitia ut veritatis. Assumenda laudantium ut est accusamus molestiae aut rerum.','2014-08-04 06:57:39','2021-05-01 06:23:55'),(159,55,59,'Voluptatem qui assumenda.','Quia adipisci blanditiis et dolor soluta natus sint. Laborum nihil mollitia dignissimos. Dolores eos incidunt repudiandae et sed. Enim magni quia et non cum. Et ut non amet animi possimus fuga nemo aut. Qui odio aut commodi ex omnis.','2015-03-06 16:05:25','2021-05-01 06:22:58'),(160,21,97,'Et eaque.','Ut et voluptas molestiae placeat consequatur. Sed quos necessitatibus magni molestias qui voluptas accusantium. Adipisci doloribus aut facilis quo vel est. Et et voluptate est nulla. Consectetur sunt deserunt perspiciatis temporibus sint quos voluptas.','2014-01-06 09:50:53','2021-05-01 06:23:55'),(161,40,4,'Et modi.','Sit magnam deleniti occaecati eum. Rem vel unde quibusdam sit odit itaque et. Facilis aut reprehenderit animi. Recusandae occaecati adipisci autem odio. Veniam et nobis est explicabo. Est illo nemo ab magnam et nemo rerum. Consequatur rerum iste reiciendis veritatis enim ut molestiae.','2012-08-04 23:38:27','2021-05-01 06:23:55'),(162,37,31,'Id ut beatae.','Veniam veniam voluptatem iste accusantium rerum qui. Expedita hic recusandae quidem sunt nemo dolor at. Dignissimos ut nam maiores dicta. Vero minus quia et similique eos qui modi. Qui reiciendis asperiores illo maiores. Et praesentium voluptas exercitationem corrupti.','2020-12-26 16:57:47','2021-05-01 06:23:55'),(163,63,43,'At eveniet.','Earum nobis voluptatem nobis error. Perspiciatis repellendus natus dicta odit sequi. Sit nemo nulla iste ut nulla itaque nostrum. Eligendi eligendi nemo dolor sint aut est recusandae. Cupiditate rem perferendis et ipsam sit et.','2020-06-18 05:11:29','2021-05-01 06:23:55'),(164,3,19,'Fuga error aut.','Rerum excepturi maiores aut ipsam nemo possimus sit. In maiores possimus dolorem. Aliquam cupiditate quam quo aut et. Quasi ut quaerat nihil. Architecto sunt voluptas aspernatur dolorum nihil fugiat et dolores. Nobis hic pariatur officiis aspernatur. Consequatur dolorum voluptatum quae.','2014-06-23 07:02:14','2021-05-01 06:23:55'),(165,28,65,'Eos laborum ut.','Perspiciatis nemo aspernatur eius voluptatum. Rerum exercitationem quo atque culpa qui aliquam. Veritatis commodi voluptatem est animi ea at voluptatem aut. Omnis voluptate tempore dolore corporis est omnis. Tempora tempora facere id nihil inventore. Ab maiores commodi expedita similique voluptas expedita. Molestiae illo commodi aut quo.','2011-12-04 14:21:03','2021-05-01 06:22:58'),(166,28,71,'Qui sapiente et.','Omnis in dolorem tempora molestias. Eos molestias voluptas tenetur reiciendis perspiciatis nulla. Non commodi nemo eius in inventore accusamus. Ducimus veniam quas non laudantium. Quos quisquam blanditiis harum impedit ut. Aliquam ut voluptatibus distinctio atque et eius voluptatum. Ut officiis autem impedit velit veniam.','2020-05-14 19:36:46','2021-05-01 06:23:55'),(167,55,56,'Sed magnam.','Similique mollitia deleniti non aut aut. Magni error veritatis sequi dolores culpa ex vitae. Reprehenderit perferendis officia voluptas illum. Dolor quo qui voluptatem eligendi dolore ut veniam. Quidem magnam dolores repellat totam. Non sit exercitationem ut unde aut.','2017-09-13 01:29:55','2021-05-01 06:23:55'),(168,93,68,'Aperiam qui.','Corrupti amet magni nostrum eaque et eos earum. Ad eum quas quia ipsa excepturi. Veritatis non eius natus nostrum quidem. Dolore nulla quasi quia consequuntur exercitationem.','2017-12-21 21:43:39','2021-05-01 06:22:58'),(169,98,71,'Fugit aut ducimus.','Molestias quia cum earum doloribus consequatur quas enim. Sunt quis excepturi minima sed. Dolor quia quia repellendus minima nam dolor neque. Vel tempore voluptas nesciunt odio.','2011-08-05 01:47:53','2021-05-01 06:23:55'),(170,13,50,'Alias hic quis.','Quos soluta et minus vero quisquam. Delectus facilis laborum et. Ea non enim fuga sit harum earum. Distinctio nam et ab ratione. Exercitationem debitis velit quia commodi numquam sint accusamus. Eligendi magnam fugiat quaerat dignissimos. Et asperiores et officiis eos eius esse quaerat.','2020-04-20 07:07:24','2021-05-01 06:23:55'),(171,68,37,'At aut.','Nihil facilis eum quae. Consequuntur velit sit numquam voluptatem ad aut. Omnis dolorem dolores architecto magni id sed. Temporibus et in ipsum delectus quasi. Voluptas aspernatur possimus ad molestiae officiis. Quo nihil laborum et dolorem voluptatem non adipisci. Nihil dolores qui doloribus fugit et exercitationem sit.','2016-03-26 04:50:13','2021-05-01 06:23:55'),(172,3,35,'Maiores vel.','Accusamus ut unde est vitae. Sapiente nemo consequatur distinctio error dolores et. Et inventore reiciendis quasi. Voluptatem autem autem ex est asperiores placeat atque. Et ea voluptas et enim ea. Earum distinctio aut qui atque consequuntur totam.','2018-10-06 06:18:57','2021-05-01 06:23:55'),(173,8,65,'Qui earum corrupti.','Voluptatem qui accusantium vitae maiores voluptatum reiciendis. Natus autem pariatur et vel libero aut. A pariatur sunt fugiat mollitia ut voluptas. Omnis non modi officia quidem. Laboriosam architecto eligendi et dicta. Distinctio omnis velit ut expedita et consequatur pariatur.','2018-11-12 01:55:26','2021-05-01 06:23:55'),(174,31,18,'Nam distinctio.','Odio vel incidunt enim velit alias est veritatis. Voluptas nobis ut vitae qui esse veritatis. Explicabo molestiae non aut culpa. Eum fuga repellendus rerum autem quia.','2012-03-20 00:33:06','2021-05-01 06:23:55'),(175,30,94,'Voluptate dolorem.','Enim aut exercitationem est odio sapiente. Sit quo tempora quia illo eos. Sed placeat voluptatem rerum incidunt hic. Omnis laudantium et et explicabo enim dolores ipsum eum. Rem esse voluptas expedita consequatur eius voluptate sit. Dolorum sit qui veniam veritatis assumenda.','2020-04-12 10:07:54','2021-05-01 06:23:55'),(176,58,14,'Omnis ipsa eveniet.','Impedit non totam deleniti in fugit. Harum aut sunt cumque reiciendis. Perspiciatis et quibusdam voluptas eligendi sint non. Ullam tempore nemo magnam quo amet debitis. Deleniti numquam numquam asperiores. Non ea incidunt deserunt asperiores.','2013-01-14 00:08:38','2021-05-01 06:23:55'),(177,98,90,'Eaque ea aut.','Quia est nostrum labore dolorem qui. Harum soluta id amet. Nulla itaque doloremque ratione quo. Libero quam reiciendis et tempora. Exercitationem laudantium et iusto consequatur laudantium deleniti eveniet.','2020-06-08 05:13:36','2021-05-01 06:23:55'),(178,17,5,'Atque deserunt sint.','Quis excepturi fugit et officiis. Fugit sequi corrupti voluptates voluptas. Libero consequatur eaque esse mollitia necessitatibus repellat. Est sint qui culpa doloremque. Deleniti beatae non repudiandae dolorum. Et fugit iusto accusantium architecto fugit quidem non.','2013-09-17 17:22:32','2021-05-01 06:23:55'),(179,88,56,'Dolorem repellat.','Quis minima alias modi blanditiis aut. Est voluptas dolores dicta quis adipisci. Enim blanditiis ut assumenda eligendi sit assumenda. Consequatur voluptas at quos nam consectetur enim quaerat.','2017-11-18 03:10:53','2021-05-01 06:23:55'),(180,92,66,'Distinctio pariatur.','Eligendi et quisquam et excepturi quia quasi. Iure voluptatem consequatur consequatur nostrum illo. Magni dolorem commodi esse ut voluptatibus. Fugiat id veritatis non laboriosam voluptates. Consequatur distinctio esse ratione ad molestiae.','2017-03-25 00:17:15','2021-05-01 06:23:55'),(181,93,59,'Aut ut.','Ex et impedit architecto voluptates saepe consectetur quae. Est autem aut velit blanditiis. Cupiditate qui dignissimos officiis. Perspiciatis qui excepturi laudantium. Consequuntur architecto inventore nemo iste sunt. Cum quae similique tenetur quod. Saepe expedita laborum quas quisquam voluptatem necessitatibus.','2016-12-03 14:58:06','2021-05-01 06:23:55'),(182,87,95,'Vitae quod eum.','Sed magnam rem aut sit qui cupiditate. Quaerat dolor non voluptatibus. Id quis et omnis. Ea consequuntur reiciendis quis veritatis officiis delectus. Iste aspernatur rem aspernatur est saepe non.','2014-03-10 22:45:17','2021-05-01 06:23:55'),(183,59,100,'Recusandae ducimus.','Accusantium odit deleniti alias asperiores. Porro nemo iusto sit qui. Iste nihil laudantium voluptas saepe repellendus commodi. Quasi voluptatem sequi adipisci voluptatibus est voluptate occaecati. Sed cupiditate eaque dolor. Asperiores dolorem voluptatem est nihil.','2012-03-24 10:32:31','2021-05-01 06:23:55'),(184,31,16,'Et non excepturi.','Iure assumenda quaerat consequatur assumenda fugiat quo dolores iste. Velit debitis et distinctio vel quia quam. Aut vel eaque sunt possimus praesentium. Odit soluta vero placeat voluptatum. Ducimus aperiam libero maxime.','2020-04-01 01:09:57','2021-05-01 06:23:55'),(185,80,77,'Occaecati dolores.','Voluptatum reprehenderit et quia voluptatibus veniam voluptatum. Repellat quam reiciendis dolor similique qui et repellat. Exercitationem dolores voluptatibus ut blanditiis expedita reprehenderit ut architecto. Saepe quod quis non aut voluptatum est sequi.','2021-04-01 17:12:39','2021-05-01 06:23:55'),(186,4,36,'Eveniet est occaecati.','Quam qui voluptatum voluptatem harum ea. Ea quis aut sint aperiam sint incidunt. Animi amet aliquam voluptatem. Et cupiditate mollitia est.','2011-12-29 18:48:20','2021-05-01 06:23:55'),(187,81,50,'Omnis ullam ut.','Et voluptatem voluptas nisi occaecati consectetur. Libero dolor similique eos quia est doloribus illum. Odio quis dolor et. Architecto eligendi exercitationem tempora qui et. Ut illo vero est aperiam fugit reprehenderit. In asperiores ipsa aspernatur eos repudiandae architecto.','2018-02-27 08:38:22','2021-05-01 06:23:55'),(188,91,43,'Quos ab eum.','Aut magnam vel est. Qui excepturi similique deserunt est quo. Dolorem ipsa est eos ut omnis qui. Modi dolorem laborum nam exercitationem minima sit. Esse nostrum enim autem dicta. Iste minus aut debitis asperiores qui hic saepe.','2012-03-06 16:52:08','2021-05-01 06:23:55'),(189,11,61,'Et ut non.','Repudiandae voluptate quis sequi. Enim exercitationem praesentium et recusandae porro repudiandae odit. Nam deleniti fuga ducimus et ullam assumenda pariatur. Dolores nam est eligendi esse.','2017-07-11 05:40:15','2021-05-01 06:23:55'),(190,81,79,'Enim ipsum.','Ratione ut id omnis qui. Beatae non consequatur voluptatem rem maxime. Eaque repudiandae quia sed sed quae. Voluptas recusandae voluptatem laborum enim ut enim. Occaecati quam amet perferendis totam voluptatum repellendus a. Mollitia sunt magnam minus debitis.','2017-03-09 20:13:54','2021-05-01 06:23:55'),(191,73,10,'Ut iste.','Magni saepe ut quia quaerat eos adipisci iste excepturi. Ea totam quaerat modi ducimus inventore quibusdam accusantium libero. Dolore repellendus suscipit ducimus nemo sit. Voluptatum eligendi et nostrum quo repellat error ut. Nam et at aut repellat vero vitae sunt omnis. Error laborum omnis eius. Ut doloremque corporis nesciunt est voluptatum enim.','2019-10-29 02:55:15','2021-05-01 06:23:55'),(192,23,12,'Quia reiciendis et.','Consequatur nisi facere dolorum atque est aut. Repellendus assumenda totam blanditiis et molestiae. Natus tempora consequatur praesentium eos eum non. Sed est esse aut. Iste debitis modi soluta molestiae et magni autem qui. Alias dolor molestiae consequatur excepturi.','2015-06-03 14:27:37','2021-05-01 06:23:55'),(193,94,32,'Eos mollitia molestiae.','Odio nisi distinctio perferendis labore ut qui. Doloribus temporibus id provident laudantium sint repudiandae facere. Necessitatibus voluptas delectus minus quo officiis rerum. Sapiente velit aspernatur possimus et officia quia ut dolor. Mollitia assumenda unde fugiat deleniti porro. Et sint ad aperiam dignissimos quia sit. Dolores eveniet ut quae praesentium quod.','2015-01-08 09:52:33','2021-05-01 06:23:55'),(194,1,21,'A occaecati necessitatibus.','Vitae voluptatem aspernatur dolorum. Velit enim aliquam voluptas culpa iure. Perspiciatis doloremque voluptate odit est iste. Rerum quidem minus blanditiis praesentium vel aut. Molestiae quo aliquid fugiat.','2019-07-27 02:58:34','2021-05-01 06:23:55'),(195,21,11,'Quod ipsam.','Repellat iste tenetur ut earum possimus. Nobis commodi cumque et autem. Itaque deserunt alias odio pariatur laborum provident. Magnam dolorem doloribus rerum earum.','2020-10-29 06:26:29','2021-05-01 06:23:55'),(196,1,90,'Laudantium aut.','Qui earum est nemo. At eius vel esse nulla rerum voluptas ad. Ex quos ducimus totam totam dolorem distinctio. Assumenda nostrum sit recusandae sit aliquam ad soluta.','2012-12-29 21:26:50','2021-05-01 06:23:55'),(197,43,15,'Earum necessitatibus.','Quidem et ut dolor et. Ut nisi quaerat perferendis et et. Consequatur iste qui voluptates consequuntur quo esse enim. Ut dolores eaque fugiat temporibus voluptatem.','2015-06-26 21:50:26','2021-05-01 06:23:55'),(198,12,4,'Atque eum.','Expedita porro architecto dolore eos beatae vel aliquid. Nam non maiores architecto omnis ullam. Numquam ipsa quasi sed nesciunt repellat dolores at. Expedita sit iusto culpa alias aut voluptatem nesciunt. Id qui quidem porro praesentium. Animi odio ut ullam nobis ipsa sed beatae. Error est aut autem sunt.','2019-02-05 21:46:57','2021-05-01 06:23:55'),(199,31,75,'Consequuntur ex nam.','Doloribus eligendi est totam blanditiis similique veniam. Et voluptatem et vero earum. Reiciendis voluptas a ipsa sunt qui. Magnam expedita est est et. Saepe ratione et a sapiente.','2016-08-02 00:37:57','2021-05-01 06:23:55'),(200,17,64,'Laudantium quisquam.','Velit nihil dolores quis. Alias doloremque est tempore aut asperiores. Distinctio consequatur beatae suscipit sunt quas officia in. Nihil sed dolor labore voluptatum. Totam impedit ut repudiandae eum. Voluptatibus in sint repellendus omnis ea distinctio non. Est aut harum est ratione.','2020-08-02 13:25:17','2021-05-01 06:23:55');
/*!40000 ALTER TABLE `reviews` ENABLE KEYS */;
UNLOCK TABLES;

--
-- Table structure for table `users`
--

DROP TABLE IF EXISTS `users`;
/*!40101 SET @saved_cs_client     = @@character_set_client */;
/*!50503 SET character_set_client = utf8mb4 */;
CREATE TABLE `users` (
  `id` int unsigned NOT NULL AUTO_INCREMENT COMMENT 'Идентификатор строки',
  `user_first_name` varchar(100) CHARACTER SET utf8mb4 COLLATE utf8mb4_unicode_ci NOT NULL COMMENT 'Имя пользователя',
  `user_last_name` varchar(100) CHARACTER SET utf8mb4 COLLATE utf8mb4_unicode_ci NOT NULL COMMENT 'Фамилия пользователя',
  `email` varchar(100) CHARACTER SET utf8mb4 COLLATE utf8mb4_unicode_ci NOT NULL COMMENT 'Почта',
  `created_at` datetime DEFAULT CURRENT_TIMESTAMP COMMENT 'Время создания строки',
  `updated_at` datetime DEFAULT CURRENT_TIMESTAMP ON UPDATE CURRENT_TIMESTAMP COMMENT 'Время обновления строки',
  PRIMARY KEY (`id`),
  UNIQUE KEY `email` (`email`)
) ENGINE=InnoDB AUTO_INCREMENT=101 DEFAULT CHARSET=utf8mb4 COLLATE=utf8mb4_unicode_ci COMMENT='Пользователи';
/*!40101 SET character_set_client = @saved_cs_client */;

--
-- Dumping data for table `users`
--

LOCK TABLES `users` WRITE;
/*!40000 ALTER TABLE `users` DISABLE KEYS */;
INSERT INTO `users` VALUES (1,'Lexus','Kessler','qwilderman@example.com','2013-12-05 05:07:37','2017-05-17 05:01:35'),(2,'Buck','Goodwin','francisco.mueller@example.com','2011-10-05 14:41:48','2020-03-29 12:20:28'),(3,'Bridget','Gibson','heidenreich.dulce@example.org','2012-03-13 15:16:51','2019-12-12 05:36:14'),(4,'Devan','Tillman','wbrakus@example.org','2016-07-02 18:09:44','2019-01-03 22:59:29'),(5,'Monserrat','Block','raleigh65@example.org','2011-07-07 04:16:06','2018-03-01 20:45:40'),(6,'Joany','Robel','ted50@example.com','2015-12-01 00:13:19','2021-05-01 05:15:25'),(7,'Nat','O\'Reilly','powlowski.jaeden@example.org','2015-03-31 05:02:19','2021-05-01 05:15:25'),(8,'Werner','Romaguera','tbashirian@example.net','2020-12-29 07:17:54','2021-05-01 05:15:25'),(9,'Lempi','Baumbach','leannon.luna@example.org','2017-05-28 22:05:20','2020-01-20 23:48:04'),(10,'Krystina','Rau','xdibbert@example.com','2020-12-27 05:07:02','2021-05-01 05:15:25'),(11,'Wade','Hartmann','pbauch@example.org','2015-02-26 23:21:30','2018-10-15 19:19:40'),(12,'Reuben','Armstrong','vmcglynn@example.net','2014-08-20 08:25:11','2019-10-23 22:35:26'),(13,'Michele','Reynolds','kreiger.kaci@example.com','2019-03-23 07:55:29','2020-05-13 00:27:44'),(14,'Krystina','Bins','kasey.murphy@example.net','2018-11-05 02:51:07','2021-05-01 05:15:25'),(15,'Andres','Pollich','ezequiel75@example.net','2014-04-28 17:44:24','2015-12-26 19:48:22'),(16,'Kamren','Rutherford','lehner.prince@example.net','2013-02-05 03:05:54','2015-11-02 08:25:19'),(17,'Presley','Dibbert','madalyn.mcclure@example.com','2020-04-11 13:14:45','2021-05-01 05:15:25'),(18,'Waylon','Brown','graham.maximillian@example.com','2012-08-18 06:19:13','2021-05-01 05:15:25'),(19,'Dixie','Kshlerin','lily20@example.org','2011-11-09 11:19:49','2012-11-10 06:48:38'),(20,'Adele','Sporer','rodolfo.hackett@example.org','2018-01-10 07:10:38','2021-05-01 05:15:25'),(21,'Hoyt','Morissette','margarette14@example.net','2018-03-11 04:04:03','2021-05-01 05:15:25'),(22,'Tiara','Jerde','xhilll@example.com','2017-11-15 01:04:32','2021-05-01 05:15:25'),(23,'Tamia','Herzog','fbogan@example.com','2015-06-05 13:13:33','2016-07-12 20:18:00'),(24,'Mortimer','Kirlin','wintheiser.jettie@example.com','2020-01-15 21:06:03','2021-05-01 05:15:25'),(25,'Eda','Murazik','alyson.schmeler@example.com','2017-11-14 21:12:22','2021-05-01 05:15:25'),(26,'Kristy','Watsica','craig.volkman@example.com','2014-09-17 16:14:10','2021-05-01 05:15:25'),(27,'Ahmad','Marvin','lesch.nicolette@example.com','2020-07-18 17:10:09','2021-05-01 05:15:25'),(28,'Issac','Mayer','barton62@example.com','2017-06-27 10:21:02','2021-05-01 05:15:25'),(29,'Cicero','Heller','favian.bauch@example.com','2012-09-17 15:00:58','2017-01-17 19:20:41'),(30,'Rosalinda','Murphy','kirk69@example.org','2018-05-01 05:52:52','2021-05-01 05:15:25'),(31,'Cynthia','Leannon','minnie69@example.com','2014-04-19 06:37:43','2016-12-18 02:47:48'),(32,'Miller','D\'Amore','marvin.cortney@example.org','2015-03-28 14:24:06','2016-02-23 15:48:37'),(33,'Emma','Hoppe','sebastian89@example.org','2013-01-18 13:30:40','2015-08-25 06:21:15'),(34,'Maude','Morar','trunte@example.com','2018-01-24 04:46:47','2021-05-01 05:15:25'),(35,'Heber','Morissette','erin89@example.net','2018-07-07 11:34:12','2021-05-01 05:15:25'),(36,'Calista','Stiedemann','carlotta77@example.com','2012-03-15 22:20:09','2012-05-27 11:34:34'),(37,'Giovanni','Thompson','kautzer.hilario@example.org','2020-12-28 16:53:25','2021-05-01 05:15:25'),(38,'Adrien','Huels','verdie41@example.org','2016-09-10 17:10:57','2017-07-04 02:04:08'),(39,'Shyanne','Parker','conn.kirstin@example.com','2019-01-18 17:48:50','2019-07-23 06:00:40'),(40,'Gerald','Beatty','bertrand.kunde@example.com','2013-08-09 15:29:03','2020-09-28 17:43:10'),(41,'Terrill','Lynch','reagan68@example.net','2013-06-11 18:16:16','2021-05-01 05:15:25'),(42,'Olaf','Tromp','lavern59@example.net','2020-09-03 06:39:17','2021-05-01 05:15:25'),(43,'Jeremie','Jast','schultz.anissa@example.net','2019-03-05 05:37:34','2021-05-01 05:15:25'),(44,'Lizeth','Hoppe','llewellyn32@example.org','2013-02-08 20:04:51','2017-09-28 14:39:17'),(45,'Margaretta','Crist','mortimer.harvey@example.com','2013-12-20 00:40:22','2014-10-05 00:04:24'),(46,'Bradford','Botsford','wfahey@example.com','2021-04-27 02:54:15','2021-05-01 05:15:25'),(47,'Elyssa','Gorczany','dusty.pagac@example.org','2020-09-25 11:28:49','2021-05-01 05:15:25'),(48,'Solon','Bartell','lenna.zulauf@example.org','2012-10-23 15:36:48','2021-05-01 05:15:25'),(49,'Moises','DuBuque','greenholt.earlene@example.com','2015-10-12 09:02:32','2017-03-13 02:34:32'),(50,'Jean','Kuhn','snitzsche@example.org','2016-06-24 02:25:19','2020-06-08 17:23:07'),(51,'Nora','Beer','cremin.dolly@example.net','2015-10-20 18:58:54','2016-03-17 03:19:49'),(52,'Santos','Wisozk','watsica.joanne@example.net','2014-10-13 07:13:38','2021-05-01 05:15:25'),(53,'Beatrice','Nader','lina.stehr@example.org','2016-12-19 23:56:12','2021-05-01 05:15:25'),(54,'Joana','Schinner','sienna16@example.com','2015-07-03 16:01:29','2021-05-01 05:15:25'),(55,'Agustin','Johns','vinnie.kozey@example.org','2014-02-28 02:19:27','2019-09-27 18:55:08'),(56,'Sheldon','Reynolds','tvandervort@example.com','2012-01-19 22:15:53','2018-05-19 16:37:16'),(57,'Stanley','Hintz','darius96@example.com','2018-01-02 23:55:32','2020-04-08 21:34:45'),(58,'Maximus','Kessler','fgerlach@example.com','2018-04-28 01:48:34','2021-05-01 05:15:25'),(59,'Laurie','Lind','daren.schaefer@example.org','2017-04-20 20:03:59','2021-05-01 05:15:25'),(60,'Lillie','Zieme','ejakubowski@example.org','2011-12-04 07:46:09','2019-06-11 07:41:16'),(61,'Caleigh','Wilkinson','hansen.princess@example.com','2012-08-24 15:17:36','2013-10-25 13:12:49'),(62,'Dakota','Dare','stoltenberg.eddie@example.com','2012-07-03 12:01:07','2021-05-01 05:15:25'),(63,'Dominic','Schultz','fraynor@example.net','2018-08-05 20:21:04','2021-05-01 05:15:25'),(64,'Arden','Stark','fjerde@example.org','2019-03-26 06:06:12','2021-05-01 05:15:25'),(65,'Lera','Nicolas','rickey61@example.org','2014-02-20 04:42:56','2021-05-01 05:15:25'),(66,'Hellen','Eichmann','wdaniel@example.org','2021-03-13 14:48:49','2021-05-01 05:15:25'),(67,'Keegan','O\'Connell','justice25@example.net','2021-03-19 05:40:22','2021-05-01 05:15:25'),(68,'Dorian','Lowe','stoltenberg.brenda@example.net','2013-11-10 05:03:35','2019-08-21 01:37:05'),(69,'Tad','Torphy','veum.tracy@example.com','2021-02-17 07:18:19','2021-05-01 05:15:25'),(70,'Alice','Lebsack','mona.schulist@example.net','2013-04-17 07:02:36','2013-09-10 05:57:39'),(71,'Jaydon','Schneider','ysanford@example.org','2017-01-18 05:09:14','2021-05-01 05:15:25'),(72,'Frederik','Tillman','vhahn@example.net','2013-02-26 00:59:01','2014-10-03 15:00:29'),(73,'Rudy','Dare','hbosco@example.net','2018-07-11 08:49:28','2021-05-01 05:15:25'),(74,'Eldred','Adams','pfeffer.leopold@example.com','2017-03-31 02:20:11','2020-06-12 05:49:24'),(75,'King','Moore','pete91@example.org','2012-12-23 22:56:15','2013-06-02 08:00:22'),(76,'Jules','McLaughlin','bode.lysanne@example.com','2018-10-25 12:58:15','2021-05-01 05:15:25'),(77,'Kavon','Torp','jleuschke@example.org','2016-01-07 23:39:51','2018-04-26 21:16:38'),(78,'Paula','Kilback','lenna.kiehn@example.org','2016-06-20 20:33:09','2021-05-01 05:15:25'),(79,'Hayden','Satterfield','anita.flatley@example.com','2012-04-08 23:13:41','2012-05-03 17:47:42'),(80,'Rick','Veum','mckayla.runte@example.com','2016-10-02 07:44:43','2021-05-01 05:15:25'),(81,'Trevor','Gaylord','dion.skiles@example.com','2016-12-17 00:15:01','2021-05-01 05:15:25'),(82,'Isabell','Shields','jamaal.stroman@example.net','2015-10-18 01:26:31','2018-01-01 03:10:58'),(83,'Jamaal','Bailey','kaitlin41@example.com','2011-07-08 11:12:38','2020-02-07 03:15:39'),(84,'Devonte','Murphy','zboncak.cade@example.org','2019-11-15 00:28:53','2020-04-27 19:00:06'),(85,'Rowan','O\'Kon','chelsey48@example.com','2012-11-16 18:40:32','2021-05-01 05:15:25'),(86,'Lempi','Reilly','fheathcote@example.net','2018-04-03 21:29:25','2021-05-01 05:15:25'),(87,'Dan','Abernathy','bart27@example.net','2016-11-22 20:05:24','2021-05-01 05:15:25'),(88,'Claudine','Parisian','tony.grimes@example.com','2020-11-19 17:00:19','2021-05-01 05:15:25'),(89,'Jamal','Medhurst','batz.meagan@example.org','2021-02-02 13:36:03','2021-05-01 05:15:25'),(90,'Lauryn','Welch','salvatore70@example.com','2016-02-04 20:37:55','2021-05-01 05:15:25'),(91,'Eusebio','Grimes','medhurst.savanna@example.com','2014-08-24 03:04:00','2021-05-01 05:15:25'),(92,'Gino','Ernser','camylle21@example.com','2016-05-30 22:02:29','2021-05-01 05:15:25'),(93,'Augusta','Nitzsche','roxane95@example.org','2020-08-30 07:30:04','2021-05-01 05:15:25'),(94,'Rhianna','Lesch','jewel.champlin@example.com','2012-10-09 23:05:47','2017-08-08 14:14:18'),(95,'Nigel','Gottlieb','noah.schinner@example.org','2014-04-12 09:00:10','2019-05-17 09:34:44'),(96,'Ferne','West','kurt90@example.org','2021-02-21 12:52:53','2021-05-01 05:15:25'),(97,'Allan','Jakubowski','lhermiston@example.net','2015-01-01 16:19:50','2015-08-03 17:18:44'),(98,'Destiney','Aufderhar','krystel.bergstrom@example.org','2014-09-23 23:31:21','2021-05-01 05:15:25'),(99,'Immanuel','Dickinson','gibson.dangelo@example.net','2019-12-07 19:23:13','2021-05-01 05:15:25'),(100,'Ashlee','Stehr','adolf94@example.net','2016-11-17 02:24:42','2018-04-10 05:15:40');
/*!40000 ALTER TABLE `users` ENABLE KEYS */;
UNLOCK TABLES;

--
-- Table structure for table `users_profiles`
--

DROP TABLE IF EXISTS `users_profiles`;
/*!40101 SET @saved_cs_client     = @@character_set_client */;
/*!50503 SET character_set_client = utf8mb4 */;
CREATE TABLE `users_profiles` (
  `user_id` int unsigned NOT NULL COMMENT 'Ссылка на пользователя',
  `gender` char(1) CHARACTER SET utf8mb4 COLLATE utf8mb4_unicode_ci NOT NULL COMMENT 'Пол',
  `birthday` date DEFAULT NULL COMMENT 'Дата рождения',
  `city` varchar(130) CHARACTER SET utf8mb4 COLLATE utf8mb4_unicode_ci DEFAULT NULL COMMENT 'Город проживания',
  `country` varchar(130) CHARACTER SET utf8mb4 COLLATE utf8mb4_unicode_ci DEFAULT NULL COMMENT 'Страна проживания',
  `last_login` datetime DEFAULT NULL COMMENT 'Последний вход в систему',
  `created_at` datetime DEFAULT CURRENT_TIMESTAMP COMMENT 'Время создания строки',
  `updated_at` datetime DEFAULT CURRENT_TIMESTAMP ON UPDATE CURRENT_TIMESTAMP COMMENT 'Время обновления строки',
  PRIMARY KEY (`user_id`),
  CONSTRAINT `users_profiles_user_id_fk` FOREIGN KEY (`user_id`) REFERENCES `users` (`id`) ON DELETE CASCADE
) ENGINE=InnoDB DEFAULT CHARSET=utf8mb4 COLLATE=utf8mb4_unicode_ci COMMENT='Профили пользователей';
/*!40101 SET character_set_client = @saved_cs_client */;

--
-- Dumping data for table `users_profiles`
--

LOCK TABLES `users_profiles` WRITE;
/*!40000 ALTER TABLE `users_profiles` DISABLE KEYS */;
INSERT INTO `users_profiles` VALUES (1,'f','1988-12-18','Estevanberg','Zambia','2021-05-01 05:18:30','2013-03-04 04:56:51','2021-05-01 05:18:30'),(2,'m','1980-11-16','West Dewittberg','Namibia','2021-05-01 05:18:30','2014-11-29 20:36:28','2021-05-01 05:18:30'),(3,'m','1993-03-21','West Luciennehaven','Bahrain','2021-05-01 05:18:30','2011-09-29 09:00:23','2021-05-01 05:18:30'),(4,'f','2004-01-11','West Elias','Aruba','2021-05-01 05:18:30','2021-01-17 19:55:13','2021-05-01 05:18:30'),(5,'f','2010-06-08','Lake Karliside','Rwanda','2018-05-15 12:22:12','2012-12-11 19:15:51','2018-04-20 01:12:58'),(6,'f','1978-09-01','Lake Jonathanfurt','Bangladesh','2021-05-01 05:18:30','2011-08-25 01:56:14','2021-05-01 05:18:30'),(7,'f','1995-06-10','Benniestad','Kuwait','2020-10-25 21:34:03','2015-11-05 21:41:23','2016-03-10 16:42:52'),(8,'m','2006-09-25','Jeremyberg','Lao People\'s Democratic Republic','2021-05-01 05:18:30','2015-01-02 00:27:00','2021-05-01 05:18:30'),(9,'f','2017-02-16','Merleborough','French Southern Territories','2021-05-01 05:18:30','2016-02-04 00:04:26','2021-05-01 05:18:30'),(10,'m','1970-04-04','Lake Elissa','Iraq','2014-10-04 14:16:18','2011-12-03 06:49:43','2012-08-14 16:35:10'),(11,'f','1987-03-08','Nikitaland','Costa Rica','2021-05-01 05:18:30','2013-12-03 16:04:33','2021-05-01 05:18:30'),(12,'m','1980-02-13','North Andre','Bosnia and Herzegovina','2021-05-01 05:18:30','2019-05-22 02:10:30','2021-05-01 05:18:30'),(13,'m','2013-04-10','East Susannabury','Costa Rica','2021-05-01 05:18:30','2020-07-15 06:45:41','2021-05-01 05:18:30'),(14,'f','2001-03-06','East Jedidiahborough','Cocos (Keeling) Islands','2021-05-01 05:18:30','2011-11-14 23:35:14','2021-05-01 05:18:30'),(15,'f','2008-01-10','New Johan','Togo','2021-05-01 05:18:30','2016-05-10 07:04:51','2021-05-01 05:18:30'),(16,'f','1978-02-18','West Jewell','Syrian Arab Republic','2021-05-01 05:18:30','2017-05-25 16:11:59','2021-05-01 05:18:30'),(17,'f','1977-09-19','Blandahaven','Romania','2021-05-01 05:18:30','2013-03-10 16:38:07','2021-05-01 05:18:30'),(18,'f','1998-07-31','Lueilwitztown','Western Sahara','2021-05-01 05:18:30','2019-12-09 01:27:48','2021-05-01 05:18:30'),(19,'f','2018-03-10','Huelfurt','Hong Kong','2021-05-01 05:18:30','2011-12-04 18:43:09','2021-05-01 05:18:30'),(20,'f','2000-08-15','West Cristian','New Caledonia','2021-05-01 05:18:30','2020-08-02 09:49:40','2021-05-01 05:18:30'),(21,'f','1982-08-29','Port Mohammadfort','Georgia','2016-03-12 15:52:13','2013-01-16 13:55:00','2015-07-04 03:06:31'),(22,'m','1975-10-11','Blockshire','Suriname','2021-05-01 05:18:30','2016-05-21 08:20:31','2021-05-01 05:18:30'),(23,'f','2003-08-26','Lake Aisha','Svalbard & Jan Mayen Islands','2021-05-01 05:18:30','2011-10-27 09:45:42','2021-05-01 05:18:30'),(24,'f','1984-03-18','South Darien','Norway','2021-05-01 05:18:30','2015-11-06 12:22:49','2021-05-01 05:18:30'),(25,'f','2013-03-21','Lefflerport','Albania','2020-04-07 00:23:04','2013-03-02 20:27:21','2014-04-19 14:44:54'),(26,'m','2006-05-18','North Missouri','Wallis and Futuna','2021-05-01 05:18:30','2016-06-14 17:11:24','2021-05-01 05:18:30'),(27,'m','2002-06-20','New Katrinestad','Lebanon','2021-05-01 05:18:30','2012-10-04 12:42:16','2021-05-01 05:18:30'),(28,'m','1974-03-28','Port Armandstad','Martinique','2017-06-14 10:04:21','2015-01-20 00:00:07','2016-03-16 17:57:07'),(29,'f','2019-09-22','Kilbackshire','Sudan','2018-01-02 18:03:14','2014-07-04 19:48:42','2014-09-04 10:25:37'),(30,'m','1971-08-01','Nealstad','Lithuania','2018-08-09 15:33:04','2014-09-27 23:08:05','2015-08-27 05:36:15'),(31,'f','2020-06-29','Rowebury','Faroe Islands','2021-05-01 05:18:30','2013-10-02 06:25:36','2021-05-01 05:18:30'),(32,'m','2003-10-03','Port Toneyville','Lesotho','2021-05-01 05:18:30','2018-03-24 04:47:46','2021-05-01 05:18:30'),(33,'f','2007-11-09','Johnsstad','Vanuatu','2021-05-01 05:18:30','2021-01-16 12:14:38','2021-05-01 05:18:30'),(34,'f','2001-11-12','New Bessie','Thailand','2021-05-01 05:18:30','2020-11-24 18:54:55','2021-05-01 05:18:30'),(35,'m','1972-03-16','Maximilianbury','Puerto Rico','2021-05-01 05:18:30','2019-07-11 06:51:22','2021-05-01 05:18:30'),(36,'m','2014-12-20','Stiedemannstad','Chile','2021-05-01 05:18:30','2011-05-23 00:45:40','2021-05-01 05:18:30'),(37,'m','1984-02-26','Ortizport','Vanuatu','2021-05-01 05:18:30','2013-08-23 14:47:18','2021-05-01 05:18:30'),(38,'m','1999-08-21','Kuvalisstad','Sweden','2020-05-21 02:25:21','2014-07-03 08:54:30','2015-02-21 08:37:25'),(39,'m','2020-07-15','West Joshuah','Ethiopia','2021-05-01 05:18:30','2021-04-20 23:58:02','2021-05-01 05:18:30'),(40,'f','2006-12-15','Lake Cielomouth','Cape Verde','2021-05-01 05:18:30','2019-04-05 23:37:24','2021-05-01 05:18:30'),(41,'m','2017-05-21','Davisbury','Mayotte','2021-05-01 05:18:30','2015-06-22 14:36:04','2021-05-01 05:18:30'),(42,'m','2010-03-09','Nedview','Hungary','2020-05-24 06:02:55','2015-11-08 04:51:13','2019-04-20 14:23:04'),(43,'f','1989-02-01','Schowaltershire','French Guiana','2021-05-01 05:18:30','2011-05-28 18:21:07','2021-05-01 05:18:30'),(44,'m','1986-09-28','Hammeschester','Fiji','2021-05-01 05:18:30','2017-04-01 20:31:22','2021-05-01 05:18:30'),(45,'m','2002-04-24','Walkerfort','Comoros','2017-10-10 09:27:15','2015-05-25 06:04:08','2016-03-16 23:20:07'),(46,'f','2016-11-26','East Alex','Sweden','2021-05-01 05:18:30','2017-05-07 14:37:51','2021-05-01 05:18:30'),(47,'m','1994-12-07','McGlynnmouth','Uruguay','2021-05-01 05:18:30','2018-01-25 16:32:08','2021-05-01 05:18:30'),(48,'m','2007-10-04','East Thereseborough','Pitcairn Islands','2021-05-01 05:18:30','2013-11-21 22:30:52','2021-05-01 05:18:30'),(49,'m','2016-06-24','Jamirfurt','Andorra','2021-05-01 05:18:30','2018-06-04 05:52:08','2021-05-01 05:18:30'),(50,'m','2018-07-27','Carmelaburgh','Mexico','2019-02-25 14:09:46','2011-09-11 07:22:05','2018-10-15 11:47:56'),(51,'f','1979-12-04','South Madieside','Lao People\'s Democratic Republic','2018-11-29 03:57:21','2014-03-01 17:56:03','2015-02-14 20:19:59'),(52,'m','1982-07-26','Alexisville','Iraq','2021-05-01 05:18:30','2012-09-03 07:29:21','2021-05-01 05:18:30'),(53,'f','2001-04-27','Nicolasfurt','Somalia','2021-05-01 05:18:30','2013-12-06 14:10:30','2021-05-01 05:18:30'),(54,'f','2012-01-20','Port Arthurshire','Cameroon','2019-01-09 01:15:24','2013-10-05 08:01:23','2015-05-30 17:42:43'),(55,'m','2014-08-30','North Rheafurt','French Polynesia','2021-05-01 05:18:30','2013-05-24 16:05:57','2021-05-01 05:18:30'),(56,'f','1988-01-25','Rosiefurt','Montserrat','2021-05-01 05:18:30','2017-01-09 09:57:08','2021-05-01 05:18:30'),(57,'m','2010-06-27','Port Immanuel','Chad','2021-05-01 05:18:30','2018-08-28 02:16:50','2021-05-01 05:18:30'),(58,'f','2006-02-19','North Felipeton','Djibouti','2021-05-01 05:18:30','2016-09-11 08:58:33','2021-05-01 05:18:30'),(59,'m','2009-06-17','New Abbigailshire','Liechtenstein','2021-05-01 05:18:30','2012-02-02 05:48:19','2021-05-01 05:18:30'),(60,'f','1986-04-02','Kulasfort','Reunion','2021-05-01 05:18:30','2017-06-27 05:31:03','2021-05-01 05:18:30'),(61,'m','2010-07-26','East Mertie','Switzerland','2017-12-02 17:11:29','2012-07-04 23:28:44','2015-03-08 09:36:44'),(62,'m','1993-01-08','South Maxineville','Venezuela','2021-05-01 05:18:30','2019-12-21 09:59:17','2021-05-01 05:18:30'),(63,'f','2006-06-19','Giuseppetown','Singapore','2021-05-01 05:18:30','2020-02-01 05:50:01','2021-05-01 05:18:30'),(64,'f','1989-08-11','North Gracielaport','Guam','2021-05-01 05:18:30','2015-03-08 18:15:15','2021-05-01 05:18:30'),(65,'f','2003-07-14','Port Eulalia','Hungary','2021-05-01 05:18:30','2017-04-22 07:32:07','2021-05-01 05:18:30'),(66,'m','1995-01-27','North Electa','Greenland','2018-03-01 11:10:19','2011-08-31 00:44:52','2011-12-30 00:44:00'),(67,'f','2021-04-18','Effertzside','Australia','2021-05-01 05:18:30','2015-10-07 17:41:48','2021-05-01 05:18:30'),(68,'m','1987-03-14','Wolfchester','Solomon Islands','2021-05-01 05:18:30','2012-08-08 03:07:56','2021-05-01 05:18:30'),(69,'m','1978-11-25','Denesikmouth','British Virgin Islands','2021-05-01 05:18:30','2019-10-29 20:51:51','2021-05-01 05:18:30'),(70,'m','2013-01-23','West Ashaburgh','Qatar','2021-05-01 05:18:30','2020-08-13 04:57:56','2021-05-01 05:18:30'),(71,'f','1998-07-07','Faybury','Algeria','2021-05-01 05:18:30','2012-10-03 19:10:35','2021-05-01 05:18:30'),(72,'m','2015-08-21','Goldnerfort','Djibouti','2020-04-04 23:03:16','2011-10-15 01:53:13','2013-10-31 03:47:22'),(73,'m','1982-07-01','Port Eudora','United States Minor Outlying Islands','2021-05-01 05:18:30','2019-12-28 05:47:27','2021-05-01 05:18:30'),(74,'f','1987-12-10','New Peytonfurt','Namibia','2021-05-01 05:18:30','2015-07-10 20:59:58','2021-05-01 05:18:30'),(75,'f','2004-12-13','Port Virgilton','Tonga','2021-05-01 05:18:30','2012-04-08 00:29:21','2021-05-01 05:18:30'),(76,'m','1997-01-10','East Julie','Aruba','2021-05-01 05:18:30','2020-10-08 08:21:23','2021-05-01 05:18:30'),(77,'m','2017-03-10','East Sydneyland','Ecuador','2021-05-01 05:18:30','2018-02-18 14:18:36','2021-05-01 05:18:30'),(78,'f','1983-04-29','New Brendaview','Senegal','2021-05-01 05:18:30','2011-06-17 12:06:23','2021-05-01 05:18:30'),(79,'f','1992-08-02','West Zeldabury','Saint Kitts and Nevis','2021-05-01 05:18:30','2016-06-01 18:30:59','2021-05-01 05:18:30'),(80,'f','2004-04-12','Gusikowskitown','Mali','2021-05-01 05:18:30','2018-03-29 14:31:11','2021-05-01 05:18:30'),(81,'m','1991-02-21','Harmonyton','Saint Martin','2019-06-19 15:57:15','2011-09-04 20:09:41','2016-07-16 20:16:00'),(82,'f','1987-09-11','Harveyport','Vietnam','2021-05-01 05:18:30','2017-05-31 16:03:58','2021-05-01 05:18:30'),(83,'m','1981-11-26','Creminton','Mauritania','2021-05-01 05:18:30','2014-09-04 11:41:14','2021-05-01 05:18:30'),(84,'f','2015-07-25','East Adela','Sweden','2021-05-01 05:18:30','2017-01-02 11:57:59','2021-05-01 05:18:30'),(85,'f','1991-12-09','West Thalia','Monaco','2021-05-01 05:18:30','2012-11-05 05:51:56','2021-05-01 05:18:30'),(86,'f','1972-12-16','Nathanielmouth','Syrian Arab Republic','2021-05-01 05:18:30','2019-05-31 17:49:21','2021-05-01 05:18:30'),(87,'f','2005-06-30','West Alfonzo','Ukraine','2021-05-01 05:18:30','2017-12-20 14:28:13','2021-05-01 05:18:30'),(88,'m','1975-03-21','Colemanfort','Nigeria','2018-12-12 07:07:40','2018-01-18 13:58:01','2018-08-19 15:05:27'),(89,'m','1998-05-21','Lake Fausto','Svalbard & Jan Mayen Islands','2021-05-01 05:18:30','2011-10-27 23:32:52','2021-05-01 05:18:30'),(90,'m','1979-09-12','South Newtonshire','Puerto Rico','2021-05-01 05:18:30','2013-02-10 13:30:35','2021-05-01 05:18:30'),(91,'f','1985-03-04','Spinkaside','Liberia','2021-05-01 05:18:30','2018-07-31 18:53:16','2021-05-01 05:18:30'),(92,'f','2008-03-07','North Cordie','Liberia','2021-05-01 05:18:30','2017-01-03 09:53:25','2021-05-01 05:18:30'),(93,'f','1974-01-11','East Hayleeside','Nepal','2021-05-01 05:18:30','2011-09-28 22:36:09','2021-05-01 05:18:30'),(94,'f','1993-03-03','Barrowshaven','Libyan Arab Jamahiriya','2021-05-01 05:18:30','2019-11-29 01:46:03','2021-05-01 05:18:30'),(95,'m','2014-09-21','Annabellemouth','Marshall Islands','2021-05-01 05:18:30','2015-10-28 23:05:54','2021-05-01 05:18:30'),(96,'m','1974-08-02','Amayaview','Nepal','2021-05-01 05:18:30','2011-05-12 01:08:33','2021-05-01 05:18:30'),(97,'f','1984-04-02','Keelyberg','Anguilla','2016-05-17 03:52:54','2014-08-08 17:26:22','2014-09-09 08:29:29'),(98,'f','1981-08-08','Port Brady','Faroe Islands','2021-05-01 05:18:30','2017-12-23 01:15:02','2021-05-01 05:18:30'),(99,'f','2004-12-10','West Daishaborough','Faroe Islands','2017-10-30 08:18:54','2012-03-14 00:31:21','2014-01-31 12:48:24'),(100,'f','2019-06-26','West Josue','Netherlands','2021-05-01 05:18:30','2020-10-17 18:06:30','2021-05-01 05:18:30');
/*!40000 ALTER TABLE `users_profiles` ENABLE KEYS */;
UNLOCK TABLES;
/*!40103 SET TIME_ZONE=@OLD_TIME_ZONE */;

/*!40101 SET SQL_MODE=@OLD_SQL_MODE */;
/*!40014 SET FOREIGN_KEY_CHECKS=@OLD_FOREIGN_KEY_CHECKS */;
/*!40014 SET UNIQUE_CHECKS=@OLD_UNIQUE_CHECKS */;
/*!40101 SET CHARACTER_SET_CLIENT=@OLD_CHARACTER_SET_CLIENT */;
/*!40101 SET CHARACTER_SET_RESULTS=@OLD_CHARACTER_SET_RESULTS */;
/*!40101 SET COLLATION_CONNECTION=@OLD_COLLATION_CONNECTION */;
/*!40111 SET SQL_NOTES=@OLD_SQL_NOTES */;

-- Dump completed on 2021-05-01 19:49:02
